Track,TestCase,Matcher,Label Left,Comment Left,Type Left,URI Left,Relation,Confidence (Matcher),URI Right,Label Right,Comment Right,Type Right,Residual True Positive,Evaluation Result
dh,pactols-parthenos,logmap-lite-2026.tar.gz,[],[],"[""skos:Concept""]",https://ark.frantiq.fr/ark:/26678/pcrtxKnfzXYMxK,=,0.0,https://isl.ics.forth.gr/parthenos_vocabularies/Concept/32324,[],[],"[""skos:Concept""]",true,false negative
dh,pactols-parthenos,logmap-lite-2026.tar.gz,[],[],"[""skos:Concept""]",https://ark.frantiq.fr/ark:/26678/pcrtfUWF9GVr4q,=,0.0,https://isl.ics.forth.gr/parthenos_vocabularies/Concept/32290,[],[],"[""skos:Concept""]",true,false negative
dh,pactols-parthenos,logmap-lite-2026.tar.gz,[],[],"[""skos:Concept""]",https://ark.frantiq.fr/ark:/26678/pcrtVhTRix41ic,=,0.0,https://isl.ics.forth.gr/parthenos_vocabularies/Concept/32286,[],[],"[""skos:Concept""]",true,false negative
dh,pactols-parthenos,logmap-lite-2026.tar.gz,[],[],"[""skos:Concept""]",https://ark.frantiq.fr/ark:/26678/pcrt9PJh9aTXv4,=,0.0,https://isl.ics.forth.gr/parthenos_vocabularies/Concept/32349,[],[],"[""skos:Concept""]",true,false negative
dh,pactols-parthenos,logmap-lite-2026.tar.gz,[],[],"[""skos:Concept""]",https://ark.frantiq.fr/ark:/26678/pcrtx4sFxmENjb,=,0.0,https://isl.ics.forth.gr/parthenos_vocabularies/Concept/32867,[],[],"[""skos:Concept""]",true,false negative
dh,pactols-parthenos,logmap-lite-2026.tar.gz,[],[],"[""skos:Concept""]",https://ark.frantiq.fr/ark:/26678/pcrtAqKgmvERHQ,=,0.0,https://isl.ics.forth.gr/parthenos_vocabularies/Concept/32641,[],[],"[""skos:Concept""]",true,false negative
dh,pactols-parthenos,logmap-lite-2026.tar.gz,[],[],"[""skos:Concept""]",https://ark.frantiq.fr/ark:/26678/pcrtF9P4mbuyGk,=,0.0,https://isl.ics.forth.gr/parthenos_vocabularies/Concept/32655,[],[],"[""skos:Concept""]",true,false negative
dh,pactols-parthenos,logmap-lite-2026.tar.gz,[],[],"[""skos:Concept""]",https://ark.frantiq.fr/ark:/26678/pcrtHIjtOg1P75,=,0.0,https://isl.ics.forth.gr/parthenos_vocabularies/Concept/32228,[],[],"[""skos:Concept""]",true,false negative
dh,pactols-parthenos,logmap-lite-2026.tar.gz,[],[],"[""skos:Concept""]",https://ark.frantiq.fr/ark:/26678/pcrtkeLpJpVN4t,=,0.0,https://isl.ics.forth.gr/parthenos_vocabularies/Concept/32490,[],[],"[""skos:Concept""]",true,false negative
dh,pactols-parthenos,logmap-lite-2026.tar.gz,[],[],[],http://www.w3.org/2004/02/skos/core#ConceptScheme,=,1.0,http://www.w3.org/2004/02/skos/core#ConceptScheme,[],[],[],false,false positive
dh,pactols-parthenos,logmap-lite-2026.tar.gz,[],[],"[""skos:Concept""]",https://ark.frantiq.fr/ark:/26678/pcrtXGgQa70ZVU,=,0.0,https://isl.ics.forth.gr/parthenos_vocabularies/Concept/32971,[],[],"[""skos:Concept""]",true,false negative
dh,pactols-parthenos,logmap-lite-2026.tar.gz,"[""Concept""]",[],"[""owl:Class""]",http://www.w3.org/2004/02/skos/core#Concept,=,1.0,http://www.w3.org/2004/02/skos/core#Concept,"[""Concept""]",[],"[""owl:Class""]",false,false positive
dh,pactols-parthenos,logmap-lite-2026.tar.gz,[],[],"[""skos:Concept""]",https://ark.frantiq.fr/ark:/26678/crtdVpqD9Y6ym,=,0.0,https://isl.ics.forth.gr/parthenos_vocabularies/Concept/32318,[],[],"[""skos:Concept""]",true,false negative
dh,pactols-parthenos,logmap-lite-2026.tar.gz,[],[],"[""skos:Concept""]",https://ark.frantiq.fr/ark:/26678/pcrts62Z2hl4ux,=,0.0,https://isl.ics.forth.gr/parthenos_vocabularies/Concept/32910,[],[],"[""skos:Concept""]",true,false negative
dh,idai-pactols,logmap-lite-2026.tar.gz,[],[],"[""skos:Concept""]",http://thesauri.dainst.org/_68e1bd31,=,0.0,https://ark.frantiq.fr/ark:/26678/pcrt1FD59O4eTz,[],[],"[""skos:Concept""]",true,false negative
dh,idai-pactols,logmap-lite-2026.tar.gz,[],[],"[""skos:Concept""]",http://thesauri.dainst.org/_c40b4a1d,=,0.0,https://ark.frantiq.fr/ark:/26678/pcrtrMvNrtSOHs,[],[],"[""skos:Concept""]",true,false negative
dh,idai-pactols,logmap-lite-2026.tar.gz,[],[],"[""skos:Concept""]",http://thesauri.dainst.org/_af2f2dad,=,0.0,https://ark.frantiq.fr/ark:/26678/pcrtVgXu5JJGUg,[],[],"[""skos:Concept""]",true,false negative
dh,idai-pactols,logmap-lite-2026.tar.gz,[],[],"[""skos:Concept""]",http://thesauri.dainst.org/_1adf0150,=,0.0,https://ark.frantiq.fr/ark:/26678/pcrtpbgzj4c0da,[],[],"[""skos:Concept""]",true,false negative
dh,idai-pactols,logmap-lite-2026.tar.gz,[],[],"[""skos:Concept""]",http://thesauri.dainst.org/_dafb0ad8,=,0.0,https://ark.frantiq.fr/ark:/26678/pcrtfOjLfceAZ0,[],[],"[""skos:Concept""]",true,false negative
dh,idai-pactols,logmap-lite-2026.tar.gz,[],[],"[""skos:Concept""]",http://thesauri.dainst.org/_49462e56,=,0.0,https://ark.frantiq.fr/ark:/26678/pcrtVmQTWhdSkJ,[],[],"[""skos:Concept""]",true,false negative
dh,idai-pactols,logmap-lite-2026.tar.gz,[],[],"[""skos:Concept""]",http://thesauri.dainst.org/_bd4d65a8,=,0.0,https://ark.frantiq.fr/ark:/26678/pcrtgWbicZTgZe,[],[],"[""skos:Concept""]",true,false negative
dh,idai-pactols,logmap-lite-2026.tar.gz,[],[],"[""skos:Concept""]",http://thesauri.dainst.org/_49517e78,=,0.0,https://ark.frantiq.fr/ark:/26678/pcrt36pke8yWxW,[],[],"[""skos:Concept""]",true,false negative
dh,idai-pactols,logmap-lite-2026.tar.gz,[],[],"[""skos:Concept""]",http://thesauri.dainst.org/_4688b7a6,=,0.0,https://ark.frantiq.fr/ark:/26678/pcrtF9P4mbuyGk,[],[],"[""skos:Concept""]",true,false negative
dh,idai-pactols,logmap-lite-2026.tar.gz,[],[],[],http://www.w3.org/2004/02/skos/core#ConceptScheme,=,1.0,http://www.w3.org/2004/02/skos/core#ConceptScheme,[],[],[],false,false positive
dh,idai-pactols,logmap-lite-2026.tar.gz,[],[],"[""skos:Concept""]",http://thesauri.dainst.org/_a9e10cab,=,0.0,https://ark.frantiq.fr/ark:/26678/pcrtp5Wcpmp9I3,[],[],"[""skos:Concept""]",true,false negative
dh,idai-pactols,logmap-lite-2026.tar.gz,[],[],"[""skos:Concept""]",http://thesauri.dainst.org/_d321ff61,=,0.0,https://ark.frantiq.fr/ark:/26678/pcrtgWbicZTgZe,[],[],"[""skos:Concept""]",true,false negative
dh,idai-pactols,logmap-lite-2026.tar.gz,[],[],"[""skos:Concept""]",http://thesauri.dainst.org/_3ec72d64,=,0.0,https://ark.frantiq.fr/ark:/26678/pcrt7UXeYrS8Nb,[],[],"[""skos:Concept""]",true,false negative
dh,idai-pactols,logmap-lite-2026.tar.gz,"[""Concept""]",[],"[""owl:Class""]",http://www.w3.org/2004/02/skos/core#Concept,=,1.0,http://www.w3.org/2004/02/skos/core#Concept,"[""Concept""]",[],"[""owl:Class""]",false,false positive
dh,idai-pactols,logmap-lite-2026.tar.gz,[],[],"[""skos:Concept""]",http://thesauri.dainst.org/_f09b41b4,=,0.0,https://ark.frantiq.fr/ark:/26678/pcrt0Krn6QJlhU,[],[],"[""skos:Concept""]",true,false negative
dh,idai-pactols,logmap-lite-2026.tar.gz,[],[],"[""skos:Concept""]",http://thesauri.dainst.org/_2c06eae5,=,0.0,https://ark.frantiq.fr/ark:/26678/pcrtJUwAaZ7Nz9,[],[],"[""skos:Concept""]",true,false negative
dh,idai-pactols,logmap-lite-2026.tar.gz,[],[],"[""skos:Concept""]",http://thesauri.dainst.org/_d3b9f438,=,0.0,https://ark.frantiq.fr/ark:/26678/pcrtKZYwYOkWlK,[],[],"[""skos:Concept""]",true,false negative
dh,idai-pactols,logmap-lite-2026.tar.gz,[],[],"[""skos:Concept""]",http://thesauri.dainst.org/_8b38cf01,=,0.0,https://ark.frantiq.fr/ark:/26678/pcrt0Krn6QJlhU,[],[],"[""skos:Concept""]",true,false negative
dh,idai-pactols,logmap-lite-2026.tar.gz,[],[],"[""skos:Concept""]",http://thesauri.dainst.org/_b02158bd,=,0.0,https://ark.frantiq.fr/ark:/26678/pcrtJUwAaZ7Nz9,[],[],"[""skos:Concept""]",true,false negative
dh,tadirah-unesco,lsmatch-2026.tar.gz,[],[],"[""owl:NamedIndividual"",""skos:Concept""]",https://vocabs.dariah.eu/tadirah/audioRecording,=,0.0,http://vocabularies.unesco.org/thesaurus/concept9812,[],[],"[""skos:Concept""]",true,false negative
dh,tadirah-unesco,lsmatch-2026.tar.gz,[],[],"[""owl:NamedIndividual"",""skos:Concept""]",https://vocabs.dariah.eu/tadirah/cataloging,=,0.0,http://vocabularies.unesco.org/thesaurus/concept3799,[],[],"[""skos:Concept""]",true,false negative
dh,tadirah-unesco,lsmatch-2026.tar.gz,[],[],"[""owl:NamedIndividual"",""skos:Concept""]",https://vocabs.dariah.eu/tadirah/drawing,=,0.0,http://vocabularies.unesco.org/thesaurus/concept4716,[],[],"[""skos:Concept""]",true,false negative
dh,tadirah-unesco,lsmatch-2026.tar.gz,[],[],"[""owl:NamedIndividual"",""skos:Concept""]",https://vocabs.dariah.eu/tadirah/patternRecognition,=,0.0,http://vocabularies.unesco.org/thesaurus/concept3054,[],[],"[""skos:Concept""]",true,false negative
dh,tadirah-unesco,lsmatch-2026.tar.gz,[],[],"[""owl:NamedIndividual"",""skos:Concept""]",https://vocabs.dariah.eu/tadirah/programming,=,0.0,http://vocabularies.unesco.org/thesaurus/concept521,[],[],"[""skos:Concept""]",true,false negative
dh,tadirah-unesco,lsmatch-2026.tar.gz,[],[],"[""owl:NamedIndividual"",""skos:Concept""]",https://vocabs.dariah.eu/tadirah/writing,=,0.0,http://vocabularies.unesco.org/thesaurus/concept5829,[],[],"[""skos:Concept""]",true,false negative
dh,tadirah-unesco,lsmatch-2026.tar.gz,[],[],"[""owl:NamedIndividual"",""skos:Concept""]",https://vocabs.dariah.eu/tadirah/editing,=,0.0,http://vocabularies.unesco.org/thesaurus/concept4200,[],[],"[""skos:Concept""]",true,false negative
dh,tadirah-unesco,lsmatch-2026.tar.gz,[],[],"[""owl:NamedIndividual"",""skos:Concept""]",https://vocabs.dariah.eu/tadirah/disseminating,=,0.0,http://vocabularies.unesco.org/thesaurus/concept512,[],[],"[""skos:Concept""]",true,false negative
dh,tadirah-unesco,lsmatch-2026.tar.gz,[],[],"[""owl:NamedIndividual"",""skos:Concept""]",https://vocabs.dariah.eu/tadirah/recording,=,0.0,http://vocabularies.unesco.org/thesaurus/concept505,[],[],"[""skos:Concept""]",true,false negative
dh,tadirah-unesco,lsmatch-2026.tar.gz,[],[],"[""owl:NamedIndividual"",""skos:Concept""]",https://vocabs.dariah.eu/tadirah/publishing,=,0.0,http://vocabularies.unesco.org/thesaurus/concept3810,[],[],"[""skos:Concept""]",true,false negative
dh,tadirah-unesco,lsmatch-2026.tar.gz,[],[],"[""owl:NamedIndividual"",""skos:Concept""]",https://vocabs.dariah.eu/tadirah/digitalPublishing,=,0.0,http://vocabularies.unesco.org/thesaurus/concept6021,[],[],"[""skos:Concept""]",true,false negative
dh,tadirah-unesco,lsmatch-2026.tar.gz,[],[],"[""owl:NamedIndividual"",""skos:Concept""]",https://vocabs.dariah.eu/tadirah/informationRetrieval,=,0.0,http://vocabularies.unesco.org/thesaurus/concept514,[],[],"[""skos:Concept""]",true,false negative
dh,tadirah-unesco,lsmatch-2026.tar.gz,[],[],"[""owl:NamedIndividual"",""skos:Concept""]",https://vocabs.dariah.eu/tadirah/encoding,=,0.0,http://vocabularies.unesco.org/thesaurus/concept5530,[],[],"[""skos:Concept""]",true,false negative
dh,tadirah-unesco,lsmatch-2026.tar.gz,[],[],"[""owl:NamedIndividual"",""skos:Concept""]",https://vocabs.dariah.eu/tadirah/videoCapture,=,0.0,http://vocabularies.unesco.org/thesaurus/concept3354,[],[],"[""skos:Concept""]",true,false negative
dh,tadirah-unesco,lsmatch-2026.tar.gz,"[""Concept""]",[],"[""owl:Class""]",http://www.w3.org/2004/02/skos/core#Concept,=,1.0,http://www.w3.org/2004/02/skos/core#Concept,"[""Concept""]",[],"[""owl:Class""]",false,false positive
dh,tadirah-unesco,lsmatch-2026.tar.gz,[],[],"[""owl:NamedIndividual"",""skos:Concept""]",https://vocabs.dariah.eu/tadirah/opticalCharacterRecognition,=,0.0,http://vocabularies.unesco.org/thesaurus/concept4954,[],[],"[""skos:Concept""]",true,false negative
dh,dha-unesco,logmap-lite-2026.tar.gz,[],[],"[""skos:Concept""]",https://vocabs.acdh.oeaw.ac.at/dhataxonomy/Concept34,=,0.0,http://vocabularies.unesco.org/thesaurus/concept3354,[],[],"[""skos:Concept""]",true,false negative
dh,dha-unesco,logmap-lite-2026.tar.gz,[],[],"[""skos:Concept""]",https://vocabs.acdh.oeaw.ac.at/dhataxonomy/Concept61,=,0.0,http://vocabularies.unesco.org/thesaurus/concept17094,[],[],"[""skos:Concept""]",true,false negative
dh,dha-unesco,logmap-lite-2026.tar.gz,[],[],"[""skos:Concept""]",https://vocabs.acdh.oeaw.ac.at/dhataxonomy/Concept37,=,0.0,http://vocabularies.unesco.org/thesaurus/concept3270,[],[],"[""skos:Concept""]",true,false negative
dh,dha-unesco,logmap-lite-2026.tar.gz,[],[],"[""skos:Concept""]",https://vocabs.acdh.oeaw.ac.at/dhataxonomy/Concept60,=,0.0,http://vocabularies.unesco.org/thesaurus/concept17127,[],[],"[""skos:Concept""]",true,false negative
dh,dha-unesco,logmap-lite-2026.tar.gz,[],[],"[""skos:Concept""]",https://vocabs.acdh.oeaw.ac.at/dhataxonomy/Concept47,=,0.0,http://vocabularies.unesco.org/thesaurus/concept17000,[],[],"[""skos:Concept""]",true,false negative
dh,dha-unesco,logmap-lite-2026.tar.gz,[],[],"[""skos:Concept""]",https://vocabs.acdh.oeaw.ac.at/dhataxonomy/Concept46,=,0.0,http://vocabularies.unesco.org/thesaurus/concept3410,[],[],"[""skos:Concept""]",true,false negative
dh,dha-unesco,logmap-lite-2026.tar.gz,[],[],"[""skos:Concept""]",https://vocabs.acdh.oeaw.ac.at/dhataxonomy/Concept33,=,0.0,http://vocabularies.unesco.org/thesaurus/concept9812,[],[],"[""skos:Concept""]",true,false negative
dh,dha-unesco,logmap-lite-2026.tar.gz,[],[],[],http://www.w3.org/2004/02/skos/core#ConceptScheme,=,1.0,http://www.w3.org/2004/02/skos/core#ConceptScheme,[],[],[],false,false positive
dh,dha-unesco,logmap-lite-2026.tar.gz,[],[],"[""skos:Concept""]",https://vocabs.acdh.oeaw.ac.at/dhataxonomy/Concept51.01,=,0.0,http://vocabularies.unesco.org/thesaurus/concept11605,[],[],"[""skos:Concept""]",true,false negative
dh,dha-unesco,logmap-lite-2026.tar.gz,[],[],"[""skos:Concept""]",https://vocabs.acdh.oeaw.ac.at/dhataxonomy/Concept68,=,0.0,http://vocabularies.unesco.org/thesaurus/concept7411,[],[],"[""skos:Concept""]",true,false negative
dh,dha-unesco,logmap-lite-2026.tar.gz,"[""Concept""]",[],"[""owl:Class""]",http://www.w3.org/2004/02/skos/core#Concept,=,1.0,http://www.w3.org/2004/02/skos/core#Concept,"[""Concept""]",[],"[""owl:Class""]",false,false positive
dh,dha-unesco,logmap-lite-2026.tar.gz,[],[],"[""skos:Concept""]",https://vocabs.acdh.oeaw.ac.at/dhataxonomy/Concept41,=,0.0,http://vocabularies.unesco.org/thesaurus/concept4954,[],[],"[""skos:Concept""]",true,false negative
dh,dha-unesco,logmap-lite-2026.tar.gz,[],[],[],http://www.w3.org/2004/02/skos/core#Collection,=,1.0,http://www.w3.org/2004/02/skos/core#Collection,[],[],[],false,false positive
dh,dha-unesco,logmap-bio-2026.tar.gz,[],[],"[""skos:Concept""]",https://vocabs.acdh.oeaw.ac.at/dhataxonomy/Concept34,=,0.0,http://vocabularies.unesco.org/thesaurus/concept3354,[],[],"[""skos:Concept""]",true,false negative
dh,dha-unesco,logmap-bio-2026.tar.gz,[],[],"[""skos:Concept""]",https://vocabs.acdh.oeaw.ac.at/dhataxonomy/Concept61,=,0.0,http://vocabularies.unesco.org/thesaurus/concept17094,[],[],"[""skos:Concept""]",true,false negative
dh,dha-unesco,logmap-bio-2026.tar.gz,[],[],"[""skos:Concept""]",https://vocabs.acdh.oeaw.ac.at/dhataxonomy/Concept37,=,0.0,http://vocabularies.unesco.org/thesaurus/concept3270,[],[],"[""skos:Concept""]",true,false negative
dh,dha-unesco,logmap-bio-2026.tar.gz,[],[],"[""skos:Concept""]",https://vocabs.acdh.oeaw.ac.at/dhataxonomy/Concept47,=,0.0,http://vocabularies.unesco.org/thesaurus/concept17000,[],[],"[""skos:Concept""]",true,false negative
dh,dha-unesco,logmap-bio-2026.tar.gz,[],[],"[""skos:Concept""]",https://vocabs.acdh.oeaw.ac.at/dhataxonomy/Concept46,=,0.0,http://vocabularies.unesco.org/thesaurus/concept3410,[],[],"[""skos:Concept""]",true,false negative
dh,dha-unesco,logmap-bio-2026.tar.gz,[],[],"[""skos:Concept""]",https://vocabs.acdh.oeaw.ac.at/dhataxonomy/Concept33,=,0.0,http://vocabularies.unesco.org/thesaurus/concept9812,[],[],"[""skos:Concept""]",true,false negative
dh,dha-unesco,logmap-bio-2026.tar.gz,[],[],"[""skos:Concept""]",https://vocabs.acdh.oeaw.ac.at/dhataxonomy/Concept51.01,=,0.0,http://vocabularies.unesco.org/thesaurus/concept11605,[],[],"[""skos:Concept""]",true,false negative
dh,dha-unesco,logmap-bio-2026.tar.gz,[],[],"[""skos:Concept""]",https://vocabs.acdh.oeaw.ac.at/dhataxonomy/Concept68,=,0.0,http://vocabularies.unesco.org/thesaurus/concept7411,[],[],"[""skos:Concept""]",true,false negative
dh,dha-unesco,logmap-bio-2026.tar.gz,[],[],"[""skos:Concept""]",https://vocabs.acdh.oeaw.ac.at/dhataxonomy/Concept60,=,0.0,http://vocabularies.unesco.org/thesaurus/concept17127,[],[],"[""skos:Concept""]",true,false negative
dh,dha-unesco,logmap-bio-2026.tar.gz,[],[],"[""skos:Concept""]",https://vocabs.acdh.oeaw.ac.at/dhataxonomy/Concept41,=,0.0,http://vocabularies.unesco.org/thesaurus/concept4954,[],[],"[""skos:Concept""]",true,false negative
dh,pactols-parthenos,lsmatch-multilingual-2026.tar.gz,[],[],"[""skos:Concept""]",https://ark.frantiq.fr/ark:/26678/pcrtxKnfzXYMxK,=,0.0,https://isl.ics.forth.gr/parthenos_vocabularies/Concept/32324,[],[],"[""skos:Concept""]",true,false negative
dh,pactols-parthenos,lsmatch-multilingual-2026.tar.gz,[],[],"[""skos:Concept""]",https://ark.frantiq.fr/ark:/26678/pcrtfUWF9GVr4q,=,0.0,https://isl.ics.forth.gr/parthenos_vocabularies/Concept/32290,[],[],"[""skos:Concept""]",true,false negative
dh,pactols-parthenos,lsmatch-multilingual-2026.tar.gz,[],[],"[""skos:Concept""]",https://ark.frantiq.fr/ark:/26678/pcrtVhTRix41ic,=,0.0,https://isl.ics.forth.gr/parthenos_vocabularies/Concept/32286,[],[],"[""skos:Concept""]",true,false negative
dh,pactols-parthenos,lsmatch-multilingual-2026.tar.gz,[],[],"[""skos:Concept""]",https://ark.frantiq.fr/ark:/26678/pcrt9PJh9aTXv4,=,0.0,https://isl.ics.forth.gr/parthenos_vocabularies/Concept/32349,[],[],"[""skos:Concept""]",true,false negative
dh,pactols-parthenos,lsmatch-multilingual-2026.tar.gz,[],[],"[""skos:Concept""]",https://ark.frantiq.fr/ark:/26678/pcrtx4sFxmENjb,=,0.0,https://isl.ics.forth.gr/parthenos_vocabularies/Concept/32867,[],[],"[""skos:Concept""]",true,false negative
dh,pactols-parthenos,lsmatch-multilingual-2026.tar.gz,[],[],"[""skos:Concept""]",https://ark.frantiq.fr/ark:/26678/pcrtAqKgmvERHQ,=,0.0,https://isl.ics.forth.gr/parthenos_vocabularies/Concept/32641,[],[],"[""skos:Concept""]",true,false negative
dh,pactols-parthenos,lsmatch-multilingual-2026.tar.gz,[],[],"[""skos:Concept""]",https://ark.frantiq.fr/ark:/26678/pcrtF9P4mbuyGk,=,0.0,https://isl.ics.forth.gr/parthenos_vocabularies/Concept/32655,[],[],"[""skos:Concept""]",true,false negative
dh,pactols-parthenos,lsmatch-multilingual-2026.tar.gz,[],[],"[""skos:Concept""]",https://ark.frantiq.fr/ark:/26678/pcrtHIjtOg1P75,=,0.0,https://isl.ics.forth.gr/parthenos_vocabularies/Concept/32228,[],[],"[""skos:Concept""]",true,false negative
dh,pactols-parthenos,lsmatch-multilingual-2026.tar.gz,[],[],"[""skos:Concept""]",https://ark.frantiq.fr/ark:/26678/pcrtkeLpJpVN4t,=,0.0,https://isl.ics.forth.gr/parthenos_vocabularies/Concept/32490,[],[],"[""skos:Concept""]",true,false negative
dh,pactols-parthenos,lsmatch-multilingual-2026.tar.gz,[],[],"[""skos:Concept""]",https://ark.frantiq.fr/ark:/26678/pcrtXGgQa70ZVU,=,0.0,https://isl.ics.forth.gr/parthenos_vocabularies/Concept/32971,[],[],"[""skos:Concept""]",true,false negative
dh,pactols-parthenos,lsmatch-multilingual-2026.tar.gz,"[""Concept""]",[],"[""owl:Class""]",http://www.w3.org/2004/02/skos/core#Concept,=,1.0,http://www.w3.org/2004/02/skos/core#Concept,"[""Concept""]",[],"[""owl:Class""]",false,false positive
dh,pactols-parthenos,lsmatch-multilingual-2026.tar.gz,[],[],"[""skos:Concept""]",https://ark.frantiq.fr/ark:/26678/crtdVpqD9Y6ym,=,0.0,https://isl.ics.forth.gr/parthenos_vocabularies/Concept/32318,[],[],"[""skos:Concept""]",true,false negative
dh,pactols-parthenos,lsmatch-multilingual-2026.tar.gz,[],[],"[""skos:Concept""]",https://ark.frantiq.fr/ark:/26678/pcrts62Z2hl4ux,=,0.0,https://isl.ics.forth.gr/parthenos_vocabularies/Concept/32910,[],[],"[""skos:Concept""]",true,false negative
dh,pactols-parthenos,tim-2026.tar.gz,[],[],"[""skos:Concept""]",https://ark.frantiq.fr/ark:/26678/pcrtxKnfzXYMxK,=,1.0,https://isl.ics.forth.gr/parthenos_vocabularies/Concept/32324,[],[],"[""skos:Concept""]",true,true positive
dh,pactols-parthenos,tim-2026.tar.gz,[],[],"[""skos:Concept""]",https://ark.frantiq.fr/ark:/26678/pcrtfUWF9GVr4q,=,0.0,https://isl.ics.forth.gr/parthenos_vocabularies/Concept/32290,[],[],"[""skos:Concept""]",true,false negative
dh,pactols-parthenos,tim-2026.tar.gz,[],[],[],http://purl.org/dc/terms/description,=,1.0,http://purl.org/dc/terms/description,[],[],[],false,false positive
dh,pactols-parthenos,tim-2026.tar.gz,[],[],"[""skos:Concept""]",https://ark.frantiq.fr/ark:/26678/pcrtKei7jxhn32,=,1.0,https://isl.ics.forth.gr/parthenos_vocabularies/Concept/32207,[],[],"[""skos:Concept""]",false,false positive
dh,pactols-parthenos,tim-2026.tar.gz,[],[],[],http://purl.org/dc/terms/creator,=,1.0,http://purl.org/dc/terms/creator,[],[],[],false,false positive
dh,pactols-parthenos,tim-2026.tar.gz,[],[],"[""skos:Concept""]",https://ark.frantiq.fr/ark:/26678/pcrtVhTRix41ic,=,0.0,https://isl.ics.forth.gr/parthenos_vocabularies/Concept/32286,[],[],"[""skos:Concept""]",true,false negative
dh,pactols-parthenos,tim-2026.tar.gz,[],[],"[""skos:Concept""]",https://ark.frantiq.fr/ark:/26678/pcrt9PJh9aTXv4,=,1.0,https://isl.ics.forth.gr/parthenos_vocabularies/Concept/32349,[],[],"[""skos:Concept""]",true,true positive
dh,pactols-parthenos,tim-2026.tar.gz,[],[],"[""skos:Concept""]",https://ark.frantiq.fr/ark:/26678/pcrtx4sFxmENjb,=,1.0,https://isl.ics.forth.gr/parthenos_vocabularies/Concept/32867,[],[],"[""skos:Concept""]",true,true positive
dh,pactols-parthenos,tim-2026.tar.gz,[],[],"[""skos:Concept""]",https://ark.frantiq.fr/ark:/26678/pcrtAqKgmvERHQ,=,1.0,https://isl.ics.forth.gr/parthenos_vocabularies/Concept/32641,[],[],"[""skos:Concept""]",true,true positive
dh,pactols-parthenos,tim-2026.tar.gz,[],[],"[""skos:Concept""]",https://ark.frantiq.fr/ark:/26678/pcrtF9P4mbuyGk,=,1.0,https://isl.ics.forth.gr/parthenos_vocabularies/Concept/32655,[],[],"[""skos:Concept""]",true,true positive
dh,pactols-parthenos,tim-2026.tar.gz,[],[],"[""skos:Concept""]",https://ark.frantiq.fr/ark:/26678/pcrtHIjtOg1P75,=,0.0,https://isl.ics.forth.gr/parthenos_vocabularies/Concept/32228,[],[],"[""skos:Concept""]",true,false negative
dh,pactols-parthenos,tim-2026.tar.gz,[],[],"[""skos:Concept""]",https://ark.frantiq.fr/ark:/26678/pcrtkeLpJpVN4t,=,0.0,https://isl.ics.forth.gr/parthenos_vocabularies/Concept/32490,[],[],"[""skos:Concept""]",true,false negative
dh,pactols-parthenos,tim-2026.tar.gz,[],[],"[""skos:Concept""]",https://ark.frantiq.fr/ark:/26678/pcrtXGgQa70ZVU,=,0.0,https://isl.ics.forth.gr/parthenos_vocabularies/Concept/32971,[],[],"[""skos:Concept""]",true,false negative
dh,pactols-parthenos,tim-2026.tar.gz,"[""Concept""]",[],"[""owl:Class""]",http://www.w3.org/2004/02/skos/core#Concept,=,1.0,http://www.w3.org/2004/02/skos/core#Concept,"[""Concept""]",[],"[""owl:Class""]",false,false positive
dh,pactols-parthenos,tim-2026.tar.gz,[],[],[],http://purl.org/dc/terms/created,=,1.0,http://purl.org/dc/terms/created,[],[],[],false,false positive
dh,pactols-parthenos,tim-2026.tar.gz,[],[],"[""skos:Concept""]",https://ark.frantiq.fr/ark:/26678/crtdVpqD9Y6ym,=,1.0,https://isl.ics.forth.gr/parthenos_vocabularies/Concept/32318,[],[],"[""skos:Concept""]",true,true positive
dh,pactols-parthenos,tim-2026.tar.gz,[],[],"[""skos:Concept""]",https://ark.frantiq.fr/ark:/26678/pcrts62Z2hl4ux,=,1.0,https://isl.ics.forth.gr/parthenos_vocabularies/Concept/32910,[],[],"[""skos:Concept""]",true,true positive
dh,dha-unesco,logmap-2026.tar.gz,[],[],"[""skos:Concept""]",https://vocabs.acdh.oeaw.ac.at/dhataxonomy/Concept34,=,0.0,http://vocabularies.unesco.org/thesaurus/concept3354,[],[],"[""skos:Concept""]",true,false negative
dh,dha-unesco,logmap-2026.tar.gz,[],[],"[""skos:Concept""]",https://vocabs.acdh.oeaw.ac.at/dhataxonomy/Concept61,=,0.0,http://vocabularies.unesco.org/thesaurus/concept17094,[],[],"[""skos:Concept""]",true,false negative
dh,dha-unesco,logmap-2026.tar.gz,[],[],"[""skos:Concept""]",https://vocabs.acdh.oeaw.ac.at/dhataxonomy/Concept37,=,0.0,http://vocabularies.unesco.org/thesaurus/concept3270,[],[],"[""skos:Concept""]",true,false negative
dh,dha-unesco,logmap-2026.tar.gz,[],[],"[""skos:Concept""]",https://vocabs.acdh.oeaw.ac.at/dhataxonomy/Concept47,=,0.0,http://vocabularies.unesco.org/thesaurus/concept17000,[],[],"[""skos:Concept""]",true,false negative
dh,dha-unesco,logmap-2026.tar.gz,[],[],"[""skos:Concept""]",https://vocabs.acdh.oeaw.ac.at/dhataxonomy/Concept46,=,0.0,http://vocabularies.unesco.org/thesaurus/concept3410,[],[],"[""skos:Concept""]",true,false negative
dh,dha-unesco,logmap-2026.tar.gz,[],[],"[""skos:Concept""]",https://vocabs.acdh.oeaw.ac.at/dhataxonomy/Concept33,=,0.0,http://vocabularies.unesco.org/thesaurus/concept9812,[],[],"[""skos:Concept""]",true,false negative
dh,dha-unesco,logmap-2026.tar.gz,[],[],"[""skos:Concept""]",https://vocabs.acdh.oeaw.ac.at/dhataxonomy/Concept51.01,=,0.0,http://vocabularies.unesco.org/thesaurus/concept11605,[],[],"[""skos:Concept""]",true,false negative
dh,dha-unesco,logmap-2026.tar.gz,[],[],"[""skos:Concept""]",https://vocabs.acdh.oeaw.ac.at/dhataxonomy/Concept68,=,0.0,http://vocabularies.unesco.org/thesaurus/concept7411,[],[],"[""skos:Concept""]",true,false negative
dh,dha-unesco,logmap-2026.tar.gz,[],[],"[""skos:Concept""]",https://vocabs.acdh.oeaw.ac.at/dhataxonomy/Concept60,=,0.0,http://vocabularies.unesco.org/thesaurus/concept17127,[],[],"[""skos:Concept""]",true,false negative
dh,dha-unesco,logmap-2026.tar.gz,[],[],"[""skos:Concept""]",https://vocabs.acdh.oeaw.ac.at/dhataxonomy/Concept41,=,0.0,http://vocabularies.unesco.org/thesaurus/concept4954,[],[],"[""skos:Concept""]",true,false negative
dh,idai-pactols,tim-2026.tar.gz,[],[],[],http://purl.org/dc/terms/description,=,1.0,http://purl.org/dc/terms/description,[],[],[],false,false positive
dh,idai-pactols,tim-2026.tar.gz,[],[],"[""skos:Concept""]",http://thesauri.dainst.org/_d67080ff,=,1.0,https://ark.frantiq.fr/ark:/26678/pcrtKei7jxhn32,[],[],"[""skos:Concept""]",false,false positive
dh,idai-pactols,tim-2026.tar.gz,[],[],"[""skos:Concept""]",http://thesauri.dainst.org/_c40b4a1d,=,0.0,https://ark.frantiq.fr/ark:/26678/pcrtrMvNrtSOHs,[],[],"[""skos:Concept""]",true,false negative
dh,idai-pactols,tim-2026.tar.gz,[],[],"[""skos:Concept""]",http://thesauri.dainst.org/_af2f2dad,=,0.0,https://ark.frantiq.fr/ark:/26678/pcrtVgXu5JJGUg,[],[],"[""skos:Concept""]",true,false negative
dh,idai-pactols,tim-2026.tar.gz,[],[],[],http://purl.org/dc/terms/issued,=,1.0,http://purl.org/dc/terms/issued,[],[],[],false,false positive
dh,idai-pactols,tim-2026.tar.gz,[],[],"[""skos:Concept""]",http://thesauri.dainst.org/_4688b7a6,=,1.0,https://ark.frantiq.fr/ark:/26678/pcrtF9P4mbuyGk,[],[],"[""skos:Concept""]",true,true positive
dh,idai-pactols,tim-2026.tar.gz,[],[],"[""skos:Concept""]",http://thesauri.dainst.org/_a9e10cab,=,0.0,https://ark.frantiq.fr/ark:/26678/pcrtp5Wcpmp9I3,[],[],"[""skos:Concept""]",true,false negative
dh,idai-pactols,tim-2026.tar.gz,[],[],"[""skos:Concept""]",http://thesauri.dainst.org/_d321ff61,=,0.0,https://ark.frantiq.fr/ark:/26678/pcrtgWbicZTgZe,[],[],"[""skos:Concept""]",true,false negative
dh,idai-pactols,tim-2026.tar.gz,[],[],[],http://purl.org/dc/terms/title,=,1.0,http://purl.org/dc/terms/title,[],[],[],false,false positive
dh,idai-pactols,tim-2026.tar.gz,[],[],"[""skos:Concept""]",http://thesauri.dainst.org/_87a30753,=,1.0,https://ark.frantiq.fr/ark:/26678/pcrtxKnfzXYMxK,[],[],"[""skos:Concept""]",false,false positive
dh,idai-pactols,tim-2026.tar.gz,[],[],[],http://purl.org/dc/terms/language,=,1.0,http://purl.org/dc/terms/language,[],[],[],false,false positive
dh,idai-pactols,tim-2026.tar.gz,[],[],"[""skos:Concept""]",http://thesauri.dainst.org/_f09b41b4,=,0.0,https://ark.frantiq.fr/ark:/26678/pcrt0Krn6QJlhU,[],[],"[""skos:Concept""]",true,false negative
dh,idai-pactols,tim-2026.tar.gz,[],[],"[""skos:Concept""]",http://thesauri.dainst.org/_2c06eae5,=,0.0,https://ark.frantiq.fr/ark:/26678/pcrtJUwAaZ7Nz9,[],[],"[""skos:Concept""]",true,false negative
dh,idai-pactols,tim-2026.tar.gz,[],[],"[""skos:Concept""]",http://thesauri.dainst.org/_d3b9f438,=,1.0,https://ark.frantiq.fr/ark:/26678/pcrtKZYwYOkWlK,[],[],"[""skos:Concept""]",true,true positive
dh,idai-pactols,tim-2026.tar.gz,[],[],"[""skos:Concept""]",http://thesauri.dainst.org/_b02158bd,=,1.0,https://ark.frantiq.fr/ark:/26678/pcrtJUwAaZ7Nz9,[],[],"[""skos:Concept""]",true,true positive
dh,idai-pactols,tim-2026.tar.gz,[],[],"[""skos:Concept""]",http://thesauri.dainst.org/_68e1bd31,=,0.0,https://ark.frantiq.fr/ark:/26678/pcrt1FD59O4eTz,[],[],"[""skos:Concept""]",true,false negative
dh,idai-pactols,tim-2026.tar.gz,[],[],[],http://purl.org/dc/terms/creator,=,1.0,http://purl.org/dc/terms/creator,[],[],[],false,false positive
dh,idai-pactols,tim-2026.tar.gz,[],[],"[""skos:Concept""]",http://thesauri.dainst.org/_1adf0150,=,0.0,https://ark.frantiq.fr/ark:/26678/pcrtpbgzj4c0da,[],[],"[""skos:Concept""]",true,false negative
dh,idai-pactols,tim-2026.tar.gz,[],[],"[""skos:Concept""]",http://thesauri.dainst.org/_dafb0ad8,=,0.0,https://ark.frantiq.fr/ark:/26678/pcrtfOjLfceAZ0,[],[],"[""skos:Concept""]",true,false negative
dh,idai-pactols,tim-2026.tar.gz,[],[],"[""skos:Concept""]",http://thesauri.dainst.org/_49462e56,=,0.0,https://ark.frantiq.fr/ark:/26678/pcrtVmQTWhdSkJ,[],[],"[""skos:Concept""]",true,false negative
dh,idai-pactols,tim-2026.tar.gz,[],[],"[""skos:Concept""]",http://thesauri.dainst.org/_bd4d65a8,=,0.0,https://ark.frantiq.fr/ark:/26678/pcrtgWbicZTgZe,[],[],"[""skos:Concept""]",true,false negative
dh,idai-pactols,tim-2026.tar.gz,[],[],"[""skos:Concept""]",http://thesauri.dainst.org/_49517e78,=,0.0,https://ark.frantiq.fr/ark:/26678/pcrt36pke8yWxW,[],[],"[""skos:Concept""]",true,false negative
dh,idai-pactols,tim-2026.tar.gz,[],[],[],http://purl.org/dc/terms/format,=,1.0,http://purl.org/dc/terms/format,[],[],[],false,false positive
dh,idai-pactols,tim-2026.tar.gz,[],[],[],http://purl.org/dc/terms/rights,=,1.0,http://purl.org/dc/terms/rights,[],[],[],false,false positive
dh,idai-pactols,tim-2026.tar.gz,[],[],[],http://thesauri.dainst.org/schema#memberOf,=,1.0,http://purl.org/umu/uneskos#memberOf,[],[],[],false,false positive
dh,idai-pactols,tim-2026.tar.gz,[],[],[],http://purl.org/dc/terms/subject,=,1.0,http://purl.org/dc/terms/subject,[],[],[],false,false positive
dh,idai-pactols,tim-2026.tar.gz,[],[],"[""skos:Concept""]",http://thesauri.dainst.org/_3ec72d64,=,0.0,https://ark.frantiq.fr/ark:/26678/pcrt7UXeYrS8Nb,[],[],"[""skos:Concept""]",true,false negative
dh,idai-pactols,tim-2026.tar.gz,"[""Concept""]",[],"[""owl:Class""]",http://www.w3.org/2004/02/skos/core#Concept,=,1.0,http://www.w3.org/2004/02/skos/core#Concept,"[""Concept""]",[],"[""owl:Class""]",false,false positive
dh,idai-pactols,tim-2026.tar.gz,[],[],"[""skos:Concept""]",http://thesauri.dainst.org/_8b38cf01,=,0.0,https://ark.frantiq.fr/ark:/26678/pcrt0Krn6QJlhU,[],[],"[""skos:Concept""]",true,false negative
dh,defc-pactols,logmap-kg-2026.tar.gz,[],[],"[""skos:Concept""]",https://vocabs.acdh.oeaw.ac.at/defcthesaurus/pit/5.4,=,1.0,https://ark.frantiq.fr/ark:/26678/pcrtms2OAv82PY,[],[],"[""skos:Concept""]",true,true positive
dh,defc-pactols,logmap-kg-2026.tar.gz,[],[],"[""skos:Concept""]",https://vocabs.acdh.oeaw.ac.at/defcthesaurus/hearth/5.3,=,1.0,https://ark.frantiq.fr/ark:/26678/pcrtJUwAaZ7Nz9,[],[],"[""skos:Concept""]",true,true positive
dh,defc-pactols,logmap-kg-2026.tar.gz,[],[],"[""skos:Concept""]",https://vocabs.acdh.oeaw.ac.at/defcthesaurus/cairn/5.8,=,1.0,https://ark.frantiq.fr/ark:/26678/pcrtAqKgmvERHQ,[],[],"[""skos:Concept""]",true,true positive
dh,defc-pactols,logmap-kg-2026.tar.gz,[],[],"[""skos:Concept""]",https://vocabs.acdh.oeaw.ac.at/defcthesaurus/fireplace/5.1,=,1.0,https://ark.frantiq.fr/ark:/26678/pcrtJUwAaZ7Nz9,[],[],"[""skos:Concept""]",true,true positive
dh,defc-pactols,logmap-kg-2026.tar.gz,[],[],"[""skos:Concept""]",https://vocabs.acdh.oeaw.ac.at/defcthesaurus/pile_dwelling/5.4,=,1.0,https://ark.frantiq.fr/ark:/26678/pcrt5MQsnfNDTD,[],[],"[""skos:Concept""]",true,true positive
dh,defc-pactols,logmap-kg-2026.tar.gz,[],[],"[""skos:Concept""]",https://vocabs.acdh.oeaw.ac.at/defcthesaurus/waste_pit/5.20,=,1.0,https://ark.frantiq.fr/ark:/26678/pcrtp5Wcpmp9I3,[],[],"[""skos:Concept""]",true,true positive
dh,defc-pactols,logmap-kg-2026.tar.gz,[],[],"[""skos:Concept""]",https://vocabs.acdh.oeaw.ac.at/defcthesaurus/circular/5.2,=,0.84,https://ark.frantiq.fr/ark:/26678/pcrt9gfvI45Kcj,[],[],"[""skos:Concept""]",false,false positive
dh,defc-pactols,logmap-kg-2026.tar.gz,[],[],"[""skos:Concept""]",https://vocabs.acdh.oeaw.ac.at/defcthesaurus/settlement_enclosure/4.073,=,0.0,https://ark.frantiq.fr/ark:/26678/pcrtKei7jxhn32,[],[],"[""skos:Concept""]",true,false negative
dh,defc-pactols,logmap-kg-2026.tar.gz,[],[],"[""skos:Concept""]",https://vocabs.acdh.oeaw.ac.at/defcthesaurus/cave/3.1,=,1.0,https://ark.frantiq.fr/ark:/26678/pcrtxKnfzXYMxK,[],[],"[""skos:Concept""]",true,true positive
dh,defc-pactols,logmap-kg-2026.tar.gz,[],[],"[""skos:Concept""]",https://vocabs.acdh.oeaw.ac.at/defcthesaurus/rock_shelter/3.2,=,1.0,https://ark.frantiq.fr/ark:/26678/pcrtkeLpJpVN4t,[],[],"[""skos:Concept""]",true,true positive
dh,defc-pactols,logmap-kg-2026.tar.gz,[],[],"[""skos:Concept""]",https://vocabs.acdh.oeaw.ac.at/defcthesaurus/tell/4.2,=,1.0,https://ark.frantiq.fr/ark:/26678/pcrtx4sFxmENjb,[],[],"[""skos:Concept""]",true,true positive
dh,tadirah-unesco,secea-2026.tar.gz,[],[],"[""owl:NamedIndividual"",""skos:Concept""]",https://vocabs.dariah.eu/tadirah/dataCleansing,=,1.0,http://vocabularies.unesco.org/thesaurus/concept502,[],[],"[""skos:Concept""]",false,false positive
dh,tadirah-unesco,secea-2026.tar.gz,[],[],[],http://www.w3.org/2000/01/rdf-schema#label,=,1.0,http://www.w3.org/2000/01/rdf-schema#label,[],[],[],false,false positive
dh,tadirah-unesco,secea-2026.tar.gz,[],[],"[""owl:NamedIndividual"",""skos:Concept""]",https://vocabs.dariah.eu/tadirah/dataRecognition,=,1.0,http://vocabularies.unesco.org/thesaurus/concept522,[],[],"[""skos:Concept""]",false,false positive
dh,tadirah-unesco,secea-2026.tar.gz,[],[],"[""owl:NamedIndividual"",""skos:Concept""]",https://vocabs.dariah.eu/tadirah/webDevelopment,=,1.0,http://vocabularies.unesco.org/thesaurus/concept2738,[],[],"[""skos:Concept""]",false,false positive
dh,tadirah-unesco,secea-2026.tar.gz,[],[],"[""owl:NamedIndividual"",""skos:Concept""]",https://vocabs.dariah.eu/tadirah/storing,=,1.0,http://vocabularies.unesco.org/thesaurus/concept6072,[],[],"[""skos:Concept""]",false,false positive
dh,tadirah-unesco,secea-2026.tar.gz,[],[],"[""owl:NamedIndividual"",""skos:Concept""]",https://vocabs.dariah.eu/tadirah/creating,=,1.0,http://vocabularies.unesco.org/thesaurus/concept1542,[],[],"[""skos:Concept""]",false,false positive
dh,tadirah-unesco,secea-2026.tar.gz,[],[],"[""owl:NamedIndividual"",""skos:Concept""]",https://vocabs.dariah.eu/tadirah/editing,=,1.0,http://vocabularies.unesco.org/thesaurus/concept3810,[],[],"[""skos:Concept""]",false,false positive
dh,tadirah-unesco,secea-2026.tar.gz,[],[],"[""owl:AnnotationProperty""]",http://www.w3.org/2004/02/skos/core#altLabel,=,1.0,http://www.w3.org/2004/02/skos/core#altLabel,[],[],[],false,false positive
dh,tadirah-unesco,secea-2026.tar.gz,[],[],"[""owl:NamedIndividual"",""skos:Concept""]",https://vocabs.dariah.eu/tadirah/drawing,=,0.0,http://vocabularies.unesco.org/thesaurus/concept4716,[],[],"[""skos:Concept""]",true,false negative
dh,tadirah-unesco,secea-2026.tar.gz,[],[],[],http://tadirah.dariah.eu/vocab/index.php?tema=13&/recording,=,1.0,http://vocabularies.unesco.org/thesaurus/concept5744,[],[],"[""skos:Concept""]",false,false positive
dh,tadirah-unesco,secea-2026.tar.gz,[],[],"[""owl:NamedIndividual"",""skos:Concept""]",https://vocabs.dariah.eu/tadirah/description,=,1.0,http://vocabularies.unesco.org/thesaurus/concept3785,[],[],"[""skos:Concept""]",false,false positive
dh,tadirah-unesco,secea-2026.tar.gz,[],[],"[""owl:NamedIndividual"",""skos:Concept""]",https://vocabs.dariah.eu/tadirah/programming,=,0.0,http://vocabularies.unesco.org/thesaurus/concept521,[],[],"[""skos:Concept""]",true,false negative
dh,tadirah-unesco,secea-2026.tar.gz,[],[],"[""owl:NamedIndividual"",""skos:Concept""]",https://vocabs.dariah.eu/tadirah/extracting,=,1.0,http://vocabularies.unesco.org/thesaurus/concept4764,[],[],"[""skos:Concept""]",false,false positive
dh,tadirah-unesco,secea-2026.tar.gz,[],[],"[""owl:NamedIndividual"",""skos:Concept""]",https://vocabs.dariah.eu/tadirah/removing,=,1.0,http://vocabularies.unesco.org/thesaurus/concept4219,[],[],"[""skos:Concept""]",false,false positive
dh,tadirah-unesco,secea-2026.tar.gz,[],[],"[""owl:AnnotationProperty""]",http://purl.org/dc/elements/1.1/creator,=,1.0,http://purl.org/dc/elements/1.1/creator,[],[],[],false,false positive
dh,tadirah-unesco,secea-2026.tar.gz,[],[],"[""owl:Class""]",http://www.w3.org/2004/02/skos/core#ConceptScheme,=,1.0,http://www.w3.org/2004/02/skos/core#ConceptScheme,[],[],[],false,false positive
dh,tadirah-unesco,secea-2026.tar.gz,[],[],"[""owl:NamedIndividual"",""skos:Concept""]",https://vocabs.dariah.eu/tadirah/distanceMeasures,=,1.0,http://vocabularies.unesco.org/thesaurus/concept7981,[],[],"[""skos:Concept""]",false,false positive
dh,tadirah-unesco,secea-2026.tar.gz,[],[],"[""owl:AnnotationProperty""]",http://purl.org/dc/terms/title,=,1.0,http://purl.org/dc/terms/title,[],[],[],false,false positive
dh,tadirah-unesco,secea-2026.tar.gz,[],[],[],http://tadirah.dariah.eu/vocab/index.php?tema=22&/annotating,=,1.0,http://vocabularies.unesco.org/thesaurus/concept487,[],[],"[""skos:Concept""]",false,false positive
dh,tadirah-unesco,secea-2026.tar.gz,[],[],"[""owl:NamedIndividual"",""skos:Concept""]",https://vocabs.dariah.eu/tadirah/opticalCharacterRecognition,=,1.0,http://vocabularies.unesco.org/thesaurus/concept4954,[],[],"[""skos:Concept""]",true,true positive
dh,tadirah-unesco,secea-2026.tar.gz,[],[],"[""owl:NamedIndividual"",""skos:Concept""]",https://vocabs.dariah.eu/tadirah/programming,=,1.0,http://vocabularies.unesco.org/thesaurus/concept6007,[],[],"[""skos:Concept""]",false,false positive
dh,tadirah-unesco,secea-2026.tar.gz,[],[],"[""owl:NamedIndividual"",""skos:Concept""]",https://vocabs.dariah.eu/tadirah/preserving,=,1.0,http://vocabularies.unesco.org/thesaurus/concept3766,[],[],"[""skos:Concept""]",false,false positive
dh,tadirah-unesco,secea-2026.tar.gz,[],[],"[""owl:AnnotationProperty""]",http://purl.org/dc/terms/modified,=,1.0,http://purl.org/dc/terms/modified,[],[],[],false,false positive
dh,tadirah-unesco,secea-2026.tar.gz,[],[],"[""owl:NamedIndividual"",""skos:Concept""]",https://vocabs.dariah.eu/tadirah/opticalMusicRecognition,=,1.0,http://vocabularies.unesco.org/thesaurus/concept6105,[],[],"[""skos:Concept""]",false,false positive
dh,tadirah-unesco,secea-2026.tar.gz,[],[],"[""owl:NamedIndividual"",""skos:Concept""]",https://vocabs.dariah.eu/tadirah/pseudoCoding,=,1.0,http://vocabularies.unesco.org/thesaurus/concept3058,[],[],"[""skos:Concept""]",false,false positive
dh,tadirah-unesco,secea-2026.tar.gz,[],[],"[""owl:NamedIndividual"",""skos:Concept""]",https://vocabs.dariah.eu/tadirah/relationalAnalysis,=,1.0,http://vocabularies.unesco.org/thesaurus/concept3052,[],[],"[""skos:Concept""]",false,false positive
dh,tadirah-unesco,secea-2026.tar.gz,[],[],"[""owl:NamedIndividual"",""skos:Concept""]",https://vocabs.dariah.eu/tadirah/cataloging,=,1.0,http://vocabularies.unesco.org/thesaurus/concept3799,[],[],"[""skos:Concept""]",true,true positive
dh,tadirah-unesco,secea-2026.tar.gz,[],[],"[""owl:NamedIndividual"",""skos:Concept""]",https://vocabs.dariah.eu/tadirah/patternRecognition,=,1.0,http://vocabularies.unesco.org/thesaurus/concept3054,[],[],"[""skos:Concept""]",true,true positive
dh,tadirah-unesco,secea-2026.tar.gz,[],[],"[""owl:NamedIndividual"",""skos:Concept""]",https://vocabs.dariah.eu/tadirah/annotating,=,1.0,http://vocabularies.unesco.org/thesaurus/concept17140,[],[],"[""skos:Concept""]",false,false positive
dh,tadirah-unesco,secea-2026.tar.gz,[],[],"[""owl:NamedIndividual"",""skos:Concept""]",https://vocabs.dariah.eu/tadirah/expressingOpinion,=,1.0,http://vocabularies.unesco.org/thesaurus/concept5763,[],[],"[""skos:Concept""]",false,false positive
dh,tadirah-unesco,secea-2026.tar.gz,[],[],"[""owl:NamedIndividual"",""skos:Concept""]",https://vocabs.dariah.eu/tadirah/capturing,=,1.0,http://vocabularies.unesco.org/thesaurus/concept11704,[],[],"[""skos:Concept""]",false,false positive
dh,tadirah-unesco,secea-2026.tar.gz,[],[],"[""owl:NamedIndividual"",""skos:Concept""]",https://vocabs.dariah.eu/tadirah/contentAnalysis,=,1.0,http://vocabularies.unesco.org/thesaurus/concept3321,[],[],"[""skos:Concept""]",false,false positive
dh,tadirah-unesco,secea-2026.tar.gz,[],[],"[""owl:NamedIndividual"",""skos:Concept""]",https://vocabs.dariah.eu/tadirah/conceptualizing,=,1.0,http://vocabularies.unesco.org/thesaurus/concept3757,[],[],"[""skos:Concept""]",false,false positive
dh,tadirah-unesco,secea-2026.tar.gz,[],[],"[""owl:NamedIndividual"",""skos:Concept""]",https://vocabs.dariah.eu/tadirah/videoEditing,=,1.0,http://vocabularies.unesco.org/thesaurus/concept4361,[],[],"[""skos:Concept""]",false,false positive
dh,tadirah-unesco,secea-2026.tar.gz,[],[],"[""owl:NamedIndividual"",""skos:Concept""]",https://vocabs.dariah.eu/tadirah/recording,=,1.0,http://vocabularies.unesco.org/thesaurus/concept505,[],[],"[""skos:Concept""]",true,true positive
dh,tadirah-unesco,secea-2026.tar.gz,"[""TaDiRAH""]",[],"[""owl:NamedIndividual"",""owl:Ontology"",""skos:ConceptScheme""]",https://vocabs.dariah.eu/tadirah/,=,1.0,http://vocabularies.unesco.org/thesaurus,[],[],"[""skos:ConceptScheme""]",false,false positive
dh,tadirah-unesco,secea-2026.tar.gz,[],[],"[""owl:NamedIndividual"",""skos:Concept""]",https://vocabs.dariah.eu/tadirah/commenting,=,1.0,http://vocabularies.unesco.org/thesaurus/concept3326,[],[],"[""skos:Concept""]",false,false positive
dh,tadirah-unesco,secea-2026.tar.gz,[],[],"[""owl:NamedIndividual"",""skos:Concept""]",https://vocabs.dariah.eu/tadirah/publishing,=,0.0,http://vocabularies.unesco.org/thesaurus/concept3810,[],[],"[""skos:Concept""]",true,false negative
dh,tadirah-unesco,secea-2026.tar.gz,[],[],"[""owl:NamedIndividual"",""skos:Concept""]",https://vocabs.dariah.eu/tadirah/informationRetrieval,=,1.0,http://vocabularies.unesco.org/thesaurus/concept514,[],[],"[""skos:Concept""]",true,true positive
dh,tadirah-unesco,secea-2026.tar.gz,[],[],"[""owl:NamedIndividual"",""skos:Concept""]",https://vocabs.dariah.eu/tadirah/stylisticAnalysis,=,1.0,http://vocabularies.unesco.org/thesaurus/concept7974,[],[],"[""skos:Concept""]",false,false positive
dh,tadirah-unesco,secea-2026.tar.gz,[],[],"[""owl:NamedIndividual"",""skos:Concept""]",https://vocabs.dariah.eu/tadirah/communicating,=,1.0,http://vocabularies.unesco.org/thesaurus/concept460,[],[],"[""skos:Concept""]",false,false positive
dh,tadirah-unesco,secea-2026.tar.gz,[],[],"[""owl:NamedIndividual"",""skos:Concept""]",https://vocabs.dariah.eu/tadirah/bitStreamPreservation,=,1.0,http://vocabularies.unesco.org/thesaurus/concept2780,[],[],"[""skos:Concept""]",false,false positive
dh,tadirah-unesco,secea-2026.tar.gz,[],[],"[""owl:NamedIndividual"",""skos:Concept""]",https://vocabs.dariah.eu/tadirah/tweet,=,1.0,http://vocabularies.unesco.org/thesaurus/concept1028,[],[],"[""skos:Concept""]",false,false positive
dh,tadirah-unesco,secea-2026.tar.gz,[],[],"[""owl:NamedIndividual"",""skos:Concept""]",https://vocabs.dariah.eu/tadirah/upload,=,1.0,http://vocabularies.unesco.org/thesaurus/concept1557,[],[],"[""skos:Concept""]",false,false positive
dh,tadirah-unesco,secea-2026.tar.gz,[],[],[],http://www.w3.org/2000/01/rdf-schema#isDefinedBy,=,1.0,http://www.w3.org/2000/01/rdf-schema#isDefinedBy,[],[],[],false,false positive
dh,tadirah-unesco,secea-2026.tar.gz,[],[],"[""owl:NamedIndividual"",""skos:Concept""]",https://vocabs.dariah.eu/tadirah/contextualizing,=,1.0,http://vocabularies.unesco.org/thesaurus/concept4194,[],[],"[""skos:Concept""]",false,false positive
dh,tadirah-unesco,secea-2026.tar.gz,[],[],"[""owl:NamedIndividual"",""skos:Concept""]",https://vocabs.dariah.eu/tadirah/videoCapture,=,0.0,http://vocabularies.unesco.org/thesaurus/concept3354,[],[],"[""skos:Concept""]",true,false negative
dh,tadirah-unesco,secea-2026.tar.gz,[],[],"[""owl:NamedIndividual"",""skos:Concept""]",https://vocabs.dariah.eu/tadirah/linkedOpenData,=,1.0,http://vocabularies.unesco.org/thesaurus/concept17128,[],[],"[""skos:Concept""]",false,false positive
dh,tadirah-unesco,secea-2026.tar.gz,[],[],"[""owl:AnnotationProperty""]",http://purl.org/dc/terms/description,=,1.0,http://purl.org/dc/terms/description,[],[],[],false,false positive
dh,tadirah-unesco,secea-2026.tar.gz,[],[],"[""owl:AnnotationProperty""]",http://www.w3.org/2004/02/skos/core#topConceptOf,=,1.0,http://www.w3.org/2004/02/skos/core#topConceptOf,[],[],[],false,false positive
dh,tadirah-unesco,secea-2026.tar.gz,[],[],"[""owl:NamedIndividual"",""skos:Concept""]",https://vocabs.dariah.eu/tadirah/managing,=,1.0,http://vocabularies.unesco.org/thesaurus/concept5761,[],[],"[""skos:Concept""]",false,false positive
dh,tadirah-unesco,secea-2026.tar.gz,[],[],"[""owl:AnnotationProperty""]",http://purl.org/dc/elements/1.1/contributor,=,1.0,http://purl.org/dc/elements/1.1/contributor,[],[],[],false,false positive
dh,tadirah-unesco,secea-2026.tar.gz,[],[],"[""owl:NamedIndividual"",""skos:Concept""]",https://vocabs.dariah.eu/tadirah/sharing,=,1.0,http://vocabularies.unesco.org/thesaurus/concept17094,[],[],"[""skos:Concept""]",false,false positive
dh,tadirah-unesco,secea-2026.tar.gz,[],[],"[""owl:NamedIndividual"",""skos:Concept""]",https://vocabs.dariah.eu/tadirah/versioning,=,1.0,http://vocabularies.unesco.org/thesaurus/concept1024,[],[],"[""skos:Concept""]",false,false positive
dh,tadirah-unesco,secea-2026.tar.gz,[],[],"[""owl:NamedIndividual"",""skos:Concept""]",https://vocabs.dariah.eu/tadirah/audioRecording,=,0.0,http://vocabularies.unesco.org/thesaurus/concept9812,[],[],"[""skos:Concept""]",true,false negative
dh,tadirah-unesco,secea-2026.tar.gz,[],[],"[""owl:NamedIndividual"",""skos:Concept""]",https://vocabs.dariah.eu/tadirah/videoConference,=,1.0,http://vocabularies.unesco.org/thesaurus/concept6086,[],[],"[""skos:Concept""]",false,false positive
dh,tadirah-unesco,secea-2026.tar.gz,[],[],"[""owl:NamedIndividual"",""skos:Concept""]",https://vocabs.dariah.eu/tadirah/crowdsourcing,=,1.0,http://vocabularies.unesco.org/thesaurus/concept3055,[],[],"[""skos:Concept""]",false,false positive
dh,tadirah-unesco,secea-2026.tar.gz,[],[],"[""owl:NamedIndividual"",""skos:Concept""]",https://vocabs.dariah.eu/tadirah/knowledgeExtraction,=,1.0,http://vocabularies.unesco.org/thesaurus/concept8079,[],[],"[""skos:Concept""]",false,false positive
dh,tadirah-unesco,secea-2026.tar.gz,[],[],"[""owl:AnnotationProperty""]",http://purl.org/dc/terms/license,=,1.0,http://purl.org/dc/terms/license,[],[],[],false,false positive
dh,tadirah-unesco,secea-2026.tar.gz,[],[],"[""owl:NamedIndividual"",""skos:Concept""]",https://vocabs.dariah.eu/tadirah/segmenting,=,1.0,http://vocabularies.unesco.org/thesaurus/concept17145,[],[],"[""skos:Concept""]",false,false positive
dh,tadirah-unesco,secea-2026.tar.gz,[],[],"[""owl:AnnotationProperty""]",http://www.w3.org/2004/02/skos/core#inScheme,=,1.0,http://www.w3.org/2004/02/skos/core#inScheme,[],[],[],false,false positive
dh,tadirah-unesco,secea-2026.tar.gz,[],[],"[""owl:AnnotationProperty""]",http://www.w3.org/2004/02/skos/core#broader,=,1.0,http://www.w3.org/2004/02/skos/core#broader,[],[],[],false,false positive
dh,tadirah-unesco,secea-2026.tar.gz,[],[],"[""owl:AnnotationProperty""]",http://www.w3.org/2004/02/skos/core#closeMatch,=,1.0,http://www.w3.org/2004/02/skos/core#related,[],[],[],false,false positive
dh,tadirah-unesco,secea-2026.tar.gz,[],[],"[""owl:NamedIndividual"",""skos:Concept""]",https://vocabs.dariah.eu/tadirah/interpreting,=,1.0,http://vocabularies.unesco.org/thesaurus/concept506,[],[],"[""skos:Concept""]",false,false positive
dh,tadirah-unesco,secea-2026.tar.gz,[],[],"[""owl:NamedIndividual"",""skos:Concept""]",https://vocabs.dariah.eu/tadirah/publishing,=,1.0,http://vocabularies.unesco.org/thesaurus/concept493,[],[],"[""skos:Concept""]",false,false positive
dh,tadirah-unesco,secea-2026.tar.gz,[],[],"[""owl:NamedIndividual"",""skos:Concept""]",https://vocabs.dariah.eu/tadirah/enriching,=,1.0,http://vocabularies.unesco.org/thesaurus/concept489,[],[],"[""skos:Concept""]",false,false positive
dh,tadirah-unesco,secea-2026.tar.gz,[],[],"[""owl:AnnotationProperty""]",http://www.w3.org/2004/02/skos/core#hasTopConcept,=,1.0,http://www.w3.org/2004/02/skos/core#hasTopConcept,[],[],[],false,false positive
dh,tadirah-unesco,secea-2026.tar.gz,[],[],"[""owl:NamedIndividual"",""skos:Concept""]",https://vocabs.dariah.eu/tadirah/theorizing,=,1.0,http://vocabularies.unesco.org/thesaurus/concept3753,[],[],"[""skos:Concept""]",false,false positive
dh,tadirah-unesco,secea-2026.tar.gz,[],[],"[""owl:NamedIndividual"",""skos:Concept""]",https://vocabs.dariah.eu/tadirah/machineLearning,=,1.0,http://vocabularies.unesco.org/thesaurus/concept538,[],[],"[""skos:Concept""]",false,false positive
dh,tadirah-unesco,secea-2026.tar.gz,[],[],"[""owl:NamedIndividual"",""skos:Concept""]",https://vocabs.dariah.eu/tadirah/imaging,=,1.0,http://vocabularies.unesco.org/thesaurus/concept3761,[],[],"[""skos:Concept""]",false,false positive
dh,tadirah-unesco,secea-2026.tar.gz,[],[],"[""owl:NamedIndividual"",""skos:Concept""]",https://vocabs.dariah.eu/tadirah/analyzing,=,1.0,http://vocabularies.unesco.org/thesaurus/concept4326,[],[],"[""skos:Concept""]",false,false positive
dh,tadirah-unesco,secea-2026.tar.gz,[],[],"[""owl:NamedIndividual"",""skos:Concept""]",https://vocabs.dariah.eu/tadirah/transcribing,=,1.0,http://vocabularies.unesco.org/thesaurus/concept3897,[],[],"[""skos:Concept""]",false,false positive
dh,tadirah-unesco,secea-2026.tar.gz,[],[],"[""owl:AnnotationProperty""]",http://purl.org/dc/elements/1.1/language,=,1.0,http://purl.org/dc/terms/language,[],[],[],false,false positive
dh,tadirah-unesco,secea-2026.tar.gz,[],[],"[""owl:NamedIndividual"",""skos:Concept""]",https://vocabs.dariah.eu/tadirah/graphicsProgramming,=,1.0,http://vocabularies.unesco.org/thesaurus/concept521,[],[],"[""skos:Concept""]",false,false positive
dh,tadirah-unesco,secea-2026.tar.gz,[],[],"[""owl:AnnotationProperty""]",http://purl.org/dc/terms/rightsHolder,=,1.0,http://purl.org/dc/terms/rightsHolder,[],[],[],false,false positive
dh,tadirah-unesco,secea-2026.tar.gz,[],[],"[""owl:NamedIndividual"",""skos:Concept""]",https://vocabs.dariah.eu/tadirah/identifying,=,1.0,http://vocabularies.unesco.org/thesaurus/concept5406,[],[],"[""skos:Concept""]",false,false positive
dh,tadirah-unesco,secea-2026.tar.gz,[],[],"[""owl:NamedIndividual"",""skos:Concept""]",https://vocabs.dariah.eu/tadirah/dataMining,=,1.0,http://vocabularies.unesco.org/thesaurus/concept523,[],[],"[""skos:Concept""]",false,false positive
dh,tadirah-unesco,secea-2026.tar.gz,[],[],"[""owl:NamedIndividual"",""skos:Concept""]",https://vocabs.dariah.eu/tadirah/textMessaging,=,1.0,http://vocabularies.unesco.org/thesaurus/concept6661,[],[],"[""skos:Concept""]",false,false positive
dh,tadirah-unesco,secea-2026.tar.gz,[],[],"[""owl:NamedIndividual"",""skos:Concept""]",https://vocabs.dariah.eu/tadirah/naturalLanguageProcessing,=,1.0,http://vocabularies.unesco.org/thesaurus/concept3049,[],[],"[""skos:Concept""]",false,false positive
dh,tadirah-unesco,secea-2026.tar.gz,[],[],"[""owl:NamedIndividual"",""skos:Concept""]",https://vocabs.dariah.eu/tadirah/writing,=,1.0,http://vocabularies.unesco.org/thesaurus/concept5829,[],[],"[""skos:Concept""]",true,true positive
dh,tadirah-unesco,secea-2026.tar.gz,[],[],"[""owl:AnnotationProperty""]",http://www.w3.org/2004/02/skos/core#narrower,=,1.0,http://www.w3.org/2004/02/skos/core#narrower,[],[],[],false,false positive
dh,tadirah-unesco,secea-2026.tar.gz,[],[],[],http://www.w3.org/1999/02/22-rdf-syntax-ns#type,=,1.0,http://www.w3.org/1999/02/22-rdf-syntax-ns#type,[],[],[],false,false positive
dh,tadirah-unesco,secea-2026.tar.gz,[],[],"[""owl:NamedIndividual"",""skos:Concept""]",https://vocabs.dariah.eu/tadirah/disseminating,=,1.0,http://vocabularies.unesco.org/thesaurus/concept464,[],[],"[""skos:Concept""]",false,false positive
dh,tadirah-unesco,secea-2026.tar.gz,[],[],"[""owl:NamedIndividual"",""skos:Concept""]",https://vocabs.dariah.eu/tadirah/editing,=,0.0,http://vocabularies.unesco.org/thesaurus/concept4200,[],[],"[""skos:Concept""]",true,false negative
dh,tadirah-unesco,secea-2026.tar.gz,[],[],"[""owl:NamedIndividual"",""skos:Concept""]",https://vocabs.dariah.eu/tadirah/disseminating,=,0.0,http://vocabularies.unesco.org/thesaurus/concept512,[],[],"[""skos:Concept""]",true,false negative
dh,tadirah-unesco,secea-2026.tar.gz,[],[],[],http://www.w3.org/2004/02/skos/core,=,1.0,http://www.w3.org/2004/02/skos/core,[],[],[],false,false positive
dh,tadirah-unesco,secea-2026.tar.gz,[],[],"[""owl:NamedIndividual"",""skos:Concept""]",https://vocabs.dariah.eu/tadirah/digitalPublishing,=,0.0,http://vocabularies.unesco.org/thesaurus/concept6021,[],[],"[""skos:Concept""]",true,false negative
dh,tadirah-unesco,secea-2026.tar.gz,[],[],[],http://tadirah.dariah.eu/vocab/index.php?tema=39&/identifying,=,1.0,http://vocabularies.unesco.org/thesaurus/concept12263,[],[],"[""skos:Concept""]",false,false positive
dh,tadirah-unesco,secea-2026.tar.gz,[],[],"[""owl:NamedIndividual"",""skos:Concept""]",https://vocabs.dariah.eu/tadirah/encoding,=,1.0,http://vocabularies.unesco.org/thesaurus/concept5530,[],[],"[""skos:Concept""]",true,true positive
dh,tadirah-unesco,secea-2026.tar.gz,[],[],"[""owl:NamedIndividual"",""skos:Concept""]",https://vocabs.dariah.eu/tadirah/migration,=,1.0,http://vocabularies.unesco.org/thesaurus/concept513,[],[],"[""skos:Concept""]",false,false positive
dh,tadirah-unesco,secea-2026.tar.gz,"[""Concept""]",[],"[""owl:Class""]",http://www.w3.org/2004/02/skos/core#Concept,=,1.0,http://www.w3.org/2004/02/skos/core#Concept,"[""Concept""]",[],"[""owl:Class""]",false,false positive
dh,tadirah-unesco,secea-2026.tar.gz,[],[],[],http://www.w3.org/2002/07/owl#Class,=,1.0,http://www.w3.org/2002/07/owl#Class,[],[],[],false,false positive
dh,tadirah-unesco,secea-2026.tar.gz,[],[],"[""owl:AnnotationProperty""]",http://purl.org/dc/terms/created,=,1.0,http://purl.org/dc/terms/created,[],[],[],false,false positive
dh,tadirah-unesco,secea-2026.tar.gz,[],[],"[""owl:NamedIndividual"",""skos:Concept""]",https://vocabs.dariah.eu/tadirah/improving,=,1.0,http://vocabularies.unesco.org/thesaurus/concept8078,[],[],"[""skos:Concept""]",false,false positive
dh,tadirah-unesco,secea-2026.tar.gz,[],[],"[""owl:AnnotationProperty""]",http://www.w3.org/2004/02/skos/core#definition,=,1.0,http://www.w3.org/2004/02/skos/core#definition,[],[],[],false,false positive
dh,tadirah-unesco,secea-2026.tar.gz,[],[],"[""owl:AnnotationProperty""]",http://www.w3.org/2004/02/skos/core#prefLabel,=,1.0,http://www.w3.org/2004/02/skos/core#prefLabel,[],[],[],false,false positive
dh,tadirah-unesco,matcha-2026.tar.gz,[],[],"[""owl:NamedIndividual"",""skos:Concept""]",https://vocabs.dariah.eu/tadirah/abstractThinking,=,0.6487611428571429,http://vocabularies.unesco.org/thesaurus/concept1022,[],[],"[""skos:Concept""]",false,false positive
dh,tadirah-unesco,matcha-2026.tar.gz,[],[],"[""owl:NamedIndividual"",""skos:Concept""]",https://vocabs.dariah.eu/tadirah/informationMining,=,0.6366587586206897,http://vocabularies.unesco.org/thesaurus/concept452,[],[],"[""skos:Concept""]",false,false positive
dh,tadirah-unesco,matcha-2026.tar.gz,[],[],"[""owl:NamedIndividual"",""skos:Concept""]",https://vocabs.dariah.eu/tadirah/audioRecording,=,0.0,http://vocabularies.unesco.org/thesaurus/concept9812,[],[],"[""skos:Concept""]",true,false negative
dh,tadirah-unesco,matcha-2026.tar.gz,[],[],"[""owl:NamedIndividual"",""skos:Concept""]",https://vocabs.dariah.eu/tadirah/videoConference,=,0.6050454545454546,http://vocabularies.unesco.org/thesaurus/concept6086,[],[],"[""skos:Concept""]",false,false positive
dh,tadirah-unesco,matcha-2026.tar.gz,[],[],"[""owl:NamedIndividual"",""skos:Concept""]",https://vocabs.dariah.eu/tadirah/photographing,=,0.6483481165048545,http://vocabularies.unesco.org/thesaurus/concept11166,[],[],"[""skos:Concept""]",false,false positive
dh,tadirah-unesco,matcha-2026.tar.gz,[],[],"[""owl:NamedIndividual"",""skos:Concept""]",https://vocabs.dariah.eu/tadirah/drawing,=,0.7147008,http://vocabularies.unesco.org/thesaurus/concept4716,[],[],"[""skos:Concept""]",true,true positive
dh,tadirah-unesco,matcha-2026.tar.gz,[],[],"[""owl:NamedIndividual"",""skos:Concept""]",https://vocabs.dariah.eu/tadirah/programming,=,0.0,http://vocabularies.unesco.org/thesaurus/concept521,[],[],"[""skos:Concept""]",true,false negative
dh,tadirah-unesco,matcha-2026.tar.gz,[],[],"[""owl:NamedIndividual"",""skos:Concept""]",https://vocabs.dariah.eu/tadirah/archiving,=,0.61940736,http://vocabularies.unesco.org/thesaurus/concept2737,[],[],"[""skos:Concept""]",false,false positive
dh,tadirah-unesco,matcha-2026.tar.gz,[],[],"[""owl:NamedIndividual"",""skos:Concept""]",https://vocabs.dariah.eu/tadirah/opticalCharacterRecognition,=,0.792,http://vocabularies.unesco.org/thesaurus/concept4954,[],[],"[""skos:Concept""]",true,true positive
dh,tadirah-unesco,matcha-2026.tar.gz,[],[],"[""owl:NamedIndividual"",""skos:Concept""]",https://vocabs.dariah.eu/tadirah/translating,=,0.6866834285714285,http://vocabularies.unesco.org/thesaurus/concept8357,[],[],"[""skos:Concept""]",false,false positive
dh,tadirah-unesco,matcha-2026.tar.gz,[],[],"[""owl:NamedIndividual"",""skos:Concept""]",https://vocabs.dariah.eu/tadirah/transformation,=,0.6131011764705883,http://vocabularies.unesco.org/thesaurus/concept1151,[],[],"[""skos:Concept""]",false,false positive
dh,tadirah-unesco,matcha-2026.tar.gz,[],[],"[""owl:NamedIndividual"",""skos:Concept""]",https://vocabs.dariah.eu/tadirah/cataloging,=,0.7232091428571429,http://vocabularies.unesco.org/thesaurus/concept3799,[],[],"[""skos:Concept""]",true,true positive
dh,tadirah-unesco,matcha-2026.tar.gz,[],[],"[""owl:NamedIndividual"",""skos:Concept""]",https://vocabs.dariah.eu/tadirah/patternRecognition,=,0.8909999999999999,http://vocabularies.unesco.org/thesaurus/concept3054,[],[],"[""skos:Concept""]",true,true positive
dh,tadirah-unesco,matcha-2026.tar.gz,[],[],"[""owl:NamedIndividual"",""skos:Concept""]",https://vocabs.dariah.eu/tadirah/finding,=,0.6166089512799339,http://vocabularies.unesco.org/thesaurus/concept3939,[],[],"[""skos:Concept""]",false,false positive
dh,tadirah-unesco,matcha-2026.tar.gz,[],[],"[""owl:NamedIndividual"",""skos:Concept""]",https://vocabs.dariah.eu/tadirah/writing,=,0.8932776979294202,http://vocabularies.unesco.org/thesaurus/concept5829,[],[],"[""skos:Concept""]",true,true positive
dh,tadirah-unesco,matcha-2026.tar.gz,[],[],"[""owl:NamedIndividual"",""skos:Concept""]",https://vocabs.dariah.eu/tadirah/contentAnalysis,=,0.7524,http://vocabularies.unesco.org/thesaurus/concept3321,[],[],"[""skos:Concept""]",false,false positive
dh,tadirah-unesco,matcha-2026.tar.gz,[],[],"[""owl:NamedIndividual"",""skos:Concept""]",https://vocabs.dariah.eu/tadirah/editing,=,0.8909999999999999,http://vocabularies.unesco.org/thesaurus/concept4200,[],[],"[""skos:Concept""]",true,true positive
dh,tadirah-unesco,matcha-2026.tar.gz,[],[],"[""owl:NamedIndividual"",""skos:Concept""]",https://vocabs.dariah.eu/tadirah/disseminating,=,0.0,http://vocabularies.unesco.org/thesaurus/concept512,[],[],"[""skos:Concept""]",true,false negative
dh,tadirah-unesco,matcha-2026.tar.gz,[],[],"[""owl:NamedIndividual"",""skos:Concept""]",https://vocabs.dariah.eu/tadirah/recording,=,0.8806667315460348,http://vocabularies.unesco.org/thesaurus/concept505,[],[],"[""skos:Concept""]",true,true positive
dh,tadirah-unesco,matcha-2026.tar.gz,[],[],"[""owl:NamedIndividual"",""skos:Concept""]",https://vocabs.dariah.eu/tadirah/publishing,=,0.8909999999999999,http://vocabularies.unesco.org/thesaurus/concept3810,[],[],"[""skos:Concept""]",true,true positive
dh,tadirah-unesco,matcha-2026.tar.gz,[],[],"[""owl:NamedIndividual"",""skos:Concept""]",https://vocabs.dariah.eu/tadirah/digitalPublishing,=,0.0,http://vocabularies.unesco.org/thesaurus/concept6021,[],[],"[""skos:Concept""]",true,false negative
dh,tadirah-unesco,matcha-2026.tar.gz,[],[],"[""owl:NamedIndividual"",""skos:Concept""]",https://vocabs.dariah.eu/tadirah/informationRetrieval,=,0.8909999999999999,http://vocabularies.unesco.org/thesaurus/concept514,[],[],"[""skos:Concept""]",true,true positive
dh,tadirah-unesco,matcha-2026.tar.gz,[],[],"[""owl:NamedIndividual"",""skos:Concept""]",https://vocabs.dariah.eu/tadirah/communicating,=,0.8098999999999998,http://vocabularies.unesco.org/thesaurus/concept460,[],[],"[""skos:Concept""]",false,false positive
dh,tadirah-unesco,matcha-2026.tar.gz,[],[],"[""owl:NamedIndividual"",""skos:Concept""]",https://vocabs.dariah.eu/tadirah/encoding,=,0.8909999999999999,http://vocabularies.unesco.org/thesaurus/concept5530,[],[],"[""skos:Concept""]",true,true positive
dh,tadirah-unesco,matcha-2026.tar.gz,[],[],"[""owl:NamedIndividual"",""skos:Concept""]",https://vocabs.dariah.eu/tadirah/videoCapture,=,0.0,http://vocabularies.unesco.org/thesaurus/concept3354,[],[],"[""skos:Concept""]",true,false negative
dh,idai-parthenos,tim-2026.tar.gz,[],[],"[""skos:Concept""]",http://thesauri.dainst.org/_1f524e33,=,0.0,https://isl.ics.forth.gr/parthenos_vocabularies/Concept/7114,[],[],"[""skos:Concept""]",true,false negative
dh,idai-parthenos,tim-2026.tar.gz,[],[],"[""skos:Concept""]",http://thesauri.dainst.org/_4b0d451a,=,0.0,https://isl.ics.forth.gr/parthenos_vocabularies/Concept/7107,[],[],"[""skos:Concept""]",true,false negative
dh,idai-parthenos,tim-2026.tar.gz,[],[],"[""skos:Concept""]",http://thesauri.dainst.org/_697dc279,=,1.0,https://isl.ics.forth.gr/parthenos_vocabularies/Concept/7118,[],[],"[""skos:Concept""]",true,true positive
dh,idai-parthenos,tim-2026.tar.gz,[],[],"[""skos:Concept""]",http://thesauri.dainst.org/_1d839342,=,0.0,https://isl.ics.forth.gr/parthenos_vocabularies/Concept/7094,[],[],"[""skos:Concept""]",true,false negative
dh,idai-parthenos,tim-2026.tar.gz,[],[],"[""skos:Concept""]",http://thesauri.dainst.org/_a0be179c,=,0.0,https://isl.ics.forth.gr/parthenos_vocabularies/Concept/7107,[],[],"[""skos:Concept""]",true,false negative
dh,idai-parthenos,tim-2026.tar.gz,[],[],"[""skos:Concept""]",http://thesauri.dainst.org/_fcc3853f,=,0.0,https://isl.ics.forth.gr/parthenos_vocabularies/Concept/7116,[],[],"[""skos:Concept""]",true,false negative
dh,idai-parthenos,tim-2026.tar.gz,[],[],"[""skos:Concept""]",http://thesauri.dainst.org/_6d528ffb,=,0.0,https://isl.ics.forth.gr/parthenos_vocabularies/Concept/7115,[],[],"[""skos:Concept""]",true,false negative
dh,idai-parthenos,tim-2026.tar.gz,[],[],"[""skos:Concept""]",http://thesauri.dainst.org/_30ac6926,=,0.0,https://isl.ics.forth.gr/parthenos_vocabularies/Concept/7163,[],[],"[""skos:Concept""]",true,false negative
dh,idai-parthenos,tim-2026.tar.gz,[],[],"[""skos:Concept""]",http://thesauri.dainst.org/_0117de29,=,0.0,https://isl.ics.forth.gr/parthenos_vocabularies/Concept/7111,[],[],"[""skos:Concept""]",true,false negative
dh,idai-parthenos,tim-2026.tar.gz,[],[],"[""skos:Concept""]",http://thesauri.dainst.org/_afbdde2e,=,0.0,https://isl.ics.forth.gr/parthenos_vocabularies/Concept/7226,[],[],"[""skos:Concept""]",true,false negative
dh,idai-parthenos,tim-2026.tar.gz,[],[],"[""skos:Concept""]",http://thesauri.dainst.org/_4d1bfe78,=,0.0,https://isl.ics.forth.gr/parthenos_vocabularies/Concept/7170,[],[],"[""skos:Concept""]",true,false negative
dh,idai-parthenos,tim-2026.tar.gz,[],[],"[""skos:Concept""]",http://thesauri.dainst.org/_8bca4bf1,=,1.0,https://isl.ics.forth.gr/parthenos_vocabularies/Concept/7219,[],[],"[""skos:Concept""]",true,true positive
dh,idai-parthenos,tim-2026.tar.gz,[],[],"[""skos:Concept""]",http://thesauri.dainst.org/_018b18d1,=,0.0,https://isl.ics.forth.gr/parthenos_vocabularies/Concept/7266,[],[],"[""skos:Concept""]",true,false negative
dh,idai-parthenos,tim-2026.tar.gz,[],[],"[""skos:Concept""]",http://thesauri.dainst.org/_ed0828c5,=,0.0,https://isl.ics.forth.gr/parthenos_vocabularies/Concept/7249,[],[],"[""skos:Concept""]",true,false negative
dh,idai-parthenos,tim-2026.tar.gz,[],[],"[""skos:Concept""]",http://thesauri.dainst.org/_2eaf48c6,=,0.0,https://isl.ics.forth.gr/parthenos_vocabularies/Concept/7112,[],[],"[""skos:Concept""]",true,false negative
dh,idai-parthenos,tim-2026.tar.gz,[],[],"[""skos:Concept""]",http://thesauri.dainst.org/_0aa1995c,=,0.0,https://isl.ics.forth.gr/parthenos_vocabularies/Concept/7147,[],[],"[""skos:Concept""]",true,false negative
dh,idai-parthenos,tim-2026.tar.gz,[],[],"[""skos:Concept""]",http://thesauri.dainst.org/_2b089ca4,=,0.0,https://isl.ics.forth.gr/parthenos_vocabularies/Concept/7142,[],[],"[""skos:Concept""]",true,false negative
dh,idai-parthenos,tim-2026.tar.gz,[],[],"[""skos:Concept""]",http://thesauri.dainst.org/_0530b8a9,=,1.0,https://isl.ics.forth.gr/parthenos_vocabularies/Concept/7179,[],[],"[""skos:Concept""]",true,true positive
dh,idai-parthenos,tim-2026.tar.gz,[],[],"[""skos:Concept""]",http://thesauri.dainst.org/_c332e252,=,1.0,https://isl.ics.forth.gr/parthenos_vocabularies/Concept/7084,[],[],"[""skos:Concept""]",false,false positive
dh,idai-parthenos,tim-2026.tar.gz,[],[],"[""skos:Concept""]",http://thesauri.dainst.org/_59a790d9,=,0.0,https://isl.ics.forth.gr/parthenos_vocabularies/Concept/7267,[],[],"[""skos:Concept""]",true,false negative
dh,idai-parthenos,tim-2026.tar.gz,[],[],"[""skos:Concept""]",http://thesauri.dainst.org/_a4276388,=,0.0,https://isl.ics.forth.gr/parthenos_vocabularies/Concept/7171,[],[],"[""skos:Concept""]",true,false negative
dh,idai-parthenos,tim-2026.tar.gz,[],[],"[""skos:Concept""]",http://thesauri.dainst.org/_acc90782,=,0.0,https://isl.ics.forth.gr/parthenos_vocabularies/Concept/7137,[],[],"[""skos:Concept""]",true,false negative
dh,idai-parthenos,tim-2026.tar.gz,[],[],"[""skos:Concept""]",http://thesauri.dainst.org/_dac3529c,=,0.0,https://isl.ics.forth.gr/parthenos_vocabularies/Concept/7184,[],[],"[""skos:Concept""]",true,false negative
dh,idai-parthenos,tim-2026.tar.gz,[],[],"[""skos:Concept""]",http://thesauri.dainst.org/_6d528ffb,=,0.0,https://isl.ics.forth.gr/parthenos_vocabularies/Concept/7199,[],[],"[""skos:Concept""]",true,false negative
dh,idai-parthenos,tim-2026.tar.gz,[],[],"[""skos:Concept""]",http://thesauri.dainst.org/_5d1ac0ba,=,1.0,https://isl.ics.forth.gr/parthenos_vocabularies/Concept/7165,[],[],"[""skos:Concept""]",true,true positive
dh,idai-parthenos,tim-2026.tar.gz,[],[],[],http://purl.org/dc/terms/description,=,1.0,http://purl.org/dc/terms/description,[],[],[],false,false positive
dh,idai-parthenos,tim-2026.tar.gz,[],[],"[""skos:Concept""]",http://thesauri.dainst.org/_09106e2a,=,0.0,https://isl.ics.forth.gr/parthenos_vocabularies/Concept/7135,[],[],"[""skos:Concept""]",true,false negative
dh,idai-parthenos,tim-2026.tar.gz,[],[],"[""skos:Concept""]",http://thesauri.dainst.org/_eee85fa3,=,0.0,https://isl.ics.forth.gr/parthenos_vocabularies/Concept/7201,[],[],"[""skos:Concept""]",true,false negative
dh,idai-parthenos,tim-2026.tar.gz,[],[],"[""skos:Concept""]",http://thesauri.dainst.org/_3bff2fb5,=,0.0,https://isl.ics.forth.gr/parthenos_vocabularies/Concept/7247,[],[],"[""skos:Concept""]",true,false negative
dh,idai-parthenos,tim-2026.tar.gz,[],[],"[""skos:Concept""]",http://thesauri.dainst.org/_cc22e013,=,0.0,https://isl.ics.forth.gr/parthenos_vocabularies/Concept/7216,[],[],"[""skos:Concept""]",true,false negative
dh,idai-parthenos,tim-2026.tar.gz,[],[],"[""skos:Concept""]",http://thesauri.dainst.org/_6a167951,=,0.0,https://isl.ics.forth.gr/parthenos_vocabularies/Concept/7242,[],[],"[""skos:Concept""]",true,false negative
dh,idai-parthenos,tim-2026.tar.gz,[],[],"[""skos:Concept""]",http://thesauri.dainst.org/_2b089ca4,=,0.0,https://isl.ics.forth.gr/parthenos_vocabularies/Concept/7223,[],[],"[""skos:Concept""]",true,false negative
dh,idai-parthenos,tim-2026.tar.gz,[],[],"[""skos:Concept""]",http://thesauri.dainst.org/_cadb286c,=,1.0,https://isl.ics.forth.gr/parthenos_vocabularies/Concept/7162,[],[],"[""skos:Concept""]",true,true positive
dh,idai-parthenos,tim-2026.tar.gz,[],[],"[""skos:Concept""]",http://thesauri.dainst.org/_c26d8599,=,0.0,https://isl.ics.forth.gr/parthenos_vocabularies/Concept/7246,[],[],"[""skos:Concept""]",true,false negative
dh,idai-parthenos,tim-2026.tar.gz,[],[],"[""skos:Concept""]",http://thesauri.dainst.org/_8bb3692d,=,0.0,https://isl.ics.forth.gr/parthenos_vocabularies/Concept/7221,[],[],"[""skos:Concept""]",true,false negative
dh,idai-parthenos,tim-2026.tar.gz,[],[],"[""skos:Concept""]",http://thesauri.dainst.org/_ccc4d1d5,=,0.0,https://isl.ics.forth.gr/parthenos_vocabularies/Concept/7240,[],[],"[""skos:Concept""]",true,false negative
dh,idai-parthenos,tim-2026.tar.gz,[],[],"[""skos:Concept""]",http://thesauri.dainst.org/_fcc3853f,=,0.0,https://isl.ics.forth.gr/parthenos_vocabularies/Concept/7152,[],[],"[""skos:Concept""]",true,false negative
dh,idai-parthenos,tim-2026.tar.gz,[],[],"[""skos:Concept""]",http://thesauri.dainst.org/_a4c97475,=,0.0,https://isl.ics.forth.gr/parthenos_vocabularies/Concept/7243,[],[],"[""skos:Concept""]",true,false negative
dh,idai-parthenos,tim-2026.tar.gz,[],[],"[""skos:Concept""]",http://thesauri.dainst.org/_c1210d5a,=,0.0,https://isl.ics.forth.gr/parthenos_vocabularies/Concept/7161,[],[],"[""skos:Concept""]",true,false negative
dh,idai-parthenos,tim-2026.tar.gz,[],[],"[""skos:Concept""]",http://thesauri.dainst.org/_0bbbd3c7,=,0.0,https://isl.ics.forth.gr/parthenos_vocabularies/Concept/7099,[],[],"[""skos:Concept""]",true,false negative
dh,idai-parthenos,tim-2026.tar.gz,[],[],"[""skos:Concept""]",http://thesauri.dainst.org/_c332e252,=,0.0,https://isl.ics.forth.gr/parthenos_vocabularies/Concept/7213,[],[],"[""skos:Concept""]",true,false negative
dh,idai-parthenos,tim-2026.tar.gz,[],[],"[""skos:Concept""]",http://thesauri.dainst.org/_fe470a76,=,0.0,https://isl.ics.forth.gr/parthenos_vocabularies/Concept/7194,[],[],"[""skos:Concept""]",true,false negative
dh,idai-parthenos,tim-2026.tar.gz,[],[],"[""skos:Concept""]",http://thesauri.dainst.org/_a671d80c,=,0.0,https://isl.ics.forth.gr/parthenos_vocabularies/Concept/7146,[],[],"[""skos:Concept""]",true,false negative
dh,idai-parthenos,tim-2026.tar.gz,[],[],"[""skos:Concept""]",http://thesauri.dainst.org/_b9892df7,=,0.0,https://isl.ics.forth.gr/parthenos_vocabularies/Concept/7243,[],[],"[""skos:Concept""]",true,false negative
dh,idai-parthenos,tim-2026.tar.gz,[],[],[],http://purl.org/dc/terms/creator,=,1.0,http://purl.org/dc/terms/creator,[],[],[],false,false positive
dh,idai-parthenos,tim-2026.tar.gz,[],[],[],http://purl.org/dc/terms/contributor,=,1.0,http://purl.org/dc/terms/contributor,[],[],[],false,false positive
dh,idai-parthenos,tim-2026.tar.gz,[],[],"[""skos:Concept""]",http://thesauri.dainst.org/_0117de29,=,0.0,https://isl.ics.forth.gr/parthenos_vocabularies/Concept/7263,[],[],"[""skos:Concept""]",true,false negative
dh,idai-parthenos,tim-2026.tar.gz,[],[],"[""skos:Concept""]",http://thesauri.dainst.org/_64e2871b,=,0.0,https://isl.ics.forth.gr/parthenos_vocabularies/Concept/7172,[],[],"[""skos:Concept""]",true,false negative
dh,idai-parthenos,tim-2026.tar.gz,[],[],"[""skos:Concept""]",http://thesauri.dainst.org/_1591f7f8,=,0.0,https://isl.ics.forth.gr/parthenos_vocabularies/Concept/7222,[],[],"[""skos:Concept""]",true,false negative
dh,idai-parthenos,tim-2026.tar.gz,[],[],"[""skos:Concept""]",http://thesauri.dainst.org/_0117de29,=,0.0,https://isl.ics.forth.gr/parthenos_vocabularies/Concept/7192,[],[],"[""skos:Concept""]",true,false negative
dh,idai-parthenos,tim-2026.tar.gz,[],[],"[""skos:Concept""]",http://thesauri.dainst.org/_2b089ca4,=,0.0,https://isl.ics.forth.gr/parthenos_vocabularies/Concept/7214,[],[],"[""skos:Concept""]",true,false negative
dh,idai-parthenos,tim-2026.tar.gz,[],[],"[""skos:Concept""]",http://thesauri.dainst.org/_4d1096fb,=,1.0,https://isl.ics.forth.gr/parthenos_vocabularies/Concept/7136,[],[],"[""skos:Concept""]",true,true positive
dh,idai-parthenos,tim-2026.tar.gz,[],[],"[""skos:Concept""]",http://thesauri.dainst.org/_2e5fdad9,=,0.0,https://isl.ics.forth.gr/parthenos_vocabularies/Concept/7238,[],[],"[""skos:Concept""]",true,false negative
dh,idai-parthenos,tim-2026.tar.gz,[],[],"[""skos:Concept""]",http://thesauri.dainst.org/_4184afc2,=,1.0,https://isl.ics.forth.gr/parthenos_vocabularies/Concept/7164,[],[],"[""skos:Concept""]",true,true positive
dh,idai-parthenos,tim-2026.tar.gz,[],[],"[""skos:Concept""]",http://thesauri.dainst.org/_3daffa4b,=,0.0,https://isl.ics.forth.gr/parthenos_vocabularies/Concept/7190,[],[],"[""skos:Concept""]",true,false negative
dh,idai-parthenos,tim-2026.tar.gz,"[""Concept""]",[],"[""owl:Class""]",http://www.w3.org/2004/02/skos/core#Concept,=,1.0,http://www.w3.org/2004/02/skos/core#Concept,"[""Concept""]",[],"[""owl:Class""]",false,false positive
dh,idai-parthenos,tim-2026.tar.gz,[],[],"[""skos:Concept""]",http://thesauri.dainst.org/_b34a7579,=,0.0,https://isl.ics.forth.gr/parthenos_vocabularies/Concept/7154,[],[],"[""skos:Concept""]",true,false negative
dh,ironagedanube-pactols,tim-2026.tar.gz,[],[],[],http://purl.org/dc/elements/1.1/creator,=,1.0,http://purl.org/dc/terms/creator,[],[],[],false,false positive
dh,ironagedanube-pactols,tim-2026.tar.gz,[],[],"[""skos:Concept""]",https://vocabs.acdh.oeaw.ac.at/iadthesaurus/scheme/concept340,=,1.0,https://ark.frantiq.fr/ark:/26678/pcrtkeLpJpVN4t,[],[],"[""skos:Concept""]",false,false positive
dh,ironagedanube-pactols,tim-2026.tar.gz,[],[],"[""skos:Concept""]",https://vocabs.acdh.oeaw.ac.at/iadthesaurus/scheme/concept319,=,0.0,https://ark.frantiq.fr/ark:/26678/pcrtSu7E2Qh0Xv,[],[],"[""skos:Concept""]",true,false negative
dh,ironagedanube-pactols,tim-2026.tar.gz,[],[],[],http://purl.org/dc/elements/1.1/language,=,1.0,http://purl.org/dc/terms/language,[],[],[],false,false positive
dh,ironagedanube-pactols,tim-2026.tar.gz,[],[],[],http://purl.org/dc/terms/issued,=,1.0,http://purl.org/dc/terms/issued,[],[],[],false,false positive
dh,ironagedanube-pactols,tim-2026.tar.gz,[],[],"[""skos:Concept""]",https://vocabs.acdh.oeaw.ac.at/iadthesaurus/scheme/concept338,=,1.0,https://ark.frantiq.fr/ark:/26678/pcrtF9P4mbuyGk,[],[],"[""skos:Concept""]",true,true positive
dh,ironagedanube-pactols,tim-2026.tar.gz,[],[],[],http://purl.org/dc/terms/rightsHolder,=,1.0,http://purl.org/dc/terms/rights,[],[],[],false,false positive
dh,ironagedanube-pactols,tim-2026.tar.gz,[],[],"[""skos:Concept""]",https://vocabs.acdh.oeaw.ac.at/iadthesaurus/scheme/concept341,=,1.0,https://ark.frantiq.fr/ark:/26678/pcrts62Z2hl4ux,[],[],"[""skos:Concept""]",true,true positive
dh,ironagedanube-pactols,tim-2026.tar.gz,[],[],"[""skos:Concept""]",https://vocabs.acdh.oeaw.ac.at/iadthesaurus/scheme/concept336,=,1.0,https://ark.frantiq.fr/ark:/26678/pcrthcbe2XySTb,[],[],"[""skos:Concept""]",true,true positive
dh,ironagedanube-pactols,tim-2026.tar.gz,[],[],[],http://purl.org/dc/elements/1.1/description,=,1.0,http://purl.org/dc/terms/description,[],[],[],false,false positive
dh,ironagedanube-pactols,tim-2026.tar.gz,[],[],"[""skos:Concept""]",https://vocabs.acdh.oeaw.ac.at/iadthesaurus/scheme/concept333,=,1.0,https://ark.frantiq.fr/ark:/26678/pcrt9PJh9aTXv4,[],[],"[""skos:Concept""]",false,false positive
dh,ironagedanube-pactols,tim-2026.tar.gz,[],[],"[""skos:Concept""]",https://vocabs.acdh.oeaw.ac.at/iadthesaurus/scheme/concept369,=,1.0,https://ark.frantiq.fr/ark:/26678/pcrtms2OAv82PY,[],[],"[""skos:Concept""]",false,false positive
dh,ironagedanube-pactols,tim-2026.tar.gz,[],[],"[""skos:Concept""]",https://vocabs.acdh.oeaw.ac.at/iadthesaurus/scheme/concept387,=,1.0,https://ark.frantiq.fr/ark:/26678/pcrtxKnfzXYMxK,[],[],"[""skos:Concept""]",true,true positive
dh,ironagedanube-pactols,tim-2026.tar.gz,[],[],[],http://purl.org/dc/elements/1.1/subject,=,1.0,http://purl.org/dc/terms/subject,[],[],[],false,false positive
dh,ironagedanube-pactols,tim-2026.tar.gz,"[""Concept""]",[],"[""owl:Class""]",http://www.w3.org/2004/02/skos/core#Concept,=,1.0,http://www.w3.org/2004/02/skos/core#Concept,"[""Concept""]",[],"[""owl:Class""]",false,false positive
dh,ironagedanube-pactols,tim-2026.tar.gz,[],[],[],http://purl.org/dc/terms/created,=,1.0,http://purl.org/dc/terms/created,[],[],[],false,false positive
dh,ironagedanube-pactols,tim-2026.tar.gz,[],[],[],http://purl.org/dc/elements/1.1/title,=,1.0,http://purl.org/dc/terms/title,[],[],[],false,false positive
dh,ironagedanube-pactols,tim-2026.tar.gz,[],[],[],http://purl.org/dc/terms/modified,=,1.0,http://purl.org/dc/terms/modified,[],[],[],false,false positive
dh,defc-pactols,matcha-2026.tar.gz,[],[],"[""skos:Concept""]",https://vocabs.acdh.oeaw.ac.at/defcthesaurus/pit/5.4,=,0.8849717515251369,https://ark.frantiq.fr/ark:/26678/pcrtms2OAv82PY,[],[],"[""skos:Concept""]",true,true positive
dh,defc-pactols,matcha-2026.tar.gz,[],[],"[""skos:Concept""]",https://vocabs.acdh.oeaw.ac.at/defcthesaurus/hearth/5.3,=,0.8183999999999998,https://ark.frantiq.fr/ark:/26678/pcrtJUwAaZ7Nz9,[],[],"[""skos:Concept""]",true,true positive
dh,defc-pactols,matcha-2026.tar.gz,[],[],"[""skos:Concept""]",https://vocabs.acdh.oeaw.ac.at/defcthesaurus/cairn/5.8,=,0.8561519999999999,https://ark.frantiq.fr/ark:/26678/pcrtAqKgmvERHQ,[],[],"[""skos:Concept""]",true,true positive
dh,defc-pactols,matcha-2026.tar.gz,[],[],"[""skos:Concept""]",https://vocabs.acdh.oeaw.ac.at/defcthesaurus/fireplace/5.1,=,0.8183999999999998,https://ark.frantiq.fr/ark:/26678/pcrtJUwAaZ7Nz9,[],[],"[""skos:Concept""]",true,true positive
dh,defc-pactols,matcha-2026.tar.gz,[],[],"[""skos:Concept""]",https://vocabs.acdh.oeaw.ac.at/defcthesaurus/pile_dwelling/5.4,=,0.8271999999999998,https://ark.frantiq.fr/ark:/26678/pcrt5MQsnfNDTD,[],[],"[""skos:Concept""]",true,true positive
dh,defc-pactols,matcha-2026.tar.gz,[],[],"[""skos:Concept""]",https://vocabs.acdh.oeaw.ac.at/defcthesaurus/waste_pit/5.20,=,0.8849717515251369,https://ark.frantiq.fr/ark:/26678/pcrtp5Wcpmp9I3,[],[],"[""skos:Concept""]",true,true positive
dh,defc-pactols,matcha-2026.tar.gz,[],[],"[""skos:Concept""]",https://vocabs.acdh.oeaw.ac.at/defcthesaurus/settlement_enclosure/4.073,=,0.0,https://ark.frantiq.fr/ark:/26678/pcrtKei7jxhn32,[],[],"[""skos:Concept""]",true,false negative
dh,defc-pactols,matcha-2026.tar.gz,[],[],"[""skos:Concept""]",https://vocabs.acdh.oeaw.ac.at/defcthesaurus/cave/3.1,=,0.8183999999999998,https://ark.frantiq.fr/ark:/26678/pcrtxKnfzXYMxK,[],[],"[""skos:Concept""]",true,true positive
dh,defc-pactols,matcha-2026.tar.gz,[],[],"[""skos:Concept""]",https://vocabs.acdh.oeaw.ac.at/defcthesaurus/rock_shelter/3.2,=,0.8183999999999998,https://ark.frantiq.fr/ark:/26678/pcrtkeLpJpVN4t,[],[],"[""skos:Concept""]",true,true positive
dh,defc-pactols,matcha-2026.tar.gz,[],[],"[""skos:Concept""]",https://vocabs.acdh.oeaw.ac.at/defcthesaurus/tell/4.2,=,0.8741999999999999,https://ark.frantiq.fr/ark:/26678/pcrtx4sFxmENjb,[],[],"[""skos:Concept""]",true,true positive
dh,idai-parthenos,logmap-lite-2026.tar.gz,[],[],"[""skos:Concept""]",http://thesauri.dainst.org/_1f524e33,=,0.0,https://isl.ics.forth.gr/parthenos_vocabularies/Concept/7114,[],[],"[""skos:Concept""]",true,false negative
dh,idai-parthenos,logmap-lite-2026.tar.gz,[],[],"[""skos:Concept""]",http://thesauri.dainst.org/_4b0d451a,=,0.0,https://isl.ics.forth.gr/parthenos_vocabularies/Concept/7107,[],[],"[""skos:Concept""]",true,false negative
dh,idai-parthenos,logmap-lite-2026.tar.gz,[],[],"[""skos:Concept""]",http://thesauri.dainst.org/_697dc279,=,0.0,https://isl.ics.forth.gr/parthenos_vocabularies/Concept/7118,[],[],"[""skos:Concept""]",true,false negative
dh,idai-parthenos,logmap-lite-2026.tar.gz,[],[],"[""skos:Concept""]",http://thesauri.dainst.org/_1d839342,=,0.0,https://isl.ics.forth.gr/parthenos_vocabularies/Concept/7094,[],[],"[""skos:Concept""]",true,false negative
dh,idai-parthenos,logmap-lite-2026.tar.gz,[],[],"[""skos:Concept""]",http://thesauri.dainst.org/_a0be179c,=,0.0,https://isl.ics.forth.gr/parthenos_vocabularies/Concept/7107,[],[],"[""skos:Concept""]",true,false negative
dh,idai-parthenos,logmap-lite-2026.tar.gz,[],[],"[""skos:Concept""]",http://thesauri.dainst.org/_fcc3853f,=,0.0,https://isl.ics.forth.gr/parthenos_vocabularies/Concept/7116,[],[],"[""skos:Concept""]",true,false negative
dh,idai-parthenos,logmap-lite-2026.tar.gz,[],[],"[""skos:Concept""]",http://thesauri.dainst.org/_6d528ffb,=,0.0,https://isl.ics.forth.gr/parthenos_vocabularies/Concept/7115,[],[],"[""skos:Concept""]",true,false negative
dh,idai-parthenos,logmap-lite-2026.tar.gz,[],[],"[""skos:Concept""]",http://thesauri.dainst.org/_30ac6926,=,0.0,https://isl.ics.forth.gr/parthenos_vocabularies/Concept/7163,[],[],"[""skos:Concept""]",true,false negative
dh,idai-parthenos,logmap-lite-2026.tar.gz,[],[],[],http://www.w3.org/2004/02/skos/core#ConceptScheme,=,1.0,http://www.w3.org/2004/02/skos/core#ConceptScheme,[],[],[],false,false positive
dh,idai-parthenos,logmap-lite-2026.tar.gz,[],[],"[""skos:Concept""]",http://thesauri.dainst.org/_0117de29,=,0.0,https://isl.ics.forth.gr/parthenos_vocabularies/Concept/7111,[],[],"[""skos:Concept""]",true,false negative
dh,idai-parthenos,logmap-lite-2026.tar.gz,[],[],"[""skos:Concept""]",http://thesauri.dainst.org/_afbdde2e,=,0.0,https://isl.ics.forth.gr/parthenos_vocabularies/Concept/7226,[],[],"[""skos:Concept""]",true,false negative
dh,idai-parthenos,logmap-lite-2026.tar.gz,[],[],"[""skos:Concept""]",http://thesauri.dainst.org/_4d1bfe78,=,0.0,https://isl.ics.forth.gr/parthenos_vocabularies/Concept/7170,[],[],"[""skos:Concept""]",true,false negative
dh,idai-parthenos,logmap-lite-2026.tar.gz,[],[],"[""skos:Concept""]",http://thesauri.dainst.org/_8bca4bf1,=,0.0,https://isl.ics.forth.gr/parthenos_vocabularies/Concept/7219,[],[],"[""skos:Concept""]",true,false negative
dh,idai-parthenos,logmap-lite-2026.tar.gz,[],[],"[""skos:Concept""]",http://thesauri.dainst.org/_018b18d1,=,0.0,https://isl.ics.forth.gr/parthenos_vocabularies/Concept/7266,[],[],"[""skos:Concept""]",true,false negative
dh,idai-parthenos,logmap-lite-2026.tar.gz,[],[],"[""skos:Concept""]",http://thesauri.dainst.org/_ed0828c5,=,0.0,https://isl.ics.forth.gr/parthenos_vocabularies/Concept/7249,[],[],"[""skos:Concept""]",true,false negative
dh,idai-parthenos,logmap-lite-2026.tar.gz,[],[],"[""skos:Concept""]",http://thesauri.dainst.org/_0aa1995c,=,0.0,https://isl.ics.forth.gr/parthenos_vocabularies/Concept/7147,[],[],"[""skos:Concept""]",true,false negative
dh,idai-parthenos,logmap-lite-2026.tar.gz,[],[],"[""skos:Concept""]",http://thesauri.dainst.org/_2eaf48c6,=,0.0,https://isl.ics.forth.gr/parthenos_vocabularies/Concept/7112,[],[],"[""skos:Concept""]",true,false negative
dh,idai-parthenos,logmap-lite-2026.tar.gz,[],[],"[""skos:Concept""]",http://thesauri.dainst.org/_2b089ca4,=,0.0,https://isl.ics.forth.gr/parthenos_vocabularies/Concept/7142,[],[],"[""skos:Concept""]",true,false negative
dh,idai-parthenos,logmap-lite-2026.tar.gz,[],[],"[""skos:Concept""]",http://thesauri.dainst.org/_0530b8a9,=,0.0,https://isl.ics.forth.gr/parthenos_vocabularies/Concept/7179,[],[],"[""skos:Concept""]",true,false negative
dh,idai-parthenos,logmap-lite-2026.tar.gz,[],[],"[""skos:Concept""]",http://thesauri.dainst.org/_59a790d9,=,0.0,https://isl.ics.forth.gr/parthenos_vocabularies/Concept/7267,[],[],"[""skos:Concept""]",true,false negative
dh,idai-parthenos,logmap-lite-2026.tar.gz,[],[],"[""skos:Concept""]",http://thesauri.dainst.org/_a4276388,=,0.0,https://isl.ics.forth.gr/parthenos_vocabularies/Concept/7171,[],[],"[""skos:Concept""]",true,false negative
dh,idai-parthenos,logmap-lite-2026.tar.gz,[],[],"[""skos:Concept""]",http://thesauri.dainst.org/_acc90782,=,0.0,https://isl.ics.forth.gr/parthenos_vocabularies/Concept/7137,[],[],"[""skos:Concept""]",true,false negative
dh,idai-parthenos,logmap-lite-2026.tar.gz,[],[],"[""skos:Concept""]",http://thesauri.dainst.org/_dac3529c,=,0.0,https://isl.ics.forth.gr/parthenos_vocabularies/Concept/7184,[],[],"[""skos:Concept""]",true,false negative
dh,idai-parthenos,logmap-lite-2026.tar.gz,[],[],"[""skos:Concept""]",http://thesauri.dainst.org/_6d528ffb,=,0.0,https://isl.ics.forth.gr/parthenos_vocabularies/Concept/7199,[],[],"[""skos:Concept""]",true,false negative
dh,idai-parthenos,logmap-lite-2026.tar.gz,[],[],"[""skos:Concept""]",http://thesauri.dainst.org/_5d1ac0ba,=,0.0,https://isl.ics.forth.gr/parthenos_vocabularies/Concept/7165,[],[],"[""skos:Concept""]",true,false negative
dh,idai-parthenos,logmap-lite-2026.tar.gz,[],[],"[""skos:Concept""]",http://thesauri.dainst.org/_09106e2a,=,0.0,https://isl.ics.forth.gr/parthenos_vocabularies/Concept/7135,[],[],"[""skos:Concept""]",true,false negative
dh,idai-parthenos,logmap-lite-2026.tar.gz,[],[],"[""skos:Concept""]",http://thesauri.dainst.org/_eee85fa3,=,0.0,https://isl.ics.forth.gr/parthenos_vocabularies/Concept/7201,[],[],"[""skos:Concept""]",true,false negative
dh,idai-parthenos,logmap-lite-2026.tar.gz,[],[],"[""skos:Concept""]",http://thesauri.dainst.org/_3bff2fb5,=,0.0,https://isl.ics.forth.gr/parthenos_vocabularies/Concept/7247,[],[],"[""skos:Concept""]",true,false negative
dh,idai-parthenos,logmap-lite-2026.tar.gz,[],[],"[""skos:Concept""]",http://thesauri.dainst.org/_cc22e013,=,0.0,https://isl.ics.forth.gr/parthenos_vocabularies/Concept/7216,[],[],"[""skos:Concept""]",true,false negative
dh,idai-parthenos,logmap-lite-2026.tar.gz,[],[],"[""skos:Concept""]",http://thesauri.dainst.org/_6a167951,=,0.0,https://isl.ics.forth.gr/parthenos_vocabularies/Concept/7242,[],[],"[""skos:Concept""]",true,false negative
dh,idai-parthenos,logmap-lite-2026.tar.gz,[],[],"[""skos:Concept""]",http://thesauri.dainst.org/_2b089ca4,=,0.0,https://isl.ics.forth.gr/parthenos_vocabularies/Concept/7223,[],[],"[""skos:Concept""]",true,false negative
dh,idai-parthenos,logmap-lite-2026.tar.gz,[],[],"[""skos:Concept""]",http://thesauri.dainst.org/_cadb286c,=,0.0,https://isl.ics.forth.gr/parthenos_vocabularies/Concept/7162,[],[],"[""skos:Concept""]",true,false negative
dh,idai-parthenos,logmap-lite-2026.tar.gz,[],[],"[""skos:Concept""]",http://thesauri.dainst.org/_c26d8599,=,0.0,https://isl.ics.forth.gr/parthenos_vocabularies/Concept/7246,[],[],"[""skos:Concept""]",true,false negative
dh,idai-parthenos,logmap-lite-2026.tar.gz,[],[],"[""skos:Concept""]",http://thesauri.dainst.org/_8bb3692d,=,0.0,https://isl.ics.forth.gr/parthenos_vocabularies/Concept/7221,[],[],"[""skos:Concept""]",true,false negative
dh,idai-parthenos,logmap-lite-2026.tar.gz,[],[],"[""skos:Concept""]",http://thesauri.dainst.org/_ccc4d1d5,=,0.0,https://isl.ics.forth.gr/parthenos_vocabularies/Concept/7240,[],[],"[""skos:Concept""]",true,false negative
dh,idai-parthenos,logmap-lite-2026.tar.gz,[],[],"[""skos:Concept""]",http://thesauri.dainst.org/_fcc3853f,=,0.0,https://isl.ics.forth.gr/parthenos_vocabularies/Concept/7152,[],[],"[""skos:Concept""]",true,false negative
dh,idai-parthenos,logmap-lite-2026.tar.gz,[],[],"[""skos:Concept""]",http://thesauri.dainst.org/_a4c97475,=,0.0,https://isl.ics.forth.gr/parthenos_vocabularies/Concept/7243,[],[],"[""skos:Concept""]",true,false negative
dh,idai-parthenos,logmap-lite-2026.tar.gz,[],[],"[""skos:Concept""]",http://thesauri.dainst.org/_c1210d5a,=,0.0,https://isl.ics.forth.gr/parthenos_vocabularies/Concept/7161,[],[],"[""skos:Concept""]",true,false negative
dh,idai-parthenos,logmap-lite-2026.tar.gz,[],[],"[""skos:Concept""]",http://thesauri.dainst.org/_0bbbd3c7,=,0.0,https://isl.ics.forth.gr/parthenos_vocabularies/Concept/7099,[],[],"[""skos:Concept""]",true,false negative
dh,idai-parthenos,logmap-lite-2026.tar.gz,[],[],"[""skos:Concept""]",http://thesauri.dainst.org/_c332e252,=,0.0,https://isl.ics.forth.gr/parthenos_vocabularies/Concept/7213,[],[],"[""skos:Concept""]",true,false negative
dh,idai-parthenos,logmap-lite-2026.tar.gz,[],[],"[""skos:Concept""]",http://thesauri.dainst.org/_fe470a76,=,0.0,https://isl.ics.forth.gr/parthenos_vocabularies/Concept/7194,[],[],"[""skos:Concept""]",true,false negative
dh,idai-parthenos,logmap-lite-2026.tar.gz,[],[],"[""skos:Concept""]",http://thesauri.dainst.org/_a671d80c,=,0.0,https://isl.ics.forth.gr/parthenos_vocabularies/Concept/7146,[],[],"[""skos:Concept""]",true,false negative
dh,idai-parthenos,logmap-lite-2026.tar.gz,[],[],"[""skos:Concept""]",http://thesauri.dainst.org/_b9892df7,=,0.0,https://isl.ics.forth.gr/parthenos_vocabularies/Concept/7243,[],[],"[""skos:Concept""]",true,false negative
dh,idai-parthenos,logmap-lite-2026.tar.gz,[],[],"[""skos:Concept""]",http://thesauri.dainst.org/_0117de29,=,0.0,https://isl.ics.forth.gr/parthenos_vocabularies/Concept/7263,[],[],"[""skos:Concept""]",true,false negative
dh,idai-parthenos,logmap-lite-2026.tar.gz,[],[],"[""skos:Concept""]",http://thesauri.dainst.org/_64e2871b,=,0.0,https://isl.ics.forth.gr/parthenos_vocabularies/Concept/7172,[],[],"[""skos:Concept""]",true,false negative
dh,idai-parthenos,logmap-lite-2026.tar.gz,[],[],"[""skos:Concept""]",http://thesauri.dainst.org/_1591f7f8,=,0.0,https://isl.ics.forth.gr/parthenos_vocabularies/Concept/7222,[],[],"[""skos:Concept""]",true,false negative
dh,idai-parthenos,logmap-lite-2026.tar.gz,[],[],"[""skos:Concept""]",http://thesauri.dainst.org/_0117de29,=,0.0,https://isl.ics.forth.gr/parthenos_vocabularies/Concept/7192,[],[],"[""skos:Concept""]",true,false negative
dh,idai-parthenos,logmap-lite-2026.tar.gz,[],[],"[""skos:Concept""]",http://thesauri.dainst.org/_2b089ca4,=,0.0,https://isl.ics.forth.gr/parthenos_vocabularies/Concept/7214,[],[],"[""skos:Concept""]",true,false negative
dh,idai-parthenos,logmap-lite-2026.tar.gz,[],[],"[""skos:Concept""]",http://thesauri.dainst.org/_4d1096fb,=,0.0,https://isl.ics.forth.gr/parthenos_vocabularies/Concept/7136,[],[],"[""skos:Concept""]",true,false negative
dh,idai-parthenos,logmap-lite-2026.tar.gz,[],[],"[""skos:Concept""]",http://thesauri.dainst.org/_2e5fdad9,=,0.0,https://isl.ics.forth.gr/parthenos_vocabularies/Concept/7238,[],[],"[""skos:Concept""]",true,false negative
dh,idai-parthenos,logmap-lite-2026.tar.gz,[],[],"[""skos:Concept""]",http://thesauri.dainst.org/_4184afc2,=,0.0,https://isl.ics.forth.gr/parthenos_vocabularies/Concept/7164,[],[],"[""skos:Concept""]",true,false negative
dh,idai-parthenos,logmap-lite-2026.tar.gz,[],[],"[""skos:Concept""]",http://thesauri.dainst.org/_3daffa4b,=,0.0,https://isl.ics.forth.gr/parthenos_vocabularies/Concept/7190,[],[],"[""skos:Concept""]",true,false negative
dh,idai-parthenos,logmap-lite-2026.tar.gz,"[""Concept""]",[],"[""owl:Class""]",http://www.w3.org/2004/02/skos/core#Concept,=,1.0,http://www.w3.org/2004/02/skos/core#Concept,"[""Concept""]",[],"[""owl:Class""]",false,false positive
dh,idai-parthenos,logmap-lite-2026.tar.gz,[],[],"[""skos:Concept""]",http://thesauri.dainst.org/_b34a7579,=,0.0,https://isl.ics.forth.gr/parthenos_vocabularies/Concept/7154,[],[],"[""skos:Concept""]",true,false negative
dh,tadirah-unesco,logmap-2026.tar.gz,[],[],"[""owl:NamedIndividual"",""skos:Concept""]",https://vocabs.dariah.eu/tadirah/audioRecording,=,0.0,http://vocabularies.unesco.org/thesaurus/concept9812,[],[],"[""skos:Concept""]",true,false negative
dh,tadirah-unesco,logmap-2026.tar.gz,[],[],"[""owl:NamedIndividual"",""skos:Concept""]",https://vocabs.dariah.eu/tadirah/cataloging,=,0.0,http://vocabularies.unesco.org/thesaurus/concept3799,[],[],"[""skos:Concept""]",true,false negative
dh,tadirah-unesco,logmap-2026.tar.gz,[],[],"[""owl:NamedIndividual"",""skos:Concept""]",https://vocabs.dariah.eu/tadirah/drawing,=,0.0,http://vocabularies.unesco.org/thesaurus/concept4716,[],[],"[""skos:Concept""]",true,false negative
dh,tadirah-unesco,logmap-2026.tar.gz,[],[],"[""owl:NamedIndividual"",""skos:Concept""]",https://vocabs.dariah.eu/tadirah/patternRecognition,=,0.0,http://vocabularies.unesco.org/thesaurus/concept3054,[],[],"[""skos:Concept""]",true,false negative
dh,tadirah-unesco,logmap-2026.tar.gz,[],[],"[""owl:NamedIndividual"",""skos:Concept""]",https://vocabs.dariah.eu/tadirah/programming,=,0.0,http://vocabularies.unesco.org/thesaurus/concept521,[],[],"[""skos:Concept""]",true,false negative
dh,tadirah-unesco,logmap-2026.tar.gz,[],[],"[""owl:NamedIndividual"",""skos:Concept""]",https://vocabs.dariah.eu/tadirah/writing,=,0.0,http://vocabularies.unesco.org/thesaurus/concept5829,[],[],"[""skos:Concept""]",true,false negative
dh,tadirah-unesco,logmap-2026.tar.gz,[],[],"[""owl:NamedIndividual"",""skos:Concept""]",https://vocabs.dariah.eu/tadirah/editing,=,0.0,http://vocabularies.unesco.org/thesaurus/concept4200,[],[],"[""skos:Concept""]",true,false negative
dh,tadirah-unesco,logmap-2026.tar.gz,[],[],"[""owl:NamedIndividual"",""skos:Concept""]",https://vocabs.dariah.eu/tadirah/disseminating,=,0.0,http://vocabularies.unesco.org/thesaurus/concept512,[],[],"[""skos:Concept""]",true,false negative
dh,tadirah-unesco,logmap-2026.tar.gz,[],[],"[""owl:NamedIndividual"",""skos:Concept""]",https://vocabs.dariah.eu/tadirah/recording,=,0.0,http://vocabularies.unesco.org/thesaurus/concept505,[],[],"[""skos:Concept""]",true,false negative
dh,tadirah-unesco,logmap-2026.tar.gz,[],[],"[""owl:NamedIndividual"",""skos:Concept""]",https://vocabs.dariah.eu/tadirah/publishing,=,0.0,http://vocabularies.unesco.org/thesaurus/concept3810,[],[],"[""skos:Concept""]",true,false negative
dh,tadirah-unesco,logmap-2026.tar.gz,[],[],"[""owl:NamedIndividual"",""skos:Concept""]",https://vocabs.dariah.eu/tadirah/digitalPublishing,=,0.0,http://vocabularies.unesco.org/thesaurus/concept6021,[],[],"[""skos:Concept""]",true,false negative
dh,tadirah-unesco,logmap-2026.tar.gz,[],[],"[""owl:NamedIndividual"",""skos:Concept""]",https://vocabs.dariah.eu/tadirah/informationRetrieval,=,0.0,http://vocabularies.unesco.org/thesaurus/concept514,[],[],"[""skos:Concept""]",true,false negative
dh,tadirah-unesco,logmap-2026.tar.gz,[],[],"[""owl:NamedIndividual"",""skos:Concept""]",https://vocabs.dariah.eu/tadirah/encoding,=,0.0,http://vocabularies.unesco.org/thesaurus/concept5530,[],[],"[""skos:Concept""]",true,false negative
dh,tadirah-unesco,logmap-2026.tar.gz,[],[],"[""owl:NamedIndividual"",""skos:Concept""]",https://vocabs.dariah.eu/tadirah/videoCapture,=,0.0,http://vocabularies.unesco.org/thesaurus/concept3354,[],[],"[""skos:Concept""]",true,false negative
dh,tadirah-unesco,logmap-2026.tar.gz,[],[],"[""owl:NamedIndividual"",""skos:Concept""]",https://vocabs.dariah.eu/tadirah/opticalCharacterRecognition,=,0.0,http://vocabularies.unesco.org/thesaurus/concept4954,[],[],"[""skos:Concept""]",true,false negative
dh,oeai-parthenos,logmap-kg-2026.tar.gz,[],[],"[""skos:Concept""]",https://vocabs.acdh.oeaw.ac.at/oeai-cultural-periods/concept23528,=,1.0,https://isl.ics.forth.gr/parthenos_vocabularies/Concept/7099,[],[],"[""skos:Concept""]",true,true positive
dh,oeai-parthenos,logmap-kg-2026.tar.gz,[],[],"[""skos:Concept""]",https://vocabs.acdh.oeaw.ac.at/oeai-cultural-periods/concept23276,=,1.0,https://isl.ics.forth.gr/parthenos_vocabularies/Concept/7147,[],[],"[""skos:Concept""]",true,true positive
dh,oeai-parthenos,logmap-kg-2026.tar.gz,[],[],"[""skos:Concept""]",https://vocabs.acdh.oeaw.ac.at/oeai-cultural-periods/concept23544,=,1.0,https://isl.ics.forth.gr/parthenos_vocabularies/Concept/7188,[],[],"[""skos:Concept""]",true,true positive
dh,oeai-parthenos,logmap-kg-2026.tar.gz,[],[],"[""skos:Concept""]",https://vocabs.acdh.oeaw.ac.at/oeai-cultural-periods/concept23560,=,1.0,https://isl.ics.forth.gr/parthenos_vocabularies/Concept/7107,[],[],"[""skos:Concept""]",true,true positive
dh,oeai-parthenos,logmap-kg-2026.tar.gz,[],[],"[""skos:Concept""]",https://vocabs.acdh.oeaw.ac.at/oeai-cultural-periods/concept23194,=,1.0,https://isl.ics.forth.gr/parthenos_vocabularies/Concept/7215,[],[],"[""skos:Concept""]",true,true positive
dh,oeai-parthenos,logmap-kg-2026.tar.gz,[],[],"[""skos:Concept""]",https://vocabs.acdh.oeaw.ac.at/oeai-cultural-periods/concept23318,=,1.0,https://isl.ics.forth.gr/parthenos_vocabularies/Concept/7125,[],[],"[""skos:Concept""]",true,true positive
dh,oeai-parthenos,logmap-kg-2026.tar.gz,[],[],"[""skos:Concept""]",https://vocabs.acdh.oeaw.ac.at/oeai-cultural-periods/concept23317,=,0.0,https://isl.ics.forth.gr/parthenos_vocabularies/Concept/7115,[],[],"[""skos:Concept""]",true,false negative
dh,oeai-parthenos,logmap-kg-2026.tar.gz,[],[],"[""skos:Concept""]",https://vocabs.acdh.oeaw.ac.at/oeai-cultural-periods/concept23275,=,1.0,https://isl.ics.forth.gr/parthenos_vocabularies/Concept/7216,[],[],"[""skos:Concept""]",true,true positive
dh,oeai-parthenos,logmap-kg-2026.tar.gz,[],[],"[""skos:Concept""]",https://vocabs.acdh.oeaw.ac.at/oeai-cultural-periods/concept23274,=,1.0,https://isl.ics.forth.gr/parthenos_vocabularies/Concept/7194,[],[],"[""skos:Concept""]",true,true positive
dh,oeai-parthenos,logmap-kg-2026.tar.gz,[],[],"[""skos:Concept""]",https://vocabs.acdh.oeaw.ac.at/oeai-cultural-periods/concept23546,=,1.0,https://isl.ics.forth.gr/parthenos_vocabularies/Concept/7184,[],[],"[""skos:Concept""]",true,true positive
dh,oeai-parthenos,logmap-kg-2026.tar.gz,[],[],"[""skos:Concept""]",https://vocabs.acdh.oeaw.ac.at/oeai-cultural-periods/concept23558,=,0.0,https://isl.ics.forth.gr/parthenos_vocabularies/Concept/7118,[],[],"[""skos:Concept""]",true,false negative
dh,oeai-parthenos,logmap-kg-2026.tar.gz,[],[],"[""skos:Concept""]",https://vocabs.acdh.oeaw.ac.at/oeai-cultural-periods/concept23531,=,1.0,https://isl.ics.forth.gr/parthenos_vocabularies/Concept/7246,[],[],"[""skos:Concept""]",true,true positive
dh,oeai-parthenos,logmap-kg-2026.tar.gz,[],[],"[""skos:Concept""]",https://vocabs.acdh.oeaw.ac.at/oeai-cultural-periods/concept23272,=,1.0,https://isl.ics.forth.gr/parthenos_vocabularies/Concept/7266,[],[],"[""skos:Concept""]",true,true positive
dh,oeai-parthenos,logmap-kg-2026.tar.gz,[],[],"[""skos:Concept""]",https://vocabs.acdh.oeaw.ac.at/oeai-cultural-periods/concept23543,=,0.0,https://isl.ics.forth.gr/parthenos_vocabularies/Concept/7243,[],[],"[""skos:Concept""]",true,false negative
dh,oeai-parthenos,logmap-kg-2026.tar.gz,[],[],"[""skos:Concept""]",https://vocabs.acdh.oeaw.ac.at/oeai-cultural-periods/concept23316,=,0.0,https://isl.ics.forth.gr/parthenos_vocabularies/Concept/7237,[],[],"[""skos:Concept""]",true,false negative
dh,oeai-parthenos,logmap-kg-2026.tar.gz,[],[],"[""skos:Concept""]",https://vocabs.acdh.oeaw.ac.at/oeai-cultural-periods/concept23273,=,1.0,https://isl.ics.forth.gr/parthenos_vocabularies/Concept/7247,[],[],"[""skos:Concept""]",true,true positive
dh,oeai-parthenos,logmap-kg-2026.tar.gz,[],[],"[""skos:Concept""]",https://vocabs.acdh.oeaw.ac.at/oeai-cultural-periods/concept23225,=,1.0,https://isl.ics.forth.gr/parthenos_vocabularies/Concept/7094,[],[],"[""skos:Concept""]",true,true positive
dh,oeai-parthenos,logmap-kg-2026.tar.gz,[],[],"[""skos:Concept""]",https://vocabs.acdh.oeaw.ac.at/oeai-cultural-periods/concept23522,=,1.0,https://isl.ics.forth.gr/parthenos_vocabularies/Concept/7224,[],[],"[""skos:Concept""]",true,true positive
dh,oeai-parthenos,logmap-kg-2026.tar.gz,[],[],"[""skos:Concept""]",https://vocabs.acdh.oeaw.ac.at/oeai-cultural-periods/concept23226,=,1.0,https://isl.ics.forth.gr/parthenos_vocabularies/Concept/7238,[],[],"[""skos:Concept""]",true,true positive
dh,oeai-parthenos,logmap-kg-2026.tar.gz,[],[],"[""skos:Concept""]",https://vocabs.acdh.oeaw.ac.at/oeai-cultural-periods/concept23559,=,0.0,https://isl.ics.forth.gr/parthenos_vocabularies/Concept/7227,[],[],"[""skos:Concept""]",true,false negative
dh,oeai-parthenos,logmap-kg-2026.tar.gz,[],[],"[""skos:Concept""]",https://vocabs.acdh.oeaw.ac.at/oeai-cultural-periods/concept23316,=,0.0,https://isl.ics.forth.gr/parthenos_vocabularies/Concept/7169,[],[],"[""skos:Concept""]",true,false negative
dh,oeai-parthenos,logmap-kg-2026.tar.gz,[],[],"[""skos:Concept""]",https://vocabs.acdh.oeaw.ac.at/oeai-cultural-periods/concept23271,=,0.89,https://isl.ics.forth.gr/parthenos_vocabularies/Concept/7140,[],[],"[""skos:Concept""]",true,true positive
dh,oeai-parthenos,logmap-kg-2026.tar.gz,[],[],"[""skos:Concept""]",https://vocabs.acdh.oeaw.ac.at/oeai-cultural-periods/concept23314,=,1.0,https://isl.ics.forth.gr/parthenos_vocabularies/Concept/7114,[],[],"[""skos:Concept""]",true,true positive
dh,oeai-parthenos,logmap-kg-2026.tar.gz,[],[],"[""skos:Concept""]",https://vocabs.acdh.oeaw.ac.at/oeai-cultural-periods/concept23495,=,1.0,https://isl.ics.forth.gr/parthenos_vocabularies/Concept/7172,[],[],"[""skos:Concept""]",true,true positive
dh,oeai-parthenos,logmap-kg-2026.tar.gz,[],[],"[""skos:Concept""]",https://vocabs.acdh.oeaw.ac.at/oeai-cultural-periods/concept23247,=,1.0,https://isl.ics.forth.gr/parthenos_vocabularies/Concept/7189,[],[],"[""skos:Concept""]",true,true positive
dh,oeai-parthenos,logmap-kg-2026.tar.gz,[],[],"[""skos:Concept""]",https://vocabs.acdh.oeaw.ac.at/oeai-cultural-periods/concept23315,=,0.0,https://isl.ics.forth.gr/parthenos_vocabularies/Concept/7116,[],[],"[""skos:Concept""]",true,false negative
dh,oeai-parthenos,logmap-kg-2026.tar.gz,[],[],"[""skos:Concept""]",https://vocabs.acdh.oeaw.ac.at/oeai-cultural-periods/concept23532,=,1.0,https://isl.ics.forth.gr/parthenos_vocabularies/Concept/7179,[],[],"[""skos:Concept""]",true,true positive
dh,oeai-parthenos,logmap-kg-2026.tar.gz,[],[],"[""skos:Concept""]",https://vocabs.acdh.oeaw.ac.at/oeai-cultural-periods/concept23243,=,1.0,https://isl.ics.forth.gr/parthenos_vocabularies/Concept/7146,[],[],"[""skos:Concept""]",true,true positive
dh,oeai-parthenos,logmap-kg-2026.tar.gz,[],[],"[""skos:Concept""]",https://vocabs.acdh.oeaw.ac.at/oeai-cultural-periods/concept23256,=,1.0,https://isl.ics.forth.gr/parthenos_vocabularies/Concept/7130,[],[],"[""skos:Concept""]",true,true positive
dh,oeai-parthenos,logmap-kg-2026.tar.gz,[],[],"[""skos:Concept""]",https://vocabs.acdh.oeaw.ac.at/oeai-cultural-periods/concept23251,=,0.0,https://isl.ics.forth.gr/parthenos_vocabularies/Concept/7208,[],[],"[""skos:Concept""]",true,false negative
dh,oeai-parthenos,logmap-kg-2026.tar.gz,[],[],"[""skos:Concept""]",https://vocabs.acdh.oeaw.ac.at/oeai-cultural-periods/concept23530,=,1.0,https://isl.ics.forth.gr/parthenos_vocabularies/Concept/7219,[],[],"[""skos:Concept""]",true,true positive
dh,oeai-parthenos,logmap-kg-2026.tar.gz,[],[],"[""skos:Concept""]",https://vocabs.acdh.oeaw.ac.at/oeai-cultural-periods/concept23536,=,0.0,https://isl.ics.forth.gr/parthenos_vocabularies/Concept/7087,[],[],"[""skos:Concept""]",true,false negative
dh,oeai-parthenos,logmap-kg-2026.tar.gz,[],[],"[""skos:Concept""]",https://vocabs.acdh.oeaw.ac.at/oeai-cultural-periods/concept23317,=,0.0,https://isl.ics.forth.gr/parthenos_vocabularies/Concept/7199,[],[],"[""skos:Concept""]",true,false negative
dh,oeai-parthenos,logmap-kg-2026.tar.gz,[],[],"[""skos:Concept""]",https://vocabs.acdh.oeaw.ac.at/oeai-cultural-periods/concept23244,=,1.0,https://isl.ics.forth.gr/parthenos_vocabularies/Concept/7268,[],[],"[""skos:Concept""]",true,true positive
dh,oeai-parthenos,logmap-kg-2026.tar.gz,[],[],"[""skos:Concept""]",https://vocabs.acdh.oeaw.ac.at/oeai-cultural-periods/concept23502,=,0.0,https://isl.ics.forth.gr/parthenos_vocabularies/Concept/7233,[],[],"[""skos:Concept""]",true,false negative
dh,oeai-parthenos,logmap-kg-2026.tar.gz,[],[],"[""skos:Concept""]",https://vocabs.acdh.oeaw.ac.at/oeai-cultural-periods/concept23516,=,0.0,https://isl.ics.forth.gr/parthenos_vocabularies/Concept/7225,[],[],"[""skos:Concept""]",true,false negative
dh,oeai-parthenos,logmap-kg-2026.tar.gz,[],[],"[""skos:Concept""]",https://vocabs.acdh.oeaw.ac.at/oeai-cultural-periods/concept23260,=,1.0,https://isl.ics.forth.gr/parthenos_vocabularies/Concept/7239,[],[],"[""skos:Concept""]",true,true positive
dh,oeai-parthenos,logmap-kg-2026.tar.gz,[],[],"[""skos:Concept""]",https://vocabs.acdh.oeaw.ac.at/oeai-cultural-periods/concept23195,=,1.0,https://isl.ics.forth.gr/parthenos_vocabularies/Concept/7221,[],[],"[""skos:Concept""]",true,true positive
dh,oeai-parthenos,logmap-kg-2026.tar.gz,[],[],"[""skos:Concept""]",https://vocabs.acdh.oeaw.ac.at/oeai-cultural-periods/concept23553,=,0.0,https://isl.ics.forth.gr/parthenos_vocabularies/Concept/7142,[],[],"[""skos:Concept""]",true,false negative
dh,oeai-parthenos,logmap-kg-2026.tar.gz,[],[],"[""skos:Concept""]",https://vocabs.acdh.oeaw.ac.at/oeai-cultural-periods/concept23195,=,1.0,https://isl.ics.forth.gr/parthenos_vocabularies/Concept/7236,[],[],"[""skos:Concept""]",true,true positive
dh,oeai-parthenos,logmap-kg-2026.tar.gz,[],[],"[""skos:Concept""]",https://vocabs.acdh.oeaw.ac.at/oeai-cultural-periods/concept23315,=,0.0,https://isl.ics.forth.gr/parthenos_vocabularies/Concept/7152,[],[],"[""skos:Concept""]",true,false negative
dh,oeai-parthenos,logmap-kg-2026.tar.gz,[],[],"[""skos:Concept""]",https://vocabs.acdh.oeaw.ac.at/oeai-cultural-periods/concept23531,=,1.0,https://isl.ics.forth.gr/parthenos_vocabularies/Concept/7207,[],[],"[""skos:Concept""]",true,true positive
dh,oeai-parthenos,logmap-kg-2026.tar.gz,[],[],"[""skos:Concept""]",https://vocabs.acdh.oeaw.ac.at/oeai-cultural-periods/concept23514,=,1.0,https://isl.ics.forth.gr/parthenos_vocabularies/Concept/7200,[],[],"[""skos:Concept""]",true,true positive
dh,oeai-parthenos,logmap-kg-2026.tar.gz,[],[],"[""skos:Concept""]",https://vocabs.acdh.oeaw.ac.at/oeai-cultural-periods/concept23545,=,0.85,https://isl.ics.forth.gr/parthenos_vocabularies/Concept/7145,[],[],"[""skos:Concept""]",true,true positive
dh,oeai-parthenos,logmap-kg-2026.tar.gz,[],[],"[""skos:Concept""]",https://vocabs.acdh.oeaw.ac.at/oeai-cultural-periods/concept23196,=,1.0,https://isl.ics.forth.gr/parthenos_vocabularies/Concept/7139,[],[],"[""skos:Concept""]",true,true positive
dh,oeai-parthenos,logmap-kg-2026.tar.gz,[],[],"[""skos:Concept""]",https://vocabs.acdh.oeaw.ac.at/oeai-cultural-periods/concept23498,=,1.0,https://isl.ics.forth.gr/parthenos_vocabularies/Concept/7171,[],[],"[""skos:Concept""]",true,true positive
dh,oeai-parthenos,logmap-kg-2026.tar.gz,[],[],"[""skos:Concept""]",https://vocabs.acdh.oeaw.ac.at/oeai-cultural-periods/concept23503,=,0.0,https://isl.ics.forth.gr/parthenos_vocabularies/Concept/7249,[],[],"[""skos:Concept""]",true,false negative
dh,ironagedanube-pactols,logmap-bio-2026.tar.gz,[],[],"[""skos:Concept""]",https://vocabs.acdh.oeaw.ac.at/iadthesaurus/scheme/concept341,=,0.0,https://ark.frantiq.fr/ark:/26678/pcrts62Z2hl4ux,[],[],"[""skos:Concept""]",true,false negative
dh,ironagedanube-pactols,logmap-bio-2026.tar.gz,[],[],"[""skos:Concept""]",https://vocabs.acdh.oeaw.ac.at/iadthesaurus/scheme/concept336,=,0.0,https://ark.frantiq.fr/ark:/26678/pcrthcbe2XySTb,[],[],"[""skos:Concept""]",true,false negative
dh,ironagedanube-pactols,logmap-bio-2026.tar.gz,[],[],"[""skos:Concept""]",https://vocabs.acdh.oeaw.ac.at/iadthesaurus/scheme/concept319,=,0.0,https://ark.frantiq.fr/ark:/26678/pcrtSu7E2Qh0Xv,[],[],"[""skos:Concept""]",true,false negative
dh,ironagedanube-pactols,logmap-bio-2026.tar.gz,[],[],"[""skos:Concept""]",https://vocabs.acdh.oeaw.ac.at/iadthesaurus/scheme/concept387,=,0.0,https://ark.frantiq.fr/ark:/26678/pcrtxKnfzXYMxK,[],[],"[""skos:Concept""]",true,false negative
dh,ironagedanube-pactols,logmap-bio-2026.tar.gz,[],[],"[""skos:Concept""]",https://vocabs.acdh.oeaw.ac.at/iadthesaurus/scheme/concept338,=,0.0,https://ark.frantiq.fr/ark:/26678/pcrtF9P4mbuyGk,[],[],"[""skos:Concept""]",true,false negative
dh,idai-parthenos,logmap-kg-2026.tar.gz,[],[],"[""skos:Concept""]",http://thesauri.dainst.org/_1f524e33,=,0.0,https://isl.ics.forth.gr/parthenos_vocabularies/Concept/7114,[],[],"[""skos:Concept""]",true,false negative
dh,idai-parthenos,logmap-kg-2026.tar.gz,[],[],"[""skos:Concept""]",http://thesauri.dainst.org/_4b0d451a,=,0.0,https://isl.ics.forth.gr/parthenos_vocabularies/Concept/7107,[],[],"[""skos:Concept""]",true,false negative
dh,idai-parthenos,logmap-kg-2026.tar.gz,[],[],"[""skos:Concept""]",http://thesauri.dainst.org/_697dc279,=,0.0,https://isl.ics.forth.gr/parthenos_vocabularies/Concept/7118,[],[],"[""skos:Concept""]",true,false negative
dh,idai-parthenos,logmap-kg-2026.tar.gz,[],[],"[""skos:Concept""]",http://thesauri.dainst.org/_1d839342,=,0.0,https://isl.ics.forth.gr/parthenos_vocabularies/Concept/7094,[],[],"[""skos:Concept""]",true,false negative
dh,idai-parthenos,logmap-kg-2026.tar.gz,[],[],"[""skos:Concept""]",http://thesauri.dainst.org/_a0be179c,=,0.0,https://isl.ics.forth.gr/parthenos_vocabularies/Concept/7107,[],[],"[""skos:Concept""]",true,false negative
dh,idai-parthenos,logmap-kg-2026.tar.gz,[],[],"[""skos:Concept""]",http://thesauri.dainst.org/_fcc3853f,=,0.0,https://isl.ics.forth.gr/parthenos_vocabularies/Concept/7116,[],[],"[""skos:Concept""]",true,false negative
dh,idai-parthenos,logmap-kg-2026.tar.gz,[],[],"[""skos:Concept""]",http://thesauri.dainst.org/_6d528ffb,=,0.0,https://isl.ics.forth.gr/parthenos_vocabularies/Concept/7115,[],[],"[""skos:Concept""]",true,false negative
dh,idai-parthenos,logmap-kg-2026.tar.gz,[],[],"[""skos:Concept""]",http://thesauri.dainst.org/_30ac6926,=,0.0,https://isl.ics.forth.gr/parthenos_vocabularies/Concept/7163,[],[],"[""skos:Concept""]",true,false negative
dh,idai-parthenos,logmap-kg-2026.tar.gz,[],[],"[""skos:Concept""]",http://thesauri.dainst.org/_0117de29,=,0.0,https://isl.ics.forth.gr/parthenos_vocabularies/Concept/7111,[],[],"[""skos:Concept""]",true,false negative
dh,idai-parthenos,logmap-kg-2026.tar.gz,[],[],"[""skos:Concept""]",http://thesauri.dainst.org/_afbdde2e,=,0.0,https://isl.ics.forth.gr/parthenos_vocabularies/Concept/7226,[],[],"[""skos:Concept""]",true,false negative
dh,idai-parthenos,logmap-kg-2026.tar.gz,[],[],"[""skos:Concept""]",http://thesauri.dainst.org/_4d1bfe78,=,1.0,https://isl.ics.forth.gr/parthenos_vocabularies/Concept/7170,[],[],"[""skos:Concept""]",true,true positive
dh,idai-parthenos,logmap-kg-2026.tar.gz,[],[],"[""skos:Concept""]",http://thesauri.dainst.org/_8bca4bf1,=,1.0,https://isl.ics.forth.gr/parthenos_vocabularies/Concept/7219,[],[],"[""skos:Concept""]",true,true positive
dh,idai-parthenos,logmap-kg-2026.tar.gz,[],[],"[""skos:Concept""]",http://thesauri.dainst.org/_018b18d1,=,0.0,https://isl.ics.forth.gr/parthenos_vocabularies/Concept/7266,[],[],"[""skos:Concept""]",true,false negative
dh,idai-parthenos,logmap-kg-2026.tar.gz,[],[],"[""skos:Concept""]",http://thesauri.dainst.org/_ed0828c5,=,0.0,https://isl.ics.forth.gr/parthenos_vocabularies/Concept/7249,[],[],"[""skos:Concept""]",true,false negative
dh,idai-parthenos,logmap-kg-2026.tar.gz,[],[],"[""skos:Concept""]",http://thesauri.dainst.org/_2eaf48c6,=,0.0,https://isl.ics.forth.gr/parthenos_vocabularies/Concept/7112,[],[],"[""skos:Concept""]",true,false negative
dh,idai-parthenos,logmap-kg-2026.tar.gz,[],[],"[""skos:Concept""]",http://thesauri.dainst.org/_0aa1995c,=,0.0,https://isl.ics.forth.gr/parthenos_vocabularies/Concept/7147,[],[],"[""skos:Concept""]",true,false negative
dh,idai-parthenos,logmap-kg-2026.tar.gz,[],[],"[""skos:Concept""]",http://thesauri.dainst.org/_2b089ca4,=,0.0,https://isl.ics.forth.gr/parthenos_vocabularies/Concept/7142,[],[],"[""skos:Concept""]",true,false negative
dh,idai-parthenos,logmap-kg-2026.tar.gz,[],[],"[""skos:Concept""]",http://thesauri.dainst.org/_0530b8a9,=,1.0,https://isl.ics.forth.gr/parthenos_vocabularies/Concept/7179,[],[],"[""skos:Concept""]",true,true positive
dh,idai-parthenos,logmap-kg-2026.tar.gz,[],[],"[""skos:Concept""]",http://thesauri.dainst.org/_59a790d9,=,0.91,https://isl.ics.forth.gr/parthenos_vocabularies/Concept/7267,[],[],"[""skos:Concept""]",true,true positive
dh,idai-parthenos,logmap-kg-2026.tar.gz,[],[],"[""skos:Concept""]",http://thesauri.dainst.org/_a4276388,=,0.0,https://isl.ics.forth.gr/parthenos_vocabularies/Concept/7171,[],[],"[""skos:Concept""]",true,false negative
dh,idai-parthenos,logmap-kg-2026.tar.gz,[],[],"[""skos:Concept""]",http://thesauri.dainst.org/_acc90782,=,0.0,https://isl.ics.forth.gr/parthenos_vocabularies/Concept/7137,[],[],"[""skos:Concept""]",true,false negative
dh,idai-parthenos,logmap-kg-2026.tar.gz,[],[],"[""skos:Concept""]",http://thesauri.dainst.org/_dac3529c,=,0.0,https://isl.ics.forth.gr/parthenos_vocabularies/Concept/7184,[],[],"[""skos:Concept""]",true,false negative
dh,idai-parthenos,logmap-kg-2026.tar.gz,[],[],"[""skos:Concept""]",http://thesauri.dainst.org/_6d528ffb,=,0.0,https://isl.ics.forth.gr/parthenos_vocabularies/Concept/7199,[],[],"[""skos:Concept""]",true,false negative
dh,idai-parthenos,logmap-kg-2026.tar.gz,[],[],"[""skos:Concept""]",http://thesauri.dainst.org/_5d1ac0ba,=,1.0,https://isl.ics.forth.gr/parthenos_vocabularies/Concept/7165,[],[],"[""skos:Concept""]",true,true positive
dh,idai-parthenos,logmap-kg-2026.tar.gz,[],[],"[""skos:Concept""]",http://thesauri.dainst.org/_09106e2a,=,0.0,https://isl.ics.forth.gr/parthenos_vocabularies/Concept/7135,[],[],"[""skos:Concept""]",true,false negative
dh,idai-parthenos,logmap-kg-2026.tar.gz,[],[],"[""skos:Concept""]",http://thesauri.dainst.org/_eee85fa3,=,0.0,https://isl.ics.forth.gr/parthenos_vocabularies/Concept/7201,[],[],"[""skos:Concept""]",true,false negative
dh,idai-parthenos,logmap-kg-2026.tar.gz,[],[],"[""skos:Concept""]",http://thesauri.dainst.org/_3bff2fb5,=,0.0,https://isl.ics.forth.gr/parthenos_vocabularies/Concept/7247,[],[],"[""skos:Concept""]",true,false negative
dh,idai-parthenos,logmap-kg-2026.tar.gz,[],[],"[""skos:Concept""]",http://thesauri.dainst.org/_cc22e013,=,0.0,https://isl.ics.forth.gr/parthenos_vocabularies/Concept/7216,[],[],"[""skos:Concept""]",true,false negative
dh,idai-parthenos,logmap-kg-2026.tar.gz,[],[],"[""skos:Concept""]",http://thesauri.dainst.org/_6a167951,=,0.0,https://isl.ics.forth.gr/parthenos_vocabularies/Concept/7242,[],[],"[""skos:Concept""]",true,false negative
dh,idai-parthenos,logmap-kg-2026.tar.gz,[],[],"[""skos:Concept""]",http://thesauri.dainst.org/_2b089ca4,=,0.0,https://isl.ics.forth.gr/parthenos_vocabularies/Concept/7223,[],[],"[""skos:Concept""]",true,false negative
dh,idai-parthenos,logmap-kg-2026.tar.gz,[],[],"[""skos:Concept""]",http://thesauri.dainst.org/_cadb286c,=,1.0,https://isl.ics.forth.gr/parthenos_vocabularies/Concept/7162,[],[],"[""skos:Concept""]",true,true positive
dh,idai-parthenos,logmap-kg-2026.tar.gz,[],[],"[""skos:Concept""]",http://thesauri.dainst.org/_c26d8599,=,0.0,https://isl.ics.forth.gr/parthenos_vocabularies/Concept/7246,[],[],"[""skos:Concept""]",true,false negative
dh,idai-parthenos,logmap-kg-2026.tar.gz,[],[],"[""skos:Concept""]",http://thesauri.dainst.org/_8bb3692d,=,0.0,https://isl.ics.forth.gr/parthenos_vocabularies/Concept/7221,[],[],"[""skos:Concept""]",true,false negative
dh,idai-parthenos,logmap-kg-2026.tar.gz,[],[],"[""skos:Concept""]",http://thesauri.dainst.org/_ccc4d1d5,=,0.0,https://isl.ics.forth.gr/parthenos_vocabularies/Concept/7240,[],[],"[""skos:Concept""]",true,false negative
dh,idai-parthenos,logmap-kg-2026.tar.gz,[],[],"[""skos:Concept""]",http://thesauri.dainst.org/_fcc3853f,=,0.0,https://isl.ics.forth.gr/parthenos_vocabularies/Concept/7152,[],[],"[""skos:Concept""]",true,false negative
dh,idai-parthenos,logmap-kg-2026.tar.gz,[],[],"[""skos:Concept""]",http://thesauri.dainst.org/_a4c97475,=,0.0,https://isl.ics.forth.gr/parthenos_vocabularies/Concept/7243,[],[],"[""skos:Concept""]",true,false negative
dh,idai-parthenos,logmap-kg-2026.tar.gz,[],[],"[""skos:Concept""]",http://thesauri.dainst.org/_c1210d5a,=,0.0,https://isl.ics.forth.gr/parthenos_vocabularies/Concept/7161,[],[],"[""skos:Concept""]",true,false negative
dh,idai-parthenos,logmap-kg-2026.tar.gz,[],[],"[""skos:Concept""]",http://thesauri.dainst.org/_0bbbd3c7,=,0.0,https://isl.ics.forth.gr/parthenos_vocabularies/Concept/7099,[],[],"[""skos:Concept""]",true,false negative
dh,idai-parthenos,logmap-kg-2026.tar.gz,[],[],"[""skos:Concept""]",http://thesauri.dainst.org/_c332e252,=,0.0,https://isl.ics.forth.gr/parthenos_vocabularies/Concept/7213,[],[],"[""skos:Concept""]",true,false negative
dh,idai-parthenos,logmap-kg-2026.tar.gz,[],[],"[""skos:Concept""]",http://thesauri.dainst.org/_fe470a76,=,0.0,https://isl.ics.forth.gr/parthenos_vocabularies/Concept/7194,[],[],"[""skos:Concept""]",true,false negative
dh,idai-parthenos,logmap-kg-2026.tar.gz,[],[],"[""skos:Concept""]",http://thesauri.dainst.org/_a671d80c,=,0.0,https://isl.ics.forth.gr/parthenos_vocabularies/Concept/7146,[],[],"[""skos:Concept""]",true,false negative
dh,idai-parthenos,logmap-kg-2026.tar.gz,[],[],"[""skos:Concept""]",http://thesauri.dainst.org/_b9892df7,=,0.0,https://isl.ics.forth.gr/parthenos_vocabularies/Concept/7243,[],[],"[""skos:Concept""]",true,false negative
dh,idai-parthenos,logmap-kg-2026.tar.gz,[],[],"[""skos:Concept""]",http://thesauri.dainst.org/_0117de29,=,0.0,https://isl.ics.forth.gr/parthenos_vocabularies/Concept/7263,[],[],"[""skos:Concept""]",true,false negative
dh,idai-parthenos,logmap-kg-2026.tar.gz,[],[],"[""skos:Concept""]",http://thesauri.dainst.org/_64e2871b,=,0.0,https://isl.ics.forth.gr/parthenos_vocabularies/Concept/7172,[],[],"[""skos:Concept""]",true,false negative
dh,idai-parthenos,logmap-kg-2026.tar.gz,[],[],"[""skos:Concept""]",http://thesauri.dainst.org/_1591f7f8,=,0.0,https://isl.ics.forth.gr/parthenos_vocabularies/Concept/7222,[],[],"[""skos:Concept""]",true,false negative
dh,idai-parthenos,logmap-kg-2026.tar.gz,[],[],"[""skos:Concept""]",http://thesauri.dainst.org/_0117de29,=,0.0,https://isl.ics.forth.gr/parthenos_vocabularies/Concept/7192,[],[],"[""skos:Concept""]",true,false negative
dh,idai-parthenos,logmap-kg-2026.tar.gz,[],[],"[""skos:Concept""]",http://thesauri.dainst.org/_2b089ca4,=,1.0,https://isl.ics.forth.gr/parthenos_vocabularies/Concept/7214,[],[],"[""skos:Concept""]",true,true positive
dh,idai-parthenos,logmap-kg-2026.tar.gz,[],[],"[""skos:Concept""]",http://thesauri.dainst.org/_4d1096fb,=,1.0,https://isl.ics.forth.gr/parthenos_vocabularies/Concept/7136,[],[],"[""skos:Concept""]",true,true positive
dh,idai-parthenos,logmap-kg-2026.tar.gz,[],[],"[""skos:Concept""]",http://thesauri.dainst.org/_2e5fdad9,=,0.0,https://isl.ics.forth.gr/parthenos_vocabularies/Concept/7238,[],[],"[""skos:Concept""]",true,false negative
dh,idai-parthenos,logmap-kg-2026.tar.gz,[],[],"[""skos:Concept""]",http://thesauri.dainst.org/_4184afc2,=,1.0,https://isl.ics.forth.gr/parthenos_vocabularies/Concept/7164,[],[],"[""skos:Concept""]",true,true positive
dh,idai-parthenos,logmap-kg-2026.tar.gz,[],[],"[""skos:Concept""]",http://thesauri.dainst.org/_3daffa4b,=,0.0,https://isl.ics.forth.gr/parthenos_vocabularies/Concept/7190,[],[],"[""skos:Concept""]",true,false negative
dh,idai-parthenos,logmap-kg-2026.tar.gz,[],[],"[""skos:Concept""]",http://thesauri.dainst.org/_b34a7579,=,0.0,https://isl.ics.forth.gr/parthenos_vocabularies/Concept/7154,[],[],"[""skos:Concept""]",true,false negative
dh,tadirah-unesco,logmap-bio-2026.tar.gz,[],[],"[""owl:NamedIndividual"",""skos:Concept""]",https://vocabs.dariah.eu/tadirah/audioRecording,=,0.0,http://vocabularies.unesco.org/thesaurus/concept9812,[],[],"[""skos:Concept""]",true,false negative
dh,tadirah-unesco,logmap-bio-2026.tar.gz,[],[],"[""owl:NamedIndividual"",""skos:Concept""]",https://vocabs.dariah.eu/tadirah/cataloging,=,0.0,http://vocabularies.unesco.org/thesaurus/concept3799,[],[],"[""skos:Concept""]",true,false negative
dh,tadirah-unesco,logmap-bio-2026.tar.gz,[],[],"[""owl:NamedIndividual"",""skos:Concept""]",https://vocabs.dariah.eu/tadirah/drawing,=,0.0,http://vocabularies.unesco.org/thesaurus/concept4716,[],[],"[""skos:Concept""]",true,false negative
dh,tadirah-unesco,logmap-bio-2026.tar.gz,[],[],"[""owl:NamedIndividual"",""skos:Concept""]",https://vocabs.dariah.eu/tadirah/patternRecognition,=,0.0,http://vocabularies.unesco.org/thesaurus/concept3054,[],[],"[""skos:Concept""]",true,false negative
dh,tadirah-unesco,logmap-bio-2026.tar.gz,[],[],"[""owl:NamedIndividual"",""skos:Concept""]",https://vocabs.dariah.eu/tadirah/programming,=,0.0,http://vocabularies.unesco.org/thesaurus/concept521,[],[],"[""skos:Concept""]",true,false negative
dh,tadirah-unesco,logmap-bio-2026.tar.gz,[],[],"[""owl:NamedIndividual"",""skos:Concept""]",https://vocabs.dariah.eu/tadirah/writing,=,0.0,http://vocabularies.unesco.org/thesaurus/concept5829,[],[],"[""skos:Concept""]",true,false negative
dh,tadirah-unesco,logmap-bio-2026.tar.gz,[],[],"[""owl:NamedIndividual"",""skos:Concept""]",https://vocabs.dariah.eu/tadirah/editing,=,0.0,http://vocabularies.unesco.org/thesaurus/concept4200,[],[],"[""skos:Concept""]",true,false negative
dh,tadirah-unesco,logmap-bio-2026.tar.gz,[],[],"[""owl:NamedIndividual"",""skos:Concept""]",https://vocabs.dariah.eu/tadirah/disseminating,=,0.0,http://vocabularies.unesco.org/thesaurus/concept512,[],[],"[""skos:Concept""]",true,false negative
dh,tadirah-unesco,logmap-bio-2026.tar.gz,[],[],"[""owl:NamedIndividual"",""skos:Concept""]",https://vocabs.dariah.eu/tadirah/recording,=,0.0,http://vocabularies.unesco.org/thesaurus/concept505,[],[],"[""skos:Concept""]",true,false negative
dh,tadirah-unesco,logmap-bio-2026.tar.gz,[],[],"[""owl:NamedIndividual"",""skos:Concept""]",https://vocabs.dariah.eu/tadirah/publishing,=,0.0,http://vocabularies.unesco.org/thesaurus/concept3810,[],[],"[""skos:Concept""]",true,false negative
dh,tadirah-unesco,logmap-bio-2026.tar.gz,[],[],"[""owl:NamedIndividual"",""skos:Concept""]",https://vocabs.dariah.eu/tadirah/digitalPublishing,=,0.0,http://vocabularies.unesco.org/thesaurus/concept6021,[],[],"[""skos:Concept""]",true,false negative
dh,tadirah-unesco,logmap-bio-2026.tar.gz,[],[],"[""owl:NamedIndividual"",""skos:Concept""]",https://vocabs.dariah.eu/tadirah/informationRetrieval,=,0.0,http://vocabularies.unesco.org/thesaurus/concept514,[],[],"[""skos:Concept""]",true,false negative
dh,tadirah-unesco,logmap-bio-2026.tar.gz,[],[],"[""owl:NamedIndividual"",""skos:Concept""]",https://vocabs.dariah.eu/tadirah/encoding,=,0.0,http://vocabularies.unesco.org/thesaurus/concept5530,[],[],"[""skos:Concept""]",true,false negative
dh,tadirah-unesco,logmap-bio-2026.tar.gz,[],[],"[""owl:NamedIndividual"",""skos:Concept""]",https://vocabs.dariah.eu/tadirah/videoCapture,=,0.0,http://vocabularies.unesco.org/thesaurus/concept3354,[],[],"[""skos:Concept""]",true,false negative
dh,tadirah-unesco,logmap-bio-2026.tar.gz,[],[],"[""owl:NamedIndividual"",""skos:Concept""]",https://vocabs.dariah.eu/tadirah/opticalCharacterRecognition,=,0.0,http://vocabularies.unesco.org/thesaurus/concept4954,[],[],"[""skos:Concept""]",true,false negative
dh,tadirah-unesco,lsmatch-multilingual-2026.tar.gz,[],[],"[""owl:NamedIndividual"",""skos:Concept""]",https://vocabs.dariah.eu/tadirah/audioRecording,=,0.0,http://vocabularies.unesco.org/thesaurus/concept9812,[],[],"[""skos:Concept""]",true,false negative
dh,tadirah-unesco,lsmatch-multilingual-2026.tar.gz,[],[],"[""owl:NamedIndividual"",""skos:Concept""]",https://vocabs.dariah.eu/tadirah/cataloging,=,0.0,http://vocabularies.unesco.org/thesaurus/concept3799,[],[],"[""skos:Concept""]",true,false negative
dh,tadirah-unesco,lsmatch-multilingual-2026.tar.gz,[],[],"[""owl:NamedIndividual"",""skos:Concept""]",https://vocabs.dariah.eu/tadirah/drawing,=,0.0,http://vocabularies.unesco.org/thesaurus/concept4716,[],[],"[""skos:Concept""]",true,false negative
dh,tadirah-unesco,lsmatch-multilingual-2026.tar.gz,[],[],"[""owl:NamedIndividual"",""skos:Concept""]",https://vocabs.dariah.eu/tadirah/patternRecognition,=,0.0,http://vocabularies.unesco.org/thesaurus/concept3054,[],[],"[""skos:Concept""]",true,false negative
dh,tadirah-unesco,lsmatch-multilingual-2026.tar.gz,[],[],"[""owl:NamedIndividual"",""skos:Concept""]",https://vocabs.dariah.eu/tadirah/programming,=,0.0,http://vocabularies.unesco.org/thesaurus/concept521,[],[],"[""skos:Concept""]",true,false negative
dh,tadirah-unesco,lsmatch-multilingual-2026.tar.gz,[],[],"[""owl:NamedIndividual"",""skos:Concept""]",https://vocabs.dariah.eu/tadirah/writing,=,0.0,http://vocabularies.unesco.org/thesaurus/concept5829,[],[],"[""skos:Concept""]",true,false negative
dh,tadirah-unesco,lsmatch-multilingual-2026.tar.gz,[],[],"[""owl:NamedIndividual"",""skos:Concept""]",https://vocabs.dariah.eu/tadirah/editing,=,0.0,http://vocabularies.unesco.org/thesaurus/concept4200,[],[],"[""skos:Concept""]",true,false negative
dh,tadirah-unesco,lsmatch-multilingual-2026.tar.gz,[],[],"[""owl:NamedIndividual"",""skos:Concept""]",https://vocabs.dariah.eu/tadirah/disseminating,=,0.0,http://vocabularies.unesco.org/thesaurus/concept512,[],[],"[""skos:Concept""]",true,false negative
dh,tadirah-unesco,lsmatch-multilingual-2026.tar.gz,[],[],"[""owl:NamedIndividual"",""skos:Concept""]",https://vocabs.dariah.eu/tadirah/recording,=,0.0,http://vocabularies.unesco.org/thesaurus/concept505,[],[],"[""skos:Concept""]",true,false negative
dh,tadirah-unesco,lsmatch-multilingual-2026.tar.gz,[],[],"[""owl:NamedIndividual"",""skos:Concept""]",https://vocabs.dariah.eu/tadirah/publishing,=,0.0,http://vocabularies.unesco.org/thesaurus/concept3810,[],[],"[""skos:Concept""]",true,false negative
dh,tadirah-unesco,lsmatch-multilingual-2026.tar.gz,[],[],"[""owl:NamedIndividual"",""skos:Concept""]",https://vocabs.dariah.eu/tadirah/digitalPublishing,=,0.0,http://vocabularies.unesco.org/thesaurus/concept6021,[],[],"[""skos:Concept""]",true,false negative
dh,tadirah-unesco,lsmatch-multilingual-2026.tar.gz,[],[],"[""owl:NamedIndividual"",""skos:Concept""]",https://vocabs.dariah.eu/tadirah/informationRetrieval,=,0.0,http://vocabularies.unesco.org/thesaurus/concept514,[],[],"[""skos:Concept""]",true,false negative
dh,tadirah-unesco,lsmatch-multilingual-2026.tar.gz,[],[],"[""owl:NamedIndividual"",""skos:Concept""]",https://vocabs.dariah.eu/tadirah/encoding,=,0.0,http://vocabularies.unesco.org/thesaurus/concept5530,[],[],"[""skos:Concept""]",true,false negative
dh,tadirah-unesco,lsmatch-multilingual-2026.tar.gz,[],[],"[""owl:NamedIndividual"",""skos:Concept""]",https://vocabs.dariah.eu/tadirah/videoCapture,=,0.0,http://vocabularies.unesco.org/thesaurus/concept3354,[],[],"[""skos:Concept""]",true,false negative
dh,tadirah-unesco,lsmatch-multilingual-2026.tar.gz,"[""Concept""]",[],"[""owl:Class""]",http://www.w3.org/2004/02/skos/core#Concept,=,1.0,http://www.w3.org/2004/02/skos/core#Concept,"[""Concept""]",[],"[""owl:Class""]",false,false positive
dh,tadirah-unesco,lsmatch-multilingual-2026.tar.gz,[],[],"[""owl:NamedIndividual"",""skos:Concept""]",https://vocabs.dariah.eu/tadirah/opticalCharacterRecognition,=,0.0,http://vocabularies.unesco.org/thesaurus/concept4954,[],[],"[""skos:Concept""]",true,false negative
dh,idai-pactols,lsmatch-2026.tar.gz,[],[],"[""skos:Concept""]",http://thesauri.dainst.org/_68e1bd31,=,0.0,https://ark.frantiq.fr/ark:/26678/pcrt1FD59O4eTz,[],[],"[""skos:Concept""]",true,false negative
dh,idai-pactols,lsmatch-2026.tar.gz,[],[],"[""skos:Concept""]",http://thesauri.dainst.org/_c40b4a1d,=,0.0,https://ark.frantiq.fr/ark:/26678/pcrtrMvNrtSOHs,[],[],"[""skos:Concept""]",true,false negative
dh,idai-pactols,lsmatch-2026.tar.gz,[],[],"[""skos:Concept""]",http://thesauri.dainst.org/_af2f2dad,=,0.0,https://ark.frantiq.fr/ark:/26678/pcrtVgXu5JJGUg,[],[],"[""skos:Concept""]",true,false negative
dh,idai-pactols,lsmatch-2026.tar.gz,[],[],"[""skos:Concept""]",http://thesauri.dainst.org/_1adf0150,=,0.0,https://ark.frantiq.fr/ark:/26678/pcrtpbgzj4c0da,[],[],"[""skos:Concept""]",true,false negative
dh,idai-pactols,lsmatch-2026.tar.gz,[],[],"[""skos:Concept""]",http://thesauri.dainst.org/_dafb0ad8,=,0.0,https://ark.frantiq.fr/ark:/26678/pcrtfOjLfceAZ0,[],[],"[""skos:Concept""]",true,false negative
dh,idai-pactols,lsmatch-2026.tar.gz,[],[],"[""skos:Concept""]",http://thesauri.dainst.org/_49462e56,=,0.0,https://ark.frantiq.fr/ark:/26678/pcrtVmQTWhdSkJ,[],[],"[""skos:Concept""]",true,false negative
dh,idai-pactols,lsmatch-2026.tar.gz,[],[],"[""skos:Concept""]",http://thesauri.dainst.org/_bd4d65a8,=,0.0,https://ark.frantiq.fr/ark:/26678/pcrtgWbicZTgZe,[],[],"[""skos:Concept""]",true,false negative
dh,idai-pactols,lsmatch-2026.tar.gz,[],[],"[""skos:Concept""]",http://thesauri.dainst.org/_49517e78,=,0.0,https://ark.frantiq.fr/ark:/26678/pcrt36pke8yWxW,[],[],"[""skos:Concept""]",true,false negative
dh,idai-pactols,lsmatch-2026.tar.gz,[],[],"[""skos:Concept""]",http://thesauri.dainst.org/_4688b7a6,=,0.0,https://ark.frantiq.fr/ark:/26678/pcrtF9P4mbuyGk,[],[],"[""skos:Concept""]",true,false negative
dh,idai-pactols,lsmatch-2026.tar.gz,[],[],"[""skos:Concept""]",http://thesauri.dainst.org/_a9e10cab,=,0.0,https://ark.frantiq.fr/ark:/26678/pcrtp5Wcpmp9I3,[],[],"[""skos:Concept""]",true,false negative
dh,idai-pactols,lsmatch-2026.tar.gz,[],[],"[""skos:Concept""]",http://thesauri.dainst.org/_d321ff61,=,0.0,https://ark.frantiq.fr/ark:/26678/pcrtgWbicZTgZe,[],[],"[""skos:Concept""]",true,false negative
dh,idai-pactols,lsmatch-2026.tar.gz,[],[],"[""skos:Concept""]",http://thesauri.dainst.org/_3ec72d64,=,0.0,https://ark.frantiq.fr/ark:/26678/pcrt7UXeYrS8Nb,[],[],"[""skos:Concept""]",true,false negative
dh,idai-pactols,lsmatch-2026.tar.gz,"[""Concept""]",[],"[""owl:Class""]",http://www.w3.org/2004/02/skos/core#Concept,=,1.0,http://www.w3.org/2004/02/skos/core#Concept,"[""Concept""]",[],"[""owl:Class""]",false,false positive
dh,idai-pactols,lsmatch-2026.tar.gz,[],[],"[""skos:Concept""]",http://thesauri.dainst.org/_f09b41b4,=,0.0,https://ark.frantiq.fr/ark:/26678/pcrt0Krn6QJlhU,[],[],"[""skos:Concept""]",true,false negative
dh,idai-pactols,lsmatch-2026.tar.gz,[],[],"[""skos:Concept""]",http://thesauri.dainst.org/_2c06eae5,=,0.0,https://ark.frantiq.fr/ark:/26678/pcrtJUwAaZ7Nz9,[],[],"[""skos:Concept""]",true,false negative
dh,idai-pactols,lsmatch-2026.tar.gz,[],[],"[""skos:Concept""]",http://thesauri.dainst.org/_d3b9f438,=,0.0,https://ark.frantiq.fr/ark:/26678/pcrtKZYwYOkWlK,[],[],"[""skos:Concept""]",true,false negative
dh,idai-pactols,lsmatch-2026.tar.gz,[],[],"[""skos:Concept""]",http://thesauri.dainst.org/_8b38cf01,=,0.0,https://ark.frantiq.fr/ark:/26678/pcrt0Krn6QJlhU,[],[],"[""skos:Concept""]",true,false negative
dh,idai-pactols,lsmatch-2026.tar.gz,[],[],"[""skos:Concept""]",http://thesauri.dainst.org/_b02158bd,=,0.0,https://ark.frantiq.fr/ark:/26678/pcrtJUwAaZ7Nz9,[],[],"[""skos:Concept""]",true,false negative
dh,idai-pactols,secea-2026.tar.gz,[],[],[],https://vocabs.dariah.eu/bbt/Concept/000019,=,1.0,https://vocabs.dariah.eu/bbt/Concept/000019,[],[],[],false,false positive
dh,idai-pactols,secea-2026.tar.gz,[],[],[],http://www.w3.org/2000/01/rdf-schema#label,=,1.0,http://www.w3.org/2000/01/rdf-schema#label,[],[],[],false,false positive
dh,idai-pactols,secea-2026.tar.gz,[],[],[],http://www.w3.org/2004/02/skos/core#altLabel,=,1.0,http://www.w3.org/2004/02/skos/core#altLabel,[],[],[],false,false positive
dh,idai-pactols,secea-2026.tar.gz,[],[],[],http://www.w3.org/2004/02/skos/core#related,=,1.0,http://www.w3.org/2004/02/skos/core#related,[],[],[],false,false positive
dh,idai-pactols,secea-2026.tar.gz,[],[],"[""skos:ConceptScheme""]",http://thesauri.dainst.org/scheme,=,1.0,https://ark.frantiq.fr/ark:/TH_1,[],[],"[""skos:ConceptScheme""]",false,false positive
dh,idai-pactols,secea-2026.tar.gz,[],[],"[""skos:Concept""]",http://thesauri.dainst.org/_72fde69d,=,1.0,https://ark.frantiq.fr/ark:/26678/pcrtwvbHs6SmP8,[],[],"[""skos:Concept""]",false,false positive
dh,idai-pactols,secea-2026.tar.gz,[],[],"[""skos:Concept""]",http://thesauri.dainst.org/_fd86e2ca,=,1.0,https://ark.frantiq.fr/ark:/26678/pcrtNU9yWjKe6U,[],[],"[""skos:Concept""]",false,false positive
dh,idai-pactols,secea-2026.tar.gz,[],[],[],http://www.w3.org/2004/02/skos/core#scopeNote,=,1.0,http://www.w3.org/2004/02/skos/core#scopeNote,[],[],[],false,false positive
dh,idai-pactols,secea-2026.tar.gz,[],[],[],http://www.w3.org/2004/02/skos/core#ConceptScheme,=,1.0,http://www.w3.org/2004/02/skos/core#ConceptScheme,[],[],[],false,false positive
dh,idai-pactols,secea-2026.tar.gz,[],[],"[""skos:Concept""]",http://thesauri.dainst.org/_a9e10cab,=,0.0,https://ark.frantiq.fr/ark:/26678/pcrtp5Wcpmp9I3,[],[],"[""skos:Concept""]",true,false negative
dh,idai-pactols,secea-2026.tar.gz,[],[],"[""skos:Concept""]",http://thesauri.dainst.org/_dce9934c,=,1.0,https://ark.frantiq.fr/ark:/26678/pcrtXOuO8FKGbe,[],[],"[""skos:Concept""]",false,false positive
dh,idai-pactols,secea-2026.tar.gz,[],[],"[""skos:Concept""]",http://thesauri.dainst.org/_d321ff61,=,0.0,https://ark.frantiq.fr/ark:/26678/pcrtgWbicZTgZe,[],[],"[""skos:Concept""]",true,false negative
dh,idai-pactols,secea-2026.tar.gz,[],[],[],http://purl.org/dc/terms/title,=,1.0,http://purl.org/dc/terms/title,[],[],[],false,false positive
dh,idai-pactols,secea-2026.tar.gz,[],[],"[""skos:Concept""]",http://thesauri.dainst.org/_87a30753,=,1.0,https://ark.frantiq.fr/ark:/26678/pcrtxKnfzXYMxK,[],[],"[""skos:Concept""]",false,false positive
dh,idai-pactols,secea-2026.tar.gz,[],[],"[""skos:Concept""]",http://thesauri.dainst.org/_d3b9f438,=,1.0,https://ark.frantiq.fr/ark:/26678/pcrtKZYwYOkWlK,[],[],"[""skos:Concept""]",true,true positive
dh,idai-pactols,secea-2026.tar.gz,[],[],"[""skos:Concept""]",http://thesauri.dainst.org/_68e1bd31,=,0.0,https://ark.frantiq.fr/ark:/26678/pcrt1FD59O4eTz,[],[],"[""skos:Concept""]",true,false negative
dh,idai-pactols,secea-2026.tar.gz,[],[],[],http://www.w3.org/2004/02/skos/core#relatedMatch,=,1.0,http://www.w3.org/2004/02/skos/core#relatedMatch,[],[],[],false,false positive
dh,idai-pactols,secea-2026.tar.gz,[],[],"[""skos:Concept""]",http://thesauri.dainst.org/_1adf0150,=,0.0,https://ark.frantiq.fr/ark:/26678/pcrtpbgzj4c0da,[],[],"[""skos:Concept""]",true,false negative
dh,idai-pactols,secea-2026.tar.gz,[],[],"[""skos:Concept""]",http://thesauri.dainst.org/_dafb0ad8,=,0.0,https://ark.frantiq.fr/ark:/26678/pcrtfOjLfceAZ0,[],[],"[""skos:Concept""]",true,false negative
dh,idai-pactols,secea-2026.tar.gz,[],[],"[""skos:Concept""]",http://thesauri.dainst.org/_49462e56,=,0.0,https://ark.frantiq.fr/ark:/26678/pcrtVmQTWhdSkJ,[],[],"[""skos:Concept""]",true,false negative
dh,idai-pactols,secea-2026.tar.gz,[],[],"[""skos:Concept""]",http://thesauri.dainst.org/_bd4d65a8,=,0.0,https://ark.frantiq.fr/ark:/26678/pcrtgWbicZTgZe,[],[],"[""skos:Concept""]",true,false negative
dh,idai-pactols,secea-2026.tar.gz,[],[],[],http://purl.org/dc/terms/format,=,1.0,http://purl.org/dc/terms/format,[],[],[],false,false positive
dh,idai-pactols,secea-2026.tar.gz,[],[],"[""skos:Concept""]",http://thesauri.dainst.org/_d321ff61,=,1.0,https://ark.frantiq.fr/ark:/26678/pcrtpZHoU1vm9o,[],[],"[""skos:Concept""]",false,false positive
dh,idai-pactols,secea-2026.tar.gz,[],[],"[""skos:Concept""]",http://thesauri.dainst.org/_a289187b,=,1.0,https://ark.frantiq.fr/ark:/26678/pcrtAYfItWHoOV,[],[],"[""skos:Concept""]",false,false positive
dh,idai-pactols,secea-2026.tar.gz,[],[],[],http://www.w3.org/2000/01/rdf-schema#isDefinedBy,=,1.0,http://www.w3.org/2000/01/rdf-schema#isDefinedBy,[],[],[],false,false positive
dh,idai-pactols,secea-2026.tar.gz,[],[],[],http://thesauri.dainst.org/schema#memberOf,=,1.0,http://purl.org/umu/uneskos#memberOf,[],[],[],false,false positive
dh,idai-pactols,secea-2026.tar.gz,[],[],[],http://purl.org/dc/terms/subject,=,1.0,http://purl.org/dc/terms/subject,[],[],[],false,false positive
dh,idai-pactols,secea-2026.tar.gz,[],[],"[""skos:Concept""]",http://thesauri.dainst.org/_8b38cf01,=,0.0,https://ark.frantiq.fr/ark:/26678/pcrt0Krn6QJlhU,[],[],"[""skos:Concept""]",true,false negative
dh,idai-pactols,secea-2026.tar.gz,[],[],"[""skos:Concept""]",http://thesauri.dainst.org/_bc08c4e7,=,1.0,https://ark.frantiq.fr/ark:/26678/pcrtiaQHMzQVGS,[],[],"[""skos:Concept""]",false,false positive
dh,idai-pactols,secea-2026.tar.gz,[],[],"[""skos:Concept""]",http://thesauri.dainst.org/_e303d28e,=,1.0,https://ark.frantiq.fr/ark:/26678/pcrt9gfvI45Kcj,[],[],"[""skos:Concept""]",false,false positive
dh,idai-pactols,secea-2026.tar.gz,[],[],"[""skos:Concept""]",http://thesauri.dainst.org/_2d8fdbd0,=,1.0,https://ark.frantiq.fr/ark:/26678/pcrtjMFrjr1utW,[],[],"[""skos:Concept""]",false,false positive
dh,idai-pactols,secea-2026.tar.gz,[],[],[],http://purl.org/dc/terms/description,=,1.0,http://purl.org/dc/terms/description,[],[],[],false,false positive
dh,idai-pactols,secea-2026.tar.gz,[],[],[],http://www.w3.org/2004/02/skos/core#topConceptOf,=,1.0,http://www.w3.org/2004/02/skos/core#topConceptOf,[],[],[],false,false positive
dh,idai-pactols,secea-2026.tar.gz,[],[],"[""skos:Concept""]",http://thesauri.dainst.org/_457f46d8,=,1.0,https://ark.frantiq.fr/ark:/26678/pcrthcbe2XySTb,[],[],"[""skos:Concept""]",false,false positive
dh,idai-pactols,secea-2026.tar.gz,[],[],"[""skos:Concept""]",http://thesauri.dainst.org/_d67080ff,=,1.0,https://ark.frantiq.fr/ark:/26678/pcrtKei7jxhn32,[],[],"[""skos:Concept""]",false,false positive
dh,idai-pactols,secea-2026.tar.gz,[],[],"[""skos:Concept""]",http://thesauri.dainst.org/_f53dfb58,=,1.0,https://ark.frantiq.fr/ark:/26678/pcrtKl3VI9w0s6,[],[],"[""skos:Concept""]",false,false positive
dh,idai-pactols,secea-2026.tar.gz,[],[],"[""skos:Concept""]",http://thesauri.dainst.org/_c40b4a1d,=,0.0,https://ark.frantiq.fr/ark:/26678/pcrtrMvNrtSOHs,[],[],"[""skos:Concept""]",true,false negative
dh,idai-pactols,secea-2026.tar.gz,[],[],"[""skos:Concept""]",http://thesauri.dainst.org/_79da6a36,=,1.0,https://ark.frantiq.fr/ark:/26678/pcrt5MQsnfNDTD,[],[],"[""skos:Concept""]",false,false positive
dh,idai-pactols,secea-2026.tar.gz,[],[],"[""skos:Concept""]",http://thesauri.dainst.org/_af2f2dad,=,0.0,https://ark.frantiq.fr/ark:/26678/pcrtVgXu5JJGUg,[],[],"[""skos:Concept""]",true,false negative
dh,idai-pactols,secea-2026.tar.gz,[],[],[],http://purl.org/dc/terms/issued,=,1.0,http://purl.org/dc/terms/issued,[],[],[],false,false positive
dh,idai-pactols,secea-2026.tar.gz,[],[],"[""skos:Concept""]",http://thesauri.dainst.org/_b0af6c5d,=,1.0,https://ark.frantiq.fr/ark:/26678/pcrtJtPMkecByS,[],[],[],false,false positive
dh,idai-pactols,secea-2026.tar.gz,[],[],[],http://www.w3.org/2004/02/skos/core#exactMatch,=,1.0,http://www.w3.org/2004/02/skos/core#exactMatch,[],[],[],false,false positive
dh,idai-pactols,secea-2026.tar.gz,[],[],"[""skos:Concept""]",http://thesauri.dainst.org/_b7757b42,=,1.0,https://ark.frantiq.fr/ark:/26678/pcrt66PQUHwXaw,[],[],"[""skos:Concept""]",false,false positive
dh,idai-pactols,secea-2026.tar.gz,[],[],[],http://www.w3.org/2004/02/skos/core#inScheme,=,1.0,http://www.w3.org/2004/02/skos/core#inScheme,[],[],[],false,false positive
dh,idai-pactols,secea-2026.tar.gz,[],[],"[""skos:Concept""]",http://thesauri.dainst.org/_4688b7a6,=,1.0,https://ark.frantiq.fr/ark:/26678/pcrtF9P4mbuyGk,[],[],"[""skos:Concept""]",true,true positive
dh,idai-pactols,secea-2026.tar.gz,[],[],"[""skos:Concept""]",http://thesauri.dainst.org/_80797057,=,1.0,https://ark.frantiq.fr/ark:/26678/pcrtrMvNrtSOHs,[],[],"[""skos:Concept""]",false,false positive
dh,idai-pactols,secea-2026.tar.gz,[],[],[],http://www.w3.org/2004/02/skos/core#broader,=,1.0,http://www.w3.org/2004/02/skos/core#broader,[],[],[],false,false positive
dh,idai-pactols,secea-2026.tar.gz,[],[],"[""skos:Concept""]",http://thesauri.dainst.org/_df686196,=,1.0,https://ark.frantiq.fr/ark:/26678/pcrtUia9QuUpdR,[],[],"[""skos:Concept""]",false,false positive
dh,idai-pactols,secea-2026.tar.gz,[],[],"[""skos:Concept""]",http://thesauri.dainst.org/_6f2d9e89,=,1.0,https://ark.frantiq.fr/ark:/26678/pcrtMZpgRPheIJ,[],[],"[""skos:Concept""]",false,false positive
dh,idai-pactols,secea-2026.tar.gz,[],[],"[""skos:Concept""]",http://thesauri.dainst.org/_5d92d740,=,1.0,https://ark.frantiq.fr/ark:/26678/pcrtbAYXiGXtZD,[],[],"[""skos:Concept""]",false,false positive
dh,idai-pactols,secea-2026.tar.gz,[],[],"[""skos:Concept""]",http://thesauri.dainst.org/_7331ad90,=,1.0,https://ark.frantiq.fr/ark:/26678/pcrtSp0Bn88zX1,[],[],"[""skos:Concept""]",false,false positive
dh,idai-pactols,secea-2026.tar.gz,[],[],"[""skos:Concept""]",http://thesauri.dainst.org/_e0531417,=,1.0,https://ark.frantiq.fr/ark:/26678/pcrtms2OAv82PY,[],[],"[""skos:Concept""]",false,false positive
dh,idai-pactols,secea-2026.tar.gz,[],[],"[""skos:Concept""]",http://thesauri.dainst.org/_f09b41b4,=,1.0,https://ark.frantiq.fr/ark:/26678/pcrt0Krn6QJlhU,[],[],"[""skos:Concept""]",true,true positive
dh,idai-pactols,secea-2026.tar.gz,[],[],[],http://purl.org/dc/terms/language,=,1.0,http://purl.org/dc/terms/language,[],[],[],false,false positive
dh,idai-pactols,secea-2026.tar.gz,[],[],[],http://thesauri.dainst.org/_01c2b871,=,1.0,https://ark.frantiq.fr/ark:/26678/pcrtnbDLi2FkAj,[],[],[],false,false positive
dh,idai-pactols,secea-2026.tar.gz,[],[],"[""skos:Concept""]",http://thesauri.dainst.org/_2c06eae5,=,0.0,https://ark.frantiq.fr/ark:/26678/pcrtJUwAaZ7Nz9,[],[],"[""skos:Concept""]",true,false negative
dh,idai-pactols,secea-2026.tar.gz,[],[],"[""skos:Concept""]",http://thesauri.dainst.org/_b02158bd,=,1.0,https://ark.frantiq.fr/ark:/26678/pcrtJUwAaZ7Nz9,[],[],"[""skos:Concept""]",true,true positive
dh,idai-pactols,secea-2026.tar.gz,[],[],"[""skos:Concept""]",http://thesauri.dainst.org/_ac567df8,=,1.0,https://ark.frantiq.fr/ark:/26678/pcrt9PJh9aTXv4,[],[],"[""skos:Concept""]",false,false positive
dh,idai-pactols,secea-2026.tar.gz,[],[],"[""skos:Concept""]",http://thesauri.dainst.org/_3b6ae39b,=,1.0,https://ark.frantiq.fr/ark:/26678/pcrtpZqoqAbrdg,[],[],"[""skos:Concept""]",false,false positive
dh,idai-pactols,secea-2026.tar.gz,[],[],"[""skos:Concept""]",http://thesauri.dainst.org/_695c8c3b,=,1.0,https://ark.frantiq.fr/ark:/26678/pcrteJiI6BxaFN,[],[],"[""skos:Concept""]",false,false positive
dh,idai-pactols,secea-2026.tar.gz,[],[],[],http://purl.org/dc/terms/creator,=,1.0,http://purl.org/dc/terms/creator,[],[],[],false,false positive
dh,idai-pactols,secea-2026.tar.gz,[],[],"[""skos:Concept""]",http://thesauri.dainst.org/_49517e78,=,0.0,https://ark.frantiq.fr/ark:/26678/pcrt36pke8yWxW,[],[],"[""skos:Concept""]",true,false negative
dh,idai-pactols,secea-2026.tar.gz,[],[],[],http://www.w3.org/2004/02/skos/core#narrower,=,1.0,http://www.w3.org/2004/02/skos/core#narrower,[],[],[],false,false positive
dh,idai-pactols,secea-2026.tar.gz,[],[],"[""skos:Concept""]",http://thesauri.dainst.org/_8513ac4e,=,1.0,https://ark.frantiq.fr/ark:/26678/pcrtQS6tuoSfSW,[],[],"[""skos:Concept""]",false,false positive
dh,idai-pactols,secea-2026.tar.gz,[],[],[],http://www.w3.org/1999/02/22-rdf-syntax-ns#type,=,1.0,http://www.w3.org/1999/02/22-rdf-syntax-ns#type,[],[],[],false,false positive
dh,idai-pactols,secea-2026.tar.gz,[],[],"[""skos:Concept""]",http://thesauri.dainst.org/_f1ef0050,=,1.0,https://ark.frantiq.fr/ark:/26678/pcrtx4sFxmENjb,[],[],"[""skos:Concept""]",false,false positive
dh,idai-pactols,secea-2026.tar.gz,[],[],"[""skos:Concept""]",http://thesauri.dainst.org/_14742562,=,1.0,https://ark.frantiq.fr/ark:/26678/pcrtfOjLfceAZ0,[],[],"[""skos:Concept""]",false,false positive
dh,idai-pactols,secea-2026.tar.gz,[],[],[],http://purl.org/dc/terms/rights,=,1.0,http://purl.org/dc/terms/rights,[],[],[],false,false positive
dh,idai-pactols,secea-2026.tar.gz,[],[],[],http://www.w3.org/2004/02/skos/core,=,1.0,http://www.w3.org/2004/02/skos/core,[],[],[],false,false positive
dh,idai-pactols,secea-2026.tar.gz,[],[],"[""skos:Concept""]",http://thesauri.dainst.org/_3ec72d64,=,0.0,https://ark.frantiq.fr/ark:/26678/pcrt7UXeYrS8Nb,[],[],"[""skos:Concept""]",true,false negative
dh,idai-pactols,secea-2026.tar.gz,"[""Concept""]",[],"[""owl:Class""]",http://www.w3.org/2004/02/skos/core#Concept,=,1.0,http://www.w3.org/2004/02/skos/core#Concept,"[""Concept""]",[],"[""owl:Class""]",false,false positive
dh,idai-pactols,secea-2026.tar.gz,[],[],[],http://www.w3.org/2002/07/owl#Class,=,1.0,http://www.w3.org/2002/07/owl#Class,[],[],[],false,false positive
dh,idai-pactols,secea-2026.tar.gz,[],[],"[""skos:Concept""]",http://thesauri.dainst.org/_56ea987b,=,1.0,https://ark.frantiq.fr/ark:/26678/pcrtgWbicZTgZe,[],[],"[""skos:Concept""]",false,false positive
dh,idai-pactols,secea-2026.tar.gz,[],[],"[""skos:Concept""]",http://thesauri.dainst.org/_aa5baba3,=,1.0,https://ark.frantiq.fr/ark:/26678/pcrtQY3u48DUrQ,[],[],"[""skos:Concept""]",false,false positive
dh,idai-pactols,secea-2026.tar.gz,[],[],"[""skos:Concept""]",http://thesauri.dainst.org/_18087860,=,1.0,https://ark.frantiq.fr/ark:/26678/pcrt1FD59O4eTz,[],[],"[""skos:Concept""]",false,false positive
dh,idai-pactols,secea-2026.tar.gz,[],[],[],http://www.w3.org/2004/02/skos/core#prefLabel,=,1.0,http://www.w3.org/2004/02/skos/core#prefLabel,[],[],[],false,false positive
dh,idai-pactols,secea-2026.tar.gz,[],[],[],http://www.w3.org/2004/02/skos/core#definition,=,1.0,http://www.w3.org/2004/02/skos/core#definition,[],[],[],false,false positive
dh,oeai-parthenos,tim-2026.tar.gz,[],[],"[""skos:Concept""]",https://vocabs.acdh.oeaw.ac.at/oeai-cultural-periods/concept23528,=,1.0,https://isl.ics.forth.gr/parthenos_vocabularies/Concept/7099,[],[],"[""skos:Concept""]",true,true positive
dh,oeai-parthenos,tim-2026.tar.gz,[],[],"[""skos:Concept""]",https://vocabs.acdh.oeaw.ac.at/oeai-cultural-periods/concept23318,=,0.0,https://isl.ics.forth.gr/parthenos_vocabularies/Concept/7125,[],[],"[""skos:Concept""]",true,false negative
dh,oeai-parthenos,tim-2026.tar.gz,[],[],"[""skos:Concept""]",https://vocabs.acdh.oeaw.ac.at/oeai-cultural-periods/concept23275,=,1.0,https://isl.ics.forth.gr/parthenos_vocabularies/Concept/7216,[],[],"[""skos:Concept""]",true,true positive
dh,oeai-parthenos,tim-2026.tar.gz,[],[],"[""skos:Concept""]",https://vocabs.acdh.oeaw.ac.at/oeai-cultural-periods/concept23274,=,1.0,https://isl.ics.forth.gr/parthenos_vocabularies/Concept/7194,[],[],"[""skos:Concept""]",true,true positive
dh,oeai-parthenos,tim-2026.tar.gz,[],[],"[""skos:Concept""]",https://vocabs.acdh.oeaw.ac.at/oeai-cultural-periods/concept23546,=,1.0,https://isl.ics.forth.gr/parthenos_vocabularies/Concept/7184,[],[],"[""skos:Concept""]",true,true positive
dh,oeai-parthenos,tim-2026.tar.gz,[],[],"[""skos:Concept""]",https://vocabs.acdh.oeaw.ac.at/oeai-cultural-periods/concept23272,=,1.0,https://isl.ics.forth.gr/parthenos_vocabularies/Concept/7266,[],[],"[""skos:Concept""]",true,true positive
dh,oeai-parthenos,tim-2026.tar.gz,[],[],"[""skos:Concept""]",https://vocabs.acdh.oeaw.ac.at/oeai-cultural-periods/concept23225,=,1.0,https://isl.ics.forth.gr/parthenos_vocabularies/Concept/7094,[],[],"[""skos:Concept""]",true,true positive
dh,oeai-parthenos,tim-2026.tar.gz,[],[],"[""skos:Concept""]",https://vocabs.acdh.oeaw.ac.at/oeai-cultural-periods/concept23552,=,1.0,https://isl.ics.forth.gr/parthenos_vocabularies/Concept/7222,[],[],"[""skos:Concept""]",false,false positive
dh,oeai-parthenos,tim-2026.tar.gz,[],[],[],http://purl.org/dc/terms/modified,=,1.0,http://purl.org/dc/terms/modified,[],[],[],false,false positive
dh,oeai-parthenos,tim-2026.tar.gz,[],[],"[""skos:Concept""]",https://vocabs.acdh.oeaw.ac.at/oeai-cultural-periods/concept23316,=,0.0,https://isl.ics.forth.gr/parthenos_vocabularies/Concept/7169,[],[],"[""skos:Concept""]",true,false negative
dh,oeai-parthenos,tim-2026.tar.gz,[],[],[],http://purl.org/dc/elements/1.1/creator,=,1.0,http://purl.org/dc/terms/creator,[],[],[],false,false positive
dh,oeai-parthenos,tim-2026.tar.gz,[],[],"[""skos:Concept""]",https://vocabs.acdh.oeaw.ac.at/oeai-cultural-periods/concept23247,=,1.0,https://isl.ics.forth.gr/parthenos_vocabularies/Concept/7189,[],[],"[""skos:Concept""]",true,true positive
dh,oeai-parthenos,tim-2026.tar.gz,[],[],"[""skos:Concept""]",https://vocabs.acdh.oeaw.ac.at/oeai-cultural-periods/concept23315,=,0.0,https://isl.ics.forth.gr/parthenos_vocabularies/Concept/7116,[],[],"[""skos:Concept""]",true,false negative
dh,oeai-parthenos,tim-2026.tar.gz,[],[],"[""skos:Concept""]",https://vocabs.acdh.oeaw.ac.at/oeai-cultural-periods/concept23243,=,1.0,https://isl.ics.forth.gr/parthenos_vocabularies/Concept/7146,[],[],"[""skos:Concept""]",true,true positive
dh,oeai-parthenos,tim-2026.tar.gz,[],[],"[""skos:Concept""]",https://vocabs.acdh.oeaw.ac.at/oeai-cultural-periods/concept23518,=,1.0,https://isl.ics.forth.gr/parthenos_vocabularies/Concept/7084,[],[],"[""skos:Concept""]",false,false positive
dh,oeai-parthenos,tim-2026.tar.gz,[],[],"[""skos:Concept""]",https://vocabs.acdh.oeaw.ac.at/oeai-cultural-periods/concept23536,=,0.0,https://isl.ics.forth.gr/parthenos_vocabularies/Concept/7087,[],[],"[""skos:Concept""]",true,false negative
dh,oeai-parthenos,tim-2026.tar.gz,[],[],"[""skos:Concept""]",https://vocabs.acdh.oeaw.ac.at/oeai-cultural-periods/concept23317,=,0.0,https://isl.ics.forth.gr/parthenos_vocabularies/Concept/7199,[],[],"[""skos:Concept""]",true,false negative
dh,oeai-parthenos,tim-2026.tar.gz,[],[],"[""skos:Concept""]",https://vocabs.acdh.oeaw.ac.at/oeai-cultural-periods/concept23244,=,1.0,https://isl.ics.forth.gr/parthenos_vocabularies/Concept/7268,[],[],"[""skos:Concept""]",true,true positive
dh,oeai-parthenos,tim-2026.tar.gz,[],[],"[""skos:Concept""]",https://vocabs.acdh.oeaw.ac.at/oeai-cultural-periods/concept23516,=,0.0,https://isl.ics.forth.gr/parthenos_vocabularies/Concept/7225,[],[],"[""skos:Concept""]",true,false negative
dh,oeai-parthenos,tim-2026.tar.gz,[],[],"[""skos:Concept""]",https://vocabs.acdh.oeaw.ac.at/oeai-cultural-periods/concept23260,=,1.0,https://isl.ics.forth.gr/parthenos_vocabularies/Concept/7239,[],[],"[""skos:Concept""]",true,true positive
dh,oeai-parthenos,tim-2026.tar.gz,[],[],"[""skos:Concept""]",https://vocabs.acdh.oeaw.ac.at/oeai-cultural-periods/concept23553,=,0.0,https://isl.ics.forth.gr/parthenos_vocabularies/Concept/7142,[],[],"[""skos:Concept""]",true,false negative
dh,oeai-parthenos,tim-2026.tar.gz,[],[],"[""skos:Concept""]",https://vocabs.acdh.oeaw.ac.at/oeai-cultural-periods/concept23514,=,0.0,https://isl.ics.forth.gr/parthenos_vocabularies/Concept/7200,[],[],"[""skos:Concept""]",true,false negative
dh,oeai-parthenos,tim-2026.tar.gz,[],[],"[""skos:Concept""]",https://vocabs.acdh.oeaw.ac.at/oeai-cultural-periods/concept23498,=,0.0,https://isl.ics.forth.gr/parthenos_vocabularies/Concept/7171,[],[],"[""skos:Concept""]",true,false negative
dh,oeai-parthenos,tim-2026.tar.gz,[],[],"[""skos:Concept""]",https://vocabs.acdh.oeaw.ac.at/oeai-cultural-periods/concept23276,=,1.0,https://isl.ics.forth.gr/parthenos_vocabularies/Concept/7147,[],[],"[""skos:Concept""]",true,true positive
dh,oeai-parthenos,tim-2026.tar.gz,[],[],"[""skos:Concept""]",https://vocabs.acdh.oeaw.ac.at/oeai-cultural-periods/concept23544,=,1.0,https://isl.ics.forth.gr/parthenos_vocabularies/Concept/7188,[],[],"[""skos:Concept""]",true,true positive
dh,oeai-parthenos,tim-2026.tar.gz,[],[],"[""skos:Concept""]",https://vocabs.acdh.oeaw.ac.at/oeai-cultural-periods/concept23560,=,1.0,https://isl.ics.forth.gr/parthenos_vocabularies/Concept/7107,[],[],"[""skos:Concept""]",true,true positive
dh,oeai-parthenos,tim-2026.tar.gz,[],[],"[""skos:Concept""]",https://vocabs.acdh.oeaw.ac.at/oeai-cultural-periods/concept23194,=,1.0,https://isl.ics.forth.gr/parthenos_vocabularies/Concept/7215,[],[],"[""skos:Concept""]",true,true positive
dh,oeai-parthenos,tim-2026.tar.gz,[],[],"[""skos:Concept""]",https://vocabs.acdh.oeaw.ac.at/oeai-cultural-periods/concept23317,=,0.0,https://isl.ics.forth.gr/parthenos_vocabularies/Concept/7115,[],[],"[""skos:Concept""]",true,false negative
dh,oeai-parthenos,tim-2026.tar.gz,[],[],"[""skos:Concept""]",https://vocabs.acdh.oeaw.ac.at/oeai-cultural-periods/concept23558,=,1.0,https://isl.ics.forth.gr/parthenos_vocabularies/Concept/7118,[],[],"[""skos:Concept""]",true,true positive
dh,oeai-parthenos,tim-2026.tar.gz,[],[],[],http://purl.org/dc/terms/license,=,1.0,http://purl.org/dc/terms/license,[],[],[],false,false positive
dh,oeai-parthenos,tim-2026.tar.gz,[],[],"[""skos:Concept""]",https://vocabs.acdh.oeaw.ac.at/oeai-cultural-periods/concept23531,=,0.0,https://isl.ics.forth.gr/parthenos_vocabularies/Concept/7246,[],[],"[""skos:Concept""]",true,false negative
dh,oeai-parthenos,tim-2026.tar.gz,[],[],"[""skos:Concept""]",https://vocabs.acdh.oeaw.ac.at/oeai-cultural-periods/concept23543,=,0.0,https://isl.ics.forth.gr/parthenos_vocabularies/Concept/7243,[],[],"[""skos:Concept""]",true,false negative
dh,oeai-parthenos,tim-2026.tar.gz,[],[],"[""skos:Concept""]",https://vocabs.acdh.oeaw.ac.at/oeai-cultural-periods/concept23316,=,0.0,https://isl.ics.forth.gr/parthenos_vocabularies/Concept/7237,[],[],"[""skos:Concept""]",true,false negative
dh,oeai-parthenos,tim-2026.tar.gz,[],[],"[""skos:Concept""]",https://vocabs.acdh.oeaw.ac.at/oeai-cultural-periods/concept23273,=,1.0,https://isl.ics.forth.gr/parthenos_vocabularies/Concept/7247,[],[],"[""skos:Concept""]",true,true positive
dh,oeai-parthenos,tim-2026.tar.gz,[],[],"[""skos:Concept""]",https://vocabs.acdh.oeaw.ac.at/oeai-cultural-periods/concept23522,=,1.0,https://isl.ics.forth.gr/parthenos_vocabularies/Concept/7224,[],[],"[""skos:Concept""]",true,true positive
dh,oeai-parthenos,tim-2026.tar.gz,[],[],"[""skos:Concept""]",https://vocabs.acdh.oeaw.ac.at/oeai-cultural-periods/concept23226,=,1.0,https://isl.ics.forth.gr/parthenos_vocabularies/Concept/7238,[],[],"[""skos:Concept""]",true,true positive
dh,oeai-parthenos,tim-2026.tar.gz,[],[],"[""skos:Concept""]",https://vocabs.acdh.oeaw.ac.at/oeai-cultural-periods/concept23559,=,0.0,https://isl.ics.forth.gr/parthenos_vocabularies/Concept/7227,[],[],"[""skos:Concept""]",true,false negative
dh,oeai-parthenos,tim-2026.tar.gz,[],[],"[""skos:Concept""]",https://vocabs.acdh.oeaw.ac.at/oeai-cultural-periods/concept23271,=,0.0,https://isl.ics.forth.gr/parthenos_vocabularies/Concept/7140,[],[],"[""skos:Concept""]",true,false negative
dh,oeai-parthenos,tim-2026.tar.gz,[],[],"[""skos:Concept""]",https://vocabs.acdh.oeaw.ac.at/oeai-cultural-periods/concept23314,=,0.0,https://isl.ics.forth.gr/parthenos_vocabularies/Concept/7114,[],[],"[""skos:Concept""]",true,false negative
dh,oeai-parthenos,tim-2026.tar.gz,[],[],"[""skos:Concept""]",https://vocabs.acdh.oeaw.ac.at/oeai-cultural-periods/concept23495,=,1.0,https://isl.ics.forth.gr/parthenos_vocabularies/Concept/7172,[],[],"[""skos:Concept""]",true,true positive
dh,oeai-parthenos,tim-2026.tar.gz,[],[],"[""skos:Concept""]",https://vocabs.acdh.oeaw.ac.at/oeai-cultural-periods/concept23532,=,1.0,https://isl.ics.forth.gr/parthenos_vocabularies/Concept/7179,[],[],"[""skos:Concept""]",true,true positive
dh,oeai-parthenos,tim-2026.tar.gz,[],[],"[""skos:Concept""]",https://vocabs.acdh.oeaw.ac.at/oeai-cultural-periods/concept23256,=,1.0,https://isl.ics.forth.gr/parthenos_vocabularies/Concept/7130,[],[],"[""skos:Concept""]",true,true positive
dh,oeai-parthenos,tim-2026.tar.gz,[],[],"[""skos:Concept""]",https://vocabs.acdh.oeaw.ac.at/oeai-cultural-periods/concept23251,=,0.0,https://isl.ics.forth.gr/parthenos_vocabularies/Concept/7208,[],[],"[""skos:Concept""]",true,false negative
dh,oeai-parthenos,tim-2026.tar.gz,[],[],"[""skos:Concept""]",https://vocabs.acdh.oeaw.ac.at/oeai-cultural-periods/concept23530,=,0.0,https://isl.ics.forth.gr/parthenos_vocabularies/Concept/7219,[],[],"[""skos:Concept""]",true,false negative
dh,oeai-parthenos,tim-2026.tar.gz,[],[],"[""skos:Concept""]",https://vocabs.acdh.oeaw.ac.at/oeai-cultural-periods/concept23502,=,0.0,https://isl.ics.forth.gr/parthenos_vocabularies/Concept/7233,[],[],"[""skos:Concept""]",true,false negative
dh,oeai-parthenos,tim-2026.tar.gz,[],[],[],http://purl.org/dc/elements/1.1/description,=,1.0,http://purl.org/dc/terms/description,[],[],[],false,false positive
dh,oeai-parthenos,tim-2026.tar.gz,[],[],"[""skos:Concept""]",https://vocabs.acdh.oeaw.ac.at/oeai-cultural-periods/concept23195,=,1.0,https://isl.ics.forth.gr/parthenos_vocabularies/Concept/7221,[],[],"[""skos:Concept""]",true,true positive
dh,oeai-parthenos,tim-2026.tar.gz,[],[],"[""skos:Concept""]",https://vocabs.acdh.oeaw.ac.at/oeai-cultural-periods/concept23315,=,0.0,https://isl.ics.forth.gr/parthenos_vocabularies/Concept/7152,[],[],"[""skos:Concept""]",true,false negative
dh,oeai-parthenos,tim-2026.tar.gz,[],[],"[""skos:Concept""]",https://vocabs.acdh.oeaw.ac.at/oeai-cultural-periods/concept23195,=,0.0,https://isl.ics.forth.gr/parthenos_vocabularies/Concept/7236,[],[],"[""skos:Concept""]",true,false negative
dh,oeai-parthenos,tim-2026.tar.gz,[],[],"[""skos:Concept""]",https://vocabs.acdh.oeaw.ac.at/oeai-cultural-periods/concept23531,=,1.0,https://isl.ics.forth.gr/parthenos_vocabularies/Concept/7207,[],[],"[""skos:Concept""]",true,true positive
dh,oeai-parthenos,tim-2026.tar.gz,"[""Concept""]",[],"[""owl:Class""]",http://www.w3.org/2004/02/skos/core#Concept,=,1.0,http://www.w3.org/2004/02/skos/core#Concept,"[""Concept""]",[],"[""owl:Class""]",false,false positive
dh,oeai-parthenos,tim-2026.tar.gz,[],[],"[""skos:Concept""]",https://vocabs.acdh.oeaw.ac.at/oeai-cultural-periods/concept23196,=,1.0,https://isl.ics.forth.gr/parthenos_vocabularies/Concept/7139,[],[],"[""skos:Concept""]",true,true positive
dh,oeai-parthenos,tim-2026.tar.gz,[],[],[],http://purl.org/dc/terms/created,=,1.0,http://purl.org/dc/terms/created,[],[],[],false,false positive
dh,oeai-parthenos,tim-2026.tar.gz,[],[],"[""skos:Concept""]",https://vocabs.acdh.oeaw.ac.at/oeai-cultural-periods/concept23545,=,0.0,https://isl.ics.forth.gr/parthenos_vocabularies/Concept/7145,[],[],"[""skos:Concept""]",true,false negative
dh,oeai-parthenos,tim-2026.tar.gz,[],[],"[""skos:Concept""]",https://vocabs.acdh.oeaw.ac.at/oeai-cultural-periods/concept23503,=,0.0,https://isl.ics.forth.gr/parthenos_vocabularies/Concept/7249,[],[],"[""skos:Concept""]",true,false negative
dh,dha-unesco,lsmatch-multilingual-2026.tar.gz,[],[],"[""skos:Concept""]",https://vocabs.acdh.oeaw.ac.at/dhataxonomy/Concept34,=,0.0,http://vocabularies.unesco.org/thesaurus/concept3354,[],[],"[""skos:Concept""]",true,false negative
dh,dha-unesco,lsmatch-multilingual-2026.tar.gz,[],[],"[""skos:Concept""]",https://vocabs.acdh.oeaw.ac.at/dhataxonomy/Concept61,=,0.0,http://vocabularies.unesco.org/thesaurus/concept17094,[],[],"[""skos:Concept""]",true,false negative
dh,dha-unesco,lsmatch-multilingual-2026.tar.gz,[],[],"[""skos:Concept""]",https://vocabs.acdh.oeaw.ac.at/dhataxonomy/Concept37,=,0.0,http://vocabularies.unesco.org/thesaurus/concept3270,[],[],"[""skos:Concept""]",true,false negative
dh,dha-unesco,lsmatch-multilingual-2026.tar.gz,[],[],"[""skos:Concept""]",https://vocabs.acdh.oeaw.ac.at/dhataxonomy/Concept47,=,0.0,http://vocabularies.unesco.org/thesaurus/concept17000,[],[],"[""skos:Concept""]",true,false negative
dh,dha-unesco,lsmatch-multilingual-2026.tar.gz,[],[],"[""skos:Concept""]",https://vocabs.acdh.oeaw.ac.at/dhataxonomy/Concept46,=,0.0,http://vocabularies.unesco.org/thesaurus/concept3410,[],[],"[""skos:Concept""]",true,false negative
dh,dha-unesco,lsmatch-multilingual-2026.tar.gz,[],[],"[""skos:Concept""]",https://vocabs.acdh.oeaw.ac.at/dhataxonomy/Concept33,=,0.0,http://vocabularies.unesco.org/thesaurus/concept9812,[],[],"[""skos:Concept""]",true,false negative
dh,dha-unesco,lsmatch-multilingual-2026.tar.gz,[],[],"[""skos:Concept""]",https://vocabs.acdh.oeaw.ac.at/dhataxonomy/Concept51.01,=,0.0,http://vocabularies.unesco.org/thesaurus/concept11605,[],[],"[""skos:Concept""]",true,false negative
dh,dha-unesco,lsmatch-multilingual-2026.tar.gz,[],[],"[""skos:Concept""]",https://vocabs.acdh.oeaw.ac.at/dhataxonomy/Concept68,=,0.0,http://vocabularies.unesco.org/thesaurus/concept7411,[],[],"[""skos:Concept""]",true,false negative
dh,dha-unesco,lsmatch-multilingual-2026.tar.gz,[],[],"[""skos:Concept""]",https://vocabs.acdh.oeaw.ac.at/dhataxonomy/Concept60,=,0.0,http://vocabularies.unesco.org/thesaurus/concept17127,[],[],"[""skos:Concept""]",true,false negative
dh,dha-unesco,lsmatch-multilingual-2026.tar.gz,"[""Concept""]",[],"[""owl:Class""]",http://www.w3.org/2004/02/skos/core#Concept,=,1.0,http://www.w3.org/2004/02/skos/core#Concept,"[""Concept""]",[],"[""owl:Class""]",false,false positive
dh,dha-unesco,lsmatch-multilingual-2026.tar.gz,[],[],"[""skos:Concept""]",https://vocabs.acdh.oeaw.ac.at/dhataxonomy/Concept41,=,0.0,http://vocabularies.unesco.org/thesaurus/concept4954,[],[],"[""skos:Concept""]",true,false negative
dh,defc-pactols,lsmatch-multilingual-2026.tar.gz,[],[],"[""skos:Concept""]",https://vocabs.acdh.oeaw.ac.at/defcthesaurus/pit/5.4,=,0.0,https://ark.frantiq.fr/ark:/26678/pcrtms2OAv82PY,[],[],"[""skos:Concept""]",true,false negative
dh,defc-pactols,lsmatch-multilingual-2026.tar.gz,[],[],"[""skos:Concept""]",https://vocabs.acdh.oeaw.ac.at/defcthesaurus/hearth/5.3,=,0.0,https://ark.frantiq.fr/ark:/26678/pcrtJUwAaZ7Nz9,[],[],"[""skos:Concept""]",true,false negative
dh,defc-pactols,lsmatch-multilingual-2026.tar.gz,[],[],"[""skos:Concept""]",https://vocabs.acdh.oeaw.ac.at/defcthesaurus/cairn/5.8,=,0.0,https://ark.frantiq.fr/ark:/26678/pcrtAqKgmvERHQ,[],[],"[""skos:Concept""]",true,false negative
dh,defc-pactols,lsmatch-multilingual-2026.tar.gz,[],[],"[""skos:Concept""]",https://vocabs.acdh.oeaw.ac.at/defcthesaurus/fireplace/5.1,=,0.0,https://ark.frantiq.fr/ark:/26678/pcrtJUwAaZ7Nz9,[],[],"[""skos:Concept""]",true,false negative
dh,defc-pactols,lsmatch-multilingual-2026.tar.gz,[],[],"[""skos:Concept""]",https://vocabs.acdh.oeaw.ac.at/defcthesaurus/pile_dwelling/5.4,=,0.0,https://ark.frantiq.fr/ark:/26678/pcrt5MQsnfNDTD,[],[],"[""skos:Concept""]",true,false negative
dh,defc-pactols,lsmatch-multilingual-2026.tar.gz,[],[],"[""skos:Concept""]",https://vocabs.acdh.oeaw.ac.at/defcthesaurus/waste_pit/5.20,=,0.0,https://ark.frantiq.fr/ark:/26678/pcrtp5Wcpmp9I3,[],[],"[""skos:Concept""]",true,false negative
dh,defc-pactols,lsmatch-multilingual-2026.tar.gz,[],[],"[""skos:Concept""]",https://vocabs.acdh.oeaw.ac.at/defcthesaurus/settlement_enclosure/4.073,=,0.0,https://ark.frantiq.fr/ark:/26678/pcrtKei7jxhn32,[],[],"[""skos:Concept""]",true,false negative
dh,defc-pactols,lsmatch-multilingual-2026.tar.gz,"[""Concept""]",[],"[""owl:Class""]",http://www.w3.org/2004/02/skos/core#Concept,=,1.0,http://www.w3.org/2004/02/skos/core#Concept,"[""Concept""]",[],"[""owl:Class""]",false,false positive
dh,defc-pactols,lsmatch-multilingual-2026.tar.gz,[],[],"[""skos:Concept""]",https://vocabs.acdh.oeaw.ac.at/defcthesaurus/cave/3.1,=,0.0,https://ark.frantiq.fr/ark:/26678/pcrtxKnfzXYMxK,[],[],"[""skos:Concept""]",true,false negative
dh,defc-pactols,lsmatch-multilingual-2026.tar.gz,[],[],"[""skos:Concept""]",https://vocabs.acdh.oeaw.ac.at/defcthesaurus/rock_shelter/3.2,=,0.0,https://ark.frantiq.fr/ark:/26678/pcrtkeLpJpVN4t,[],[],"[""skos:Concept""]",true,false negative
dh,defc-pactols,lsmatch-multilingual-2026.tar.gz,[],[],"[""skos:Concept""]",https://vocabs.acdh.oeaw.ac.at/defcthesaurus/tell/4.2,=,0.0,https://ark.frantiq.fr/ark:/26678/pcrtx4sFxmENjb,[],[],"[""skos:Concept""]",true,false negative
dh,pactols-parthenos,logmap-2026.tar.gz,[],[],"[""skos:Concept""]",https://ark.frantiq.fr/ark:/26678/pcrtxKnfzXYMxK,=,0.0,https://isl.ics.forth.gr/parthenos_vocabularies/Concept/32324,[],[],"[""skos:Concept""]",true,false negative
dh,pactols-parthenos,logmap-2026.tar.gz,[],[],"[""skos:Concept""]",https://ark.frantiq.fr/ark:/26678/pcrtfUWF9GVr4q,=,0.0,https://isl.ics.forth.gr/parthenos_vocabularies/Concept/32290,[],[],"[""skos:Concept""]",true,false negative
dh,pactols-parthenos,logmap-2026.tar.gz,[],[],"[""skos:Concept""]",https://ark.frantiq.fr/ark:/26678/pcrtkeLpJpVN4t,=,0.0,https://isl.ics.forth.gr/parthenos_vocabularies/Concept/32490,[],[],"[""skos:Concept""]",true,false negative
dh,pactols-parthenos,logmap-2026.tar.gz,[],[],"[""skos:Concept""]",https://ark.frantiq.fr/ark:/26678/pcrtVhTRix41ic,=,0.0,https://isl.ics.forth.gr/parthenos_vocabularies/Concept/32286,[],[],"[""skos:Concept""]",true,false negative
dh,pactols-parthenos,logmap-2026.tar.gz,[],[],"[""skos:Concept""]",https://ark.frantiq.fr/ark:/26678/pcrt9PJh9aTXv4,=,0.0,https://isl.ics.forth.gr/parthenos_vocabularies/Concept/32349,[],[],"[""skos:Concept""]",true,false negative
dh,pactols-parthenos,logmap-2026.tar.gz,[],[],"[""skos:Concept""]",https://ark.frantiq.fr/ark:/26678/pcrtXGgQa70ZVU,=,0.0,https://isl.ics.forth.gr/parthenos_vocabularies/Concept/32971,[],[],"[""skos:Concept""]",true,false negative
dh,pactols-parthenos,logmap-2026.tar.gz,[],[],"[""skos:Concept""]",https://ark.frantiq.fr/ark:/26678/pcrtx4sFxmENjb,=,0.0,https://isl.ics.forth.gr/parthenos_vocabularies/Concept/32867,[],[],"[""skos:Concept""]",true,false negative
dh,pactols-parthenos,logmap-2026.tar.gz,[],[],"[""skos:Concept""]",https://ark.frantiq.fr/ark:/26678/pcrtAqKgmvERHQ,=,0.0,https://isl.ics.forth.gr/parthenos_vocabularies/Concept/32641,[],[],"[""skos:Concept""]",true,false negative
dh,pactols-parthenos,logmap-2026.tar.gz,[],[],"[""skos:Concept""]",https://ark.frantiq.fr/ark:/26678/pcrtF9P4mbuyGk,=,0.0,https://isl.ics.forth.gr/parthenos_vocabularies/Concept/32655,[],[],"[""skos:Concept""]",true,false negative
dh,pactols-parthenos,logmap-2026.tar.gz,[],[],"[""skos:Concept""]",https://ark.frantiq.fr/ark:/26678/crtdVpqD9Y6ym,=,0.0,https://isl.ics.forth.gr/parthenos_vocabularies/Concept/32318,[],[],"[""skos:Concept""]",true,false negative
dh,pactols-parthenos,logmap-2026.tar.gz,[],[],"[""skos:Concept""]",https://ark.frantiq.fr/ark:/26678/pcrtHIjtOg1P75,=,0.0,https://isl.ics.forth.gr/parthenos_vocabularies/Concept/32228,[],[],"[""skos:Concept""]",true,false negative
dh,pactols-parthenos,logmap-2026.tar.gz,[],[],"[""skos:Concept""]",https://ark.frantiq.fr/ark:/26678/pcrts62Z2hl4ux,=,0.0,https://isl.ics.forth.gr/parthenos_vocabularies/Concept/32910,[],[],"[""skos:Concept""]",true,false negative
dh,defc-pactols,logmap-2026.tar.gz,[],[],"[""skos:Concept""]",https://vocabs.acdh.oeaw.ac.at/defcthesaurus/pit/5.4,=,0.0,https://ark.frantiq.fr/ark:/26678/pcrtms2OAv82PY,[],[],"[""skos:Concept""]",true,false negative
dh,defc-pactols,logmap-2026.tar.gz,[],[],"[""skos:Concept""]",https://vocabs.acdh.oeaw.ac.at/defcthesaurus/hearth/5.3,=,0.0,https://ark.frantiq.fr/ark:/26678/pcrtJUwAaZ7Nz9,[],[],"[""skos:Concept""]",true,false negative
dh,defc-pactols,logmap-2026.tar.gz,[],[],"[""skos:Concept""]",https://vocabs.acdh.oeaw.ac.at/defcthesaurus/cairn/5.8,=,0.0,https://ark.frantiq.fr/ark:/26678/pcrtAqKgmvERHQ,[],[],"[""skos:Concept""]",true,false negative
dh,defc-pactols,logmap-2026.tar.gz,[],[],"[""skos:Concept""]",https://vocabs.acdh.oeaw.ac.at/defcthesaurus/fireplace/5.1,=,0.0,https://ark.frantiq.fr/ark:/26678/pcrtJUwAaZ7Nz9,[],[],"[""skos:Concept""]",true,false negative
dh,defc-pactols,logmap-2026.tar.gz,[],[],"[""skos:Concept""]",https://vocabs.acdh.oeaw.ac.at/defcthesaurus/pile_dwelling/5.4,=,0.0,https://ark.frantiq.fr/ark:/26678/pcrt5MQsnfNDTD,[],[],"[""skos:Concept""]",true,false negative
dh,defc-pactols,logmap-2026.tar.gz,[],[],"[""skos:Concept""]",https://vocabs.acdh.oeaw.ac.at/defcthesaurus/waste_pit/5.20,=,0.0,https://ark.frantiq.fr/ark:/26678/pcrtp5Wcpmp9I3,[],[],"[""skos:Concept""]",true,false negative
dh,defc-pactols,logmap-2026.tar.gz,[],[],"[""skos:Concept""]",https://vocabs.acdh.oeaw.ac.at/defcthesaurus/settlement_enclosure/4.073,=,0.0,https://ark.frantiq.fr/ark:/26678/pcrtKei7jxhn32,[],[],"[""skos:Concept""]",true,false negative
dh,defc-pactols,logmap-2026.tar.gz,[],[],"[""skos:Concept""]",https://vocabs.acdh.oeaw.ac.at/defcthesaurus/cave/3.1,=,0.0,https://ark.frantiq.fr/ark:/26678/pcrtxKnfzXYMxK,[],[],"[""skos:Concept""]",true,false negative
dh,defc-pactols,logmap-2026.tar.gz,[],[],"[""skos:Concept""]",https://vocabs.acdh.oeaw.ac.at/defcthesaurus/rock_shelter/3.2,=,0.0,https://ark.frantiq.fr/ark:/26678/pcrtkeLpJpVN4t,[],[],"[""skos:Concept""]",true,false negative
dh,defc-pactols,logmap-2026.tar.gz,[],[],"[""skos:Concept""]",https://vocabs.acdh.oeaw.ac.at/defcthesaurus/tell/4.2,=,0.0,https://ark.frantiq.fr/ark:/26678/pcrtx4sFxmENjb,[],[],"[""skos:Concept""]",true,false negative
dh,oeai-parthenos,secea-2026.tar.gz,[],[],"[""skos:Concept""]",https://vocabs.acdh.oeaw.ac.at/oeai-cultural-periods/concept23528,=,1.0,https://isl.ics.forth.gr/parthenos_vocabularies/Concept/7099,[],[],"[""skos:Concept""]",true,true positive
dh,oeai-parthenos,secea-2026.tar.gz,[],[],"[""skos:Concept""]",https://vocabs.acdh.oeaw.ac.at/oeai-cultural-periods/concept23318,=,1.0,https://isl.ics.forth.gr/parthenos_vocabularies/Concept/7125,[],[],"[""skos:Concept""]",true,true positive
dh,oeai-parthenos,secea-2026.tar.gz,[],[],"[""skos:Concept""]",https://vocabs.acdh.oeaw.ac.at/oeai-cultural-periods/concept23275,=,1.0,https://isl.ics.forth.gr/parthenos_vocabularies/Concept/7216,[],[],"[""skos:Concept""]",true,true positive
dh,oeai-parthenos,secea-2026.tar.gz,[],[],"[""skos:Concept""]",https://vocabs.acdh.oeaw.ac.at/oeai-cultural-periods/concept23274,=,1.0,https://isl.ics.forth.gr/parthenos_vocabularies/Concept/7194,[],[],"[""skos:Concept""]",true,true positive
dh,oeai-parthenos,secea-2026.tar.gz,[],[],[],http://www.w3.org/2000/01/rdf-schema#label,=,1.0,http://www.w3.org/2000/01/rdf-schema#label,[],[],[],false,false positive
dh,oeai-parthenos,secea-2026.tar.gz,[],[],"[""skos:Concept""]",https://vocabs.acdh.oeaw.ac.at/oeai-cultural-periods/concept23546,=,1.0,https://isl.ics.forth.gr/parthenos_vocabularies/Concept/7184,[],[],"[""skos:Concept""]",true,true positive
dh,oeai-parthenos,secea-2026.tar.gz,[],[],"[""skos:Concept""]",https://vocabs.acdh.oeaw.ac.at/oeai-cultural-periods/concept23272,=,1.0,https://isl.ics.forth.gr/parthenos_vocabularies/Concept/7266,[],[],"[""skos:Concept""]",true,true positive
dh,oeai-parthenos,secea-2026.tar.gz,[],[],[],http://www.w3.org/2004/02/skos/core#ConceptScheme,=,1.0,http://www.w3.org/2004/02/skos/core#ConceptScheme,[],[],[],false,false positive
dh,oeai-parthenos,secea-2026.tar.gz,[],[],"[""skos:Concept""]",https://vocabs.acdh.oeaw.ac.at/oeai-cultural-periods/concept23225,=,1.0,https://isl.ics.forth.gr/parthenos_vocabularies/Concept/7094,[],[],"[""skos:Concept""]",true,true positive
dh,oeai-parthenos,secea-2026.tar.gz,[],[],"[""skos:Concept""]",https://vocabs.acdh.oeaw.ac.at/oeai-cultural-periods/concept23552,=,1.0,https://isl.ics.forth.gr/parthenos_vocabularies/Concept/7222,[],[],"[""skos:Concept""]",false,false positive
dh,oeai-parthenos,secea-2026.tar.gz,[],[],[],http://purl.org/dc/terms/modified,=,1.0,http://purl.org/dc/terms/modified,[],[],[],false,false positive
dh,oeai-parthenos,secea-2026.tar.gz,[],[],"[""skos:Concept""]",https://vocabs.acdh.oeaw.ac.at/oeai-cultural-periods/concept23316,=,0.0,https://isl.ics.forth.gr/parthenos_vocabularies/Concept/7169,[],[],"[""skos:Concept""]",true,false negative
dh,oeai-parthenos,secea-2026.tar.gz,[],[],[],http://purl.org/dc/elements/1.1/creator,=,1.0,http://purl.org/dc/terms/creator,[],[],[],false,false positive
dh,oeai-parthenos,secea-2026.tar.gz,[],[],"[""skos:Concept""]",https://vocabs.acdh.oeaw.ac.at/oeai-cultural-periods/concept23247,=,1.0,https://isl.ics.forth.gr/parthenos_vocabularies/Concept/7189,[],[],"[""skos:Concept""]",true,true positive
dh,oeai-parthenos,secea-2026.tar.gz,[],[],"[""skos:Concept""]",https://vocabs.acdh.oeaw.ac.at/oeai-cultural-periods/concept23315,=,0.0,https://isl.ics.forth.gr/parthenos_vocabularies/Concept/7116,[],[],"[""skos:Concept""]",true,false negative
dh,oeai-parthenos,secea-2026.tar.gz,[],[],"[""skos:Concept""]",https://vocabs.acdh.oeaw.ac.at/oeai-cultural-periods/concept23243,=,1.0,https://isl.ics.forth.gr/parthenos_vocabularies/Concept/7146,[],[],"[""skos:Concept""]",true,true positive
dh,oeai-parthenos,secea-2026.tar.gz,[],[],"[""skos:Concept""]",https://vocabs.acdh.oeaw.ac.at/oeai-cultural-periods/concept23518,=,1.0,https://isl.ics.forth.gr/parthenos_vocabularies/Concept/7084,[],[],"[""skos:Concept""]",false,false positive
dh,oeai-parthenos,secea-2026.tar.gz,[],[],"[""skos:Concept""]",https://vocabs.acdh.oeaw.ac.at/oeai-cultural-periods/concept23536,=,0.0,https://isl.ics.forth.gr/parthenos_vocabularies/Concept/7087,[],[],"[""skos:Concept""]",true,false negative
dh,oeai-parthenos,secea-2026.tar.gz,[],[],"[""skos:Concept""]",https://vocabs.acdh.oeaw.ac.at/oeai-cultural-periods/concept23317,=,0.0,https://isl.ics.forth.gr/parthenos_vocabularies/Concept/7199,[],[],"[""skos:Concept""]",true,false negative
dh,oeai-parthenos,secea-2026.tar.gz,[],[],"[""skos:Concept""]",https://vocabs.acdh.oeaw.ac.at/oeai-cultural-periods/concept23244,=,1.0,https://isl.ics.forth.gr/parthenos_vocabularies/Concept/7268,[],[],"[""skos:Concept""]",true,true positive
dh,oeai-parthenos,secea-2026.tar.gz,[],[],"[""skos:Concept""]",https://vocabs.acdh.oeaw.ac.at/oeai-cultural-periods/concept23516,=,0.0,https://isl.ics.forth.gr/parthenos_vocabularies/Concept/7225,[],[],"[""skos:Concept""]",true,false negative
dh,oeai-parthenos,secea-2026.tar.gz,[],[],"[""skos:Concept""]",https://vocabs.acdh.oeaw.ac.at/oeai-cultural-periods/concept23260,=,1.0,https://isl.ics.forth.gr/parthenos_vocabularies/Concept/7239,[],[],"[""skos:Concept""]",true,true positive
dh,oeai-parthenos,secea-2026.tar.gz,[],[],[],http://www.w3.org/2000/01/rdf-schema#isDefinedBy,=,1.0,http://www.w3.org/2000/01/rdf-schema#isDefinedBy,[],[],[],false,false positive
dh,oeai-parthenos,secea-2026.tar.gz,[],[],"[""skos:Concept""]",https://vocabs.acdh.oeaw.ac.at/oeai-cultural-periods/concept23553,=,0.0,https://isl.ics.forth.gr/parthenos_vocabularies/Concept/7142,[],[],"[""skos:Concept""]",true,false negative
dh,oeai-parthenos,secea-2026.tar.gz,[],[],"[""skos:Concept""]",https://vocabs.acdh.oeaw.ac.at/oeai-cultural-periods/concept23514,=,1.0,https://isl.ics.forth.gr/parthenos_vocabularies/Concept/7200,[],[],"[""skos:Concept""]",true,true positive
dh,oeai-parthenos,secea-2026.tar.gz,[],[],"[""skos:Concept""]",https://vocabs.acdh.oeaw.ac.at/oeai-cultural-periods/concept23498,=,1.0,https://isl.ics.forth.gr/parthenos_vocabularies/Concept/7171,[],[],"[""skos:Concept""]",true,true positive
dh,oeai-parthenos,secea-2026.tar.gz,[],[],[],http://www.w3.org/2004/02/skos/core#topConceptOf,=,1.0,http://www.w3.org/2004/02/skos/core#topConceptOf,[],[],[],false,false positive
dh,oeai-parthenos,secea-2026.tar.gz,[],[],"[""skos:Concept""]",https://vocabs.acdh.oeaw.ac.at/oeai-cultural-periods/concept23276,=,1.0,https://isl.ics.forth.gr/parthenos_vocabularies/Concept/7147,[],[],"[""skos:Concept""]",true,true positive
dh,oeai-parthenos,secea-2026.tar.gz,[],[],"[""skos:Concept""]",https://vocabs.acdh.oeaw.ac.at/oeai-cultural-periods/concept23544,=,1.0,https://isl.ics.forth.gr/parthenos_vocabularies/Concept/7188,[],[],"[""skos:Concept""]",true,true positive
dh,oeai-parthenos,secea-2026.tar.gz,[],[],"[""skos:Concept""]",https://vocabs.acdh.oeaw.ac.at/oeai-cultural-periods/concept23560,=,1.0,https://isl.ics.forth.gr/parthenos_vocabularies/Concept/7107,[],[],"[""skos:Concept""]",true,true positive
dh,oeai-parthenos,secea-2026.tar.gz,[],[],"[""skos:Concept""]",https://vocabs.acdh.oeaw.ac.at/oeai-cultural-periods/concept23194,=,1.0,https://isl.ics.forth.gr/parthenos_vocabularies/Concept/7215,[],[],"[""skos:Concept""]",true,true positive
dh,oeai-parthenos,secea-2026.tar.gz,[],[],"[""skos:Concept""]",https://vocabs.acdh.oeaw.ac.at/oeai-cultural-periods/concept23317,=,0.0,https://isl.ics.forth.gr/parthenos_vocabularies/Concept/7115,[],[],"[""skos:Concept""]",true,false negative
dh,oeai-parthenos,secea-2026.tar.gz,[],[],"[""skos:Concept""]",https://vocabs.acdh.oeaw.ac.at/oeai-cultural-periods/concept23558,=,1.0,https://isl.ics.forth.gr/parthenos_vocabularies/Concept/7118,[],[],"[""skos:Concept""]",true,true positive
dh,oeai-parthenos,secea-2026.tar.gz,[],[],[],http://purl.org/dc/terms/license,=,1.0,http://purl.org/dc/terms/license,[],[],[],false,false positive
dh,oeai-parthenos,secea-2026.tar.gz,[],[],[],http://www.w3.org/2004/02/skos/core#inScheme,=,1.0,http://www.w3.org/2004/02/skos/core#inScheme,[],[],[],false,false positive
dh,oeai-parthenos,secea-2026.tar.gz,[],[],"[""skos:Concept""]",https://vocabs.acdh.oeaw.ac.at/oeai-cultural-periods/concept23531,=,0.0,https://isl.ics.forth.gr/parthenos_vocabularies/Concept/7246,[],[],"[""skos:Concept""]",true,false negative
dh,oeai-parthenos,secea-2026.tar.gz,[],[],"[""skos:Concept""]",https://vocabs.acdh.oeaw.ac.at/oeai-cultural-periods/concept23543,=,0.0,https://isl.ics.forth.gr/parthenos_vocabularies/Concept/7243,[],[],"[""skos:Concept""]",true,false negative
dh,oeai-parthenos,secea-2026.tar.gz,[],[],"[""skos:Concept""]",https://vocabs.acdh.oeaw.ac.at/oeai-cultural-periods/concept23316,=,0.0,https://isl.ics.forth.gr/parthenos_vocabularies/Concept/7237,[],[],"[""skos:Concept""]",true,false negative
dh,oeai-parthenos,secea-2026.tar.gz,[],[],[],http://www.w3.org/2004/02/skos/core#broader,=,1.0,http://www.w3.org/2004/02/skos/core#broader,[],[],[],false,false positive
dh,oeai-parthenos,secea-2026.tar.gz,[],[],"[""skos:Concept""]",https://vocabs.acdh.oeaw.ac.at/oeai-cultural-periods/concept23273,=,1.0,https://isl.ics.forth.gr/parthenos_vocabularies/Concept/7247,[],[],"[""skos:Concept""]",true,true positive
dh,oeai-parthenos,secea-2026.tar.gz,[],[],"[""skos:Concept""]",https://vocabs.acdh.oeaw.ac.at/oeai-cultural-periods/concept23522,=,1.0,https://isl.ics.forth.gr/parthenos_vocabularies/Concept/7224,[],[],"[""skos:Concept""]",true,true positive
dh,oeai-parthenos,secea-2026.tar.gz,[],[],"[""skos:Concept""]",https://vocabs.acdh.oeaw.ac.at/oeai-cultural-periods/concept23226,=,1.0,https://isl.ics.forth.gr/parthenos_vocabularies/Concept/7238,[],[],"[""skos:Concept""]",true,true positive
dh,oeai-parthenos,secea-2026.tar.gz,[],[],"[""skos:Concept""]",https://vocabs.acdh.oeaw.ac.at/oeai-cultural-periods/concept23559,=,0.0,https://isl.ics.forth.gr/parthenos_vocabularies/Concept/7227,[],[],"[""skos:Concept""]",true,false negative
dh,oeai-parthenos,secea-2026.tar.gz,[],[],"[""skos:Concept""]",https://vocabs.acdh.oeaw.ac.at/oeai-cultural-periods/concept23271,=,0.0,https://isl.ics.forth.gr/parthenos_vocabularies/Concept/7140,[],[],"[""skos:Concept""]",true,false negative
dh,oeai-parthenos,secea-2026.tar.gz,[],[],"[""skos:Concept""]",https://vocabs.acdh.oeaw.ac.at/oeai-cultural-periods/concept23314,=,1.0,https://isl.ics.forth.gr/parthenos_vocabularies/Concept/7114,[],[],"[""skos:Concept""]",true,true positive
dh,oeai-parthenos,secea-2026.tar.gz,[],[],"[""skos:Concept""]",https://vocabs.acdh.oeaw.ac.at/oeai-cultural-periods/concept23495,=,1.0,https://isl.ics.forth.gr/parthenos_vocabularies/Concept/7172,[],[],"[""skos:Concept""]",true,true positive
dh,oeai-parthenos,secea-2026.tar.gz,[],[],"[""skos:Concept""]",https://vocabs.acdh.oeaw.ac.at/oeai-cultural-periods/concept23532,=,1.0,https://isl.ics.forth.gr/parthenos_vocabularies/Concept/7179,[],[],"[""skos:Concept""]",true,true positive
dh,oeai-parthenos,secea-2026.tar.gz,[],[],"[""skos:Concept""]",https://vocabs.acdh.oeaw.ac.at/oeai-cultural-periods/concept23256,=,1.0,https://isl.ics.forth.gr/parthenos_vocabularies/Concept/7130,[],[],"[""skos:Concept""]",true,true positive
dh,oeai-parthenos,secea-2026.tar.gz,[],[],"[""skos:Concept""]",https://vocabs.acdh.oeaw.ac.at/oeai-cultural-periods/concept23251,=,0.0,https://isl.ics.forth.gr/parthenos_vocabularies/Concept/7208,[],[],"[""skos:Concept""]",true,false negative
dh,oeai-parthenos,secea-2026.tar.gz,[],[],"[""skos:Concept""]",https://vocabs.acdh.oeaw.ac.at/oeai-cultural-periods/concept23530,=,1.0,https://isl.ics.forth.gr/parthenos_vocabularies/Concept/7219,[],[],"[""skos:Concept""]",true,true positive
dh,oeai-parthenos,secea-2026.tar.gz,[],[],[],http://www.w3.org/2004/02/skos/core#narrower,=,1.0,http://www.w3.org/2004/02/skos/core#narrower,[],[],[],false,false positive
dh,oeai-parthenos,secea-2026.tar.gz,[],[],"[""skos:Concept""]",https://vocabs.acdh.oeaw.ac.at/oeai-cultural-periods/concept23502,=,0.0,https://isl.ics.forth.gr/parthenos_vocabularies/Concept/7233,[],[],"[""skos:Concept""]",true,false negative
dh,oeai-parthenos,secea-2026.tar.gz,[],[],[],http://www.w3.org/1999/02/22-rdf-syntax-ns#type,=,1.0,http://www.w3.org/1999/02/22-rdf-syntax-ns#type,[],[],[],false,false positive
dh,oeai-parthenos,secea-2026.tar.gz,[],[],[],http://purl.org/dc/elements/1.1/description,=,1.0,http://purl.org/dc/terms/description,[],[],[],false,false positive
dh,oeai-parthenos,secea-2026.tar.gz,[],[],[],http://www.w3.org/2004/02/skos/core,=,1.0,http://www.w3.org/2004/02/skos/core,[],[],[],false,false positive
dh,oeai-parthenos,secea-2026.tar.gz,[],[],"[""skos:Concept""]",https://vocabs.acdh.oeaw.ac.at/oeai-cultural-periods/concept23573,=,1.0,https://isl.ics.forth.gr/parthenos_vocabularies/Concept/7126,[],[],"[""skos:Concept""]",false,false positive
dh,oeai-parthenos,secea-2026.tar.gz,[],[],"[""skos:Concept""]",https://vocabs.acdh.oeaw.ac.at/oeai-cultural-periods/concept23195,=,1.0,https://isl.ics.forth.gr/parthenos_vocabularies/Concept/7221,[],[],"[""skos:Concept""]",true,true positive
dh,oeai-parthenos,secea-2026.tar.gz,[],[],"[""skos:Concept""]",https://vocabs.acdh.oeaw.ac.at/oeai-cultural-periods/concept23315,=,0.0,https://isl.ics.forth.gr/parthenos_vocabularies/Concept/7152,[],[],"[""skos:Concept""]",true,false negative
dh,oeai-parthenos,secea-2026.tar.gz,[],[],"[""skos:Concept""]",https://vocabs.acdh.oeaw.ac.at/oeai-cultural-periods/concept23195,=,0.0,https://isl.ics.forth.gr/parthenos_vocabularies/Concept/7236,[],[],"[""skos:Concept""]",true,false negative
dh,oeai-parthenos,secea-2026.tar.gz,[],[],"[""skos:Concept""]",https://vocabs.acdh.oeaw.ac.at/oeai-cultural-periods/concept23531,=,1.0,https://isl.ics.forth.gr/parthenos_vocabularies/Concept/7207,[],[],"[""skos:Concept""]",true,true positive
dh,oeai-parthenos,secea-2026.tar.gz,"[""Concept""]",[],"[""owl:Class""]",http://www.w3.org/2004/02/skos/core#Concept,=,1.0,http://www.w3.org/2004/02/skos/core#Concept,"[""Concept""]",[],"[""owl:Class""]",false,false positive
dh,oeai-parthenos,secea-2026.tar.gz,[],[],[],http://www.w3.org/2002/07/owl#Class,=,1.0,http://www.w3.org/2002/07/owl#Class,[],[],[],false,false positive
dh,oeai-parthenos,secea-2026.tar.gz,[],[],"[""skos:Concept""]",https://vocabs.acdh.oeaw.ac.at/oeai-cultural-periods/concept23196,=,1.0,https://isl.ics.forth.gr/parthenos_vocabularies/Concept/7139,[],[],"[""skos:Concept""]",true,true positive
dh,oeai-parthenos,secea-2026.tar.gz,"[""OeAI Thesaurus - Cultural Time Periods""]",[],"[""skos:ConceptScheme""]",https://vocabs.acdh.oeaw.ac.at/oeai-cultural-periods/,=,1.0,https://isl.ics.forth.gr/parthenos_vocabularies,[],[],"[""skos:ConceptScheme""]",false,false positive
dh,oeai-parthenos,secea-2026.tar.gz,[],[],[],http://purl.org/dc/terms/created,=,1.0,http://purl.org/dc/terms/created,[],[],[],false,false positive
dh,oeai-parthenos,secea-2026.tar.gz,[],[],"[""skos:Concept""]",https://vocabs.acdh.oeaw.ac.at/oeai-cultural-periods/concept23545,=,0.0,https://isl.ics.forth.gr/parthenos_vocabularies/Concept/7145,[],[],"[""skos:Concept""]",true,false negative
dh,oeai-parthenos,secea-2026.tar.gz,[],[],"[""skos:Concept""]",https://vocabs.acdh.oeaw.ac.at/oeai-cultural-periods/concept23503,=,0.0,https://isl.ics.forth.gr/parthenos_vocabularies/Concept/7249,[],[],"[""skos:Concept""]",true,false negative
dh,oeai-parthenos,secea-2026.tar.gz,[],[],[],http://www.w3.org/2004/02/skos/core#definition,=,1.0,http://www.w3.org/2004/02/skos/core#definition,[],[],[],false,false positive
dh,oeai-parthenos,secea-2026.tar.gz,[],[],[],http://www.w3.org/2004/02/skos/core#prefLabel,=,1.0,http://www.w3.org/2004/02/skos/core#prefLabel,[],[],[],false,false positive
dh,pactols-parthenos,logmap-bio-2026.tar.gz,[],[],"[""skos:Concept""]",https://ark.frantiq.fr/ark:/26678/pcrtxKnfzXYMxK,=,0.0,https://isl.ics.forth.gr/parthenos_vocabularies/Concept/32324,[],[],"[""skos:Concept""]",true,false negative
dh,pactols-parthenos,logmap-bio-2026.tar.gz,[],[],"[""skos:Concept""]",https://ark.frantiq.fr/ark:/26678/pcrtfUWF9GVr4q,=,0.0,https://isl.ics.forth.gr/parthenos_vocabularies/Concept/32290,[],[],"[""skos:Concept""]",true,false negative
dh,pactols-parthenos,logmap-bio-2026.tar.gz,[],[],"[""skos:Concept""]",https://ark.frantiq.fr/ark:/26678/pcrtkeLpJpVN4t,=,0.0,https://isl.ics.forth.gr/parthenos_vocabularies/Concept/32490,[],[],"[""skos:Concept""]",true,false negative
dh,pactols-parthenos,logmap-bio-2026.tar.gz,[],[],"[""skos:Concept""]",https://ark.frantiq.fr/ark:/26678/pcrtVhTRix41ic,=,0.0,https://isl.ics.forth.gr/parthenos_vocabularies/Concept/32286,[],[],"[""skos:Concept""]",true,false negative
dh,pactols-parthenos,logmap-bio-2026.tar.gz,[],[],"[""skos:Concept""]",https://ark.frantiq.fr/ark:/26678/pcrt9PJh9aTXv4,=,0.0,https://isl.ics.forth.gr/parthenos_vocabularies/Concept/32349,[],[],"[""skos:Concept""]",true,false negative
dh,pactols-parthenos,logmap-bio-2026.tar.gz,[],[],"[""skos:Concept""]",https://ark.frantiq.fr/ark:/26678/pcrtXGgQa70ZVU,=,0.0,https://isl.ics.forth.gr/parthenos_vocabularies/Concept/32971,[],[],"[""skos:Concept""]",true,false negative
dh,pactols-parthenos,logmap-bio-2026.tar.gz,[],[],"[""skos:Concept""]",https://ark.frantiq.fr/ark:/26678/pcrtx4sFxmENjb,=,0.0,https://isl.ics.forth.gr/parthenos_vocabularies/Concept/32867,[],[],"[""skos:Concept""]",true,false negative
dh,pactols-parthenos,logmap-bio-2026.tar.gz,[],[],"[""skos:Concept""]",https://ark.frantiq.fr/ark:/26678/pcrtAqKgmvERHQ,=,0.0,https://isl.ics.forth.gr/parthenos_vocabularies/Concept/32641,[],[],"[""skos:Concept""]",true,false negative
dh,pactols-parthenos,logmap-bio-2026.tar.gz,[],[],"[""skos:Concept""]",https://ark.frantiq.fr/ark:/26678/pcrtF9P4mbuyGk,=,0.0,https://isl.ics.forth.gr/parthenos_vocabularies/Concept/32655,[],[],"[""skos:Concept""]",true,false negative
dh,pactols-parthenos,logmap-bio-2026.tar.gz,[],[],"[""skos:Concept""]",https://ark.frantiq.fr/ark:/26678/crtdVpqD9Y6ym,=,0.0,https://isl.ics.forth.gr/parthenos_vocabularies/Concept/32318,[],[],"[""skos:Concept""]",true,false negative
dh,pactols-parthenos,logmap-bio-2026.tar.gz,[],[],"[""skos:Concept""]",https://ark.frantiq.fr/ark:/26678/pcrtHIjtOg1P75,=,0.0,https://isl.ics.forth.gr/parthenos_vocabularies/Concept/32228,[],[],"[""skos:Concept""]",true,false negative
dh,pactols-parthenos,logmap-bio-2026.tar.gz,[],[],"[""skos:Concept""]",https://ark.frantiq.fr/ark:/26678/pcrts62Z2hl4ux,=,0.0,https://isl.ics.forth.gr/parthenos_vocabularies/Concept/32910,[],[],"[""skos:Concept""]",true,false negative
dh,idai-parthenos,secea-2026.tar.gz,[],[],"[""skos:Concept""]",http://thesauri.dainst.org/_1f524e33,=,0.0,https://isl.ics.forth.gr/parthenos_vocabularies/Concept/7114,[],[],"[""skos:Concept""]",true,false negative
dh,idai-parthenos,secea-2026.tar.gz,[],[],"[""skos:Concept""]",http://thesauri.dainst.org/_4b0d451a,=,0.0,https://isl.ics.forth.gr/parthenos_vocabularies/Concept/7107,[],[],"[""skos:Concept""]",true,false negative
dh,idai-parthenos,secea-2026.tar.gz,[],[],"[""skos:Concept""]",http://thesauri.dainst.org/_697dc279,=,0.0,https://isl.ics.forth.gr/parthenos_vocabularies/Concept/7118,[],[],"[""skos:Concept""]",true,false negative
dh,idai-parthenos,secea-2026.tar.gz,[],[],[],http://www.w3.org/2000/01/rdf-schema#label,=,1.0,http://www.w3.org/2000/01/rdf-schema#label,[],[],[],false,false positive
dh,idai-parthenos,secea-2026.tar.gz,[],[],"[""skos:Concept""]",http://thesauri.dainst.org/_1d839342,=,0.0,https://isl.ics.forth.gr/parthenos_vocabularies/Concept/7094,[],[],"[""skos:Concept""]",true,false negative
dh,idai-parthenos,secea-2026.tar.gz,[],[],"[""skos:Concept""]",http://thesauri.dainst.org/_a0be179c,=,0.0,https://isl.ics.forth.gr/parthenos_vocabularies/Concept/7107,[],[],"[""skos:Concept""]",true,false negative
dh,idai-parthenos,secea-2026.tar.gz,[],[],"[""skos:Concept""]",http://thesauri.dainst.org/_fcc3853f,=,0.0,https://isl.ics.forth.gr/parthenos_vocabularies/Concept/7116,[],[],"[""skos:Concept""]",true,false negative
dh,idai-parthenos,secea-2026.tar.gz,[],[],"[""skos:Concept""]",http://thesauri.dainst.org/_6d528ffb,=,0.0,https://isl.ics.forth.gr/parthenos_vocabularies/Concept/7115,[],[],"[""skos:Concept""]",true,false negative
dh,idai-parthenos,secea-2026.tar.gz,[],[],"[""skos:Concept""]",http://thesauri.dainst.org/_30ac6926,=,0.0,https://isl.ics.forth.gr/parthenos_vocabularies/Concept/7163,[],[],"[""skos:Concept""]",true,false negative
dh,idai-parthenos,secea-2026.tar.gz,[],[],[],http://www.w3.org/2004/02/skos/core#ConceptScheme,=,1.0,http://www.w3.org/2004/02/skos/core#ConceptScheme,[],[],[],false,false positive
dh,idai-parthenos,secea-2026.tar.gz,[],[],"[""skos:Concept""]",http://thesauri.dainst.org/_0117de29,=,0.0,https://isl.ics.forth.gr/parthenos_vocabularies/Concept/7111,[],[],"[""skos:Concept""]",true,false negative
dh,idai-parthenos,secea-2026.tar.gz,[],[],"[""skos:Concept""]",http://thesauri.dainst.org/_afbdde2e,=,0.0,https://isl.ics.forth.gr/parthenos_vocabularies/Concept/7226,[],[],"[""skos:Concept""]",true,false negative
dh,idai-parthenos,secea-2026.tar.gz,[],[],"[""skos:Concept""]",http://thesauri.dainst.org/_4d1bfe78,=,1.0,https://isl.ics.forth.gr/parthenos_vocabularies/Concept/7170,[],[],"[""skos:Concept""]",true,true positive
dh,idai-parthenos,secea-2026.tar.gz,[],[],"[""skos:Concept""]",http://thesauri.dainst.org/_8bca4bf1,=,1.0,https://isl.ics.forth.gr/parthenos_vocabularies/Concept/7219,[],[],"[""skos:Concept""]",true,true positive
dh,idai-parthenos,secea-2026.tar.gz,[],[],"[""skos:Concept""]",http://thesauri.dainst.org/_018b18d1,=,0.0,https://isl.ics.forth.gr/parthenos_vocabularies/Concept/7266,[],[],"[""skos:Concept""]",true,false negative
dh,idai-parthenos,secea-2026.tar.gz,[],[],"[""skos:Concept""]",http://thesauri.dainst.org/_ed0828c5,=,0.0,https://isl.ics.forth.gr/parthenos_vocabularies/Concept/7249,[],[],"[""skos:Concept""]",true,false negative
dh,idai-parthenos,secea-2026.tar.gz,[],[],"[""skos:Concept""]",http://thesauri.dainst.org/_2eaf48c6,=,0.0,https://isl.ics.forth.gr/parthenos_vocabularies/Concept/7112,[],[],"[""skos:Concept""]",true,false negative
dh,idai-parthenos,secea-2026.tar.gz,[],[],"[""skos:Concept""]",http://thesauri.dainst.org/_0aa1995c,=,0.0,https://isl.ics.forth.gr/parthenos_vocabularies/Concept/7147,[],[],"[""skos:Concept""]",true,false negative
dh,idai-parthenos,secea-2026.tar.gz,[],[],"[""skos:Concept""]",http://thesauri.dainst.org/_2b089ca4,=,0.0,https://isl.ics.forth.gr/parthenos_vocabularies/Concept/7142,[],[],"[""skos:Concept""]",true,false negative
dh,idai-parthenos,secea-2026.tar.gz,[],[],"[""skos:Concept""]",http://thesauri.dainst.org/_62a09577,=,1.0,https://isl.ics.forth.gr/parthenos_vocabularies/Concept/7084,[],[],"[""skos:Concept""]",false,false positive
dh,idai-parthenos,secea-2026.tar.gz,[],[],"[""skos:Concept""]",http://thesauri.dainst.org/_0530b8a9,=,1.0,https://isl.ics.forth.gr/parthenos_vocabularies/Concept/7179,[],[],"[""skos:Concept""]",true,true positive
dh,idai-parthenos,secea-2026.tar.gz,[],[],"[""skos:Concept""]",http://thesauri.dainst.org/_59a790d9,=,0.0,https://isl.ics.forth.gr/parthenos_vocabularies/Concept/7267,[],[],"[""skos:Concept""]",true,false negative
dh,idai-parthenos,secea-2026.tar.gz,[],[],"[""skos:Concept""]",http://thesauri.dainst.org/_a4276388,=,0.0,https://isl.ics.forth.gr/parthenos_vocabularies/Concept/7171,[],[],"[""skos:Concept""]",true,false negative
dh,idai-parthenos,secea-2026.tar.gz,[],[],"[""skos:Concept""]",http://thesauri.dainst.org/_acc90782,=,0.0,https://isl.ics.forth.gr/parthenos_vocabularies/Concept/7137,[],[],"[""skos:Concept""]",true,false negative
dh,idai-parthenos,secea-2026.tar.gz,[],[],"[""skos:Concept""]",http://thesauri.dainst.org/_dac3529c,=,0.0,https://isl.ics.forth.gr/parthenos_vocabularies/Concept/7184,[],[],"[""skos:Concept""]",true,false negative
dh,idai-parthenos,secea-2026.tar.gz,[],[],"[""skos:Concept""]",http://thesauri.dainst.org/_6d528ffb,=,0.0,https://isl.ics.forth.gr/parthenos_vocabularies/Concept/7199,[],[],"[""skos:Concept""]",true,false negative
dh,idai-parthenos,secea-2026.tar.gz,[],[],[],http://www.w3.org/2000/01/rdf-schema#isDefinedBy,=,1.0,http://www.w3.org/2000/01/rdf-schema#isDefinedBy,[],[],[],false,false positive
dh,idai-parthenos,secea-2026.tar.gz,[],[],"[""skos:Concept""]",http://thesauri.dainst.org/_5d1ac0ba,=,0.0,https://isl.ics.forth.gr/parthenos_vocabularies/Concept/7165,[],[],"[""skos:Concept""]",true,false negative
dh,idai-parthenos,secea-2026.tar.gz,[],[],[],http://purl.org/dc/terms/description,=,1.0,http://purl.org/dc/terms/description,[],[],[],false,false positive
dh,idai-parthenos,secea-2026.tar.gz,[],[],"[""skos:Concept""]",http://thesauri.dainst.org/_09106e2a,=,0.0,https://isl.ics.forth.gr/parthenos_vocabularies/Concept/7135,[],[],"[""skos:Concept""]",true,false negative
dh,idai-parthenos,secea-2026.tar.gz,[],[],[],http://www.w3.org/2004/02/skos/core#topConceptOf,=,1.0,http://www.w3.org/2004/02/skos/core#topConceptOf,[],[],[],false,false positive
dh,idai-parthenos,secea-2026.tar.gz,[],[],"[""skos:Concept""]",http://thesauri.dainst.org/_eee85fa3,=,0.0,https://isl.ics.forth.gr/parthenos_vocabularies/Concept/7201,[],[],"[""skos:Concept""]",true,false negative
dh,idai-parthenos,secea-2026.tar.gz,[],[],"[""skos:Concept""]",http://thesauri.dainst.org/_3bff2fb5,=,0.0,https://isl.ics.forth.gr/parthenos_vocabularies/Concept/7247,[],[],"[""skos:Concept""]",true,false negative
dh,idai-parthenos,secea-2026.tar.gz,[],[],"[""skos:Concept""]",http://thesauri.dainst.org/_cc22e013,=,0.0,https://isl.ics.forth.gr/parthenos_vocabularies/Concept/7216,[],[],"[""skos:Concept""]",true,false negative
dh,idai-parthenos,secea-2026.tar.gz,[],[],"[""skos:Concept""]",http://thesauri.dainst.org/_6a167951,=,0.0,https://isl.ics.forth.gr/parthenos_vocabularies/Concept/7242,[],[],"[""skos:Concept""]",true,false negative
dh,idai-parthenos,secea-2026.tar.gz,[],[],"[""skos:ConceptScheme""]",http://thesauri.dainst.org/scheme,=,1.0,https://isl.ics.forth.gr/parthenos_vocabularies,[],[],"[""skos:ConceptScheme""]",false,false positive
dh,idai-parthenos,secea-2026.tar.gz,[],[],"[""skos:Concept""]",http://thesauri.dainst.org/_2b089ca4,=,0.0,https://isl.ics.forth.gr/parthenos_vocabularies/Concept/7223,[],[],"[""skos:Concept""]",true,false negative
dh,idai-parthenos,secea-2026.tar.gz,[],[],"[""skos:Concept""]",http://thesauri.dainst.org/_cadb286c,=,0.0,https://isl.ics.forth.gr/parthenos_vocabularies/Concept/7162,[],[],"[""skos:Concept""]",true,false negative
dh,idai-parthenos,secea-2026.tar.gz,[],[],"[""skos:Concept""]",http://thesauri.dainst.org/_c26d8599,=,0.0,https://isl.ics.forth.gr/parthenos_vocabularies/Concept/7246,[],[],"[""skos:Concept""]",true,false negative
dh,idai-parthenos,secea-2026.tar.gz,[],[],[],http://www.w3.org/2004/02/skos/core#inScheme,=,1.0,http://www.w3.org/2004/02/skos/core#inScheme,[],[],[],false,false positive
dh,idai-parthenos,secea-2026.tar.gz,[],[],"[""skos:Concept""]",http://thesauri.dainst.org/_8bb3692d,=,0.0,https://isl.ics.forth.gr/parthenos_vocabularies/Concept/7221,[],[],"[""skos:Concept""]",true,false negative
dh,idai-parthenos,secea-2026.tar.gz,[],[],"[""skos:Concept""]",http://thesauri.dainst.org/_ccc4d1d5,=,0.0,https://isl.ics.forth.gr/parthenos_vocabularies/Concept/7240,[],[],"[""skos:Concept""]",true,false negative
dh,idai-parthenos,secea-2026.tar.gz,[],[],[],http://www.w3.org/2004/02/skos/core#broader,=,1.0,http://www.w3.org/2004/02/skos/core#broader,[],[],[],false,false positive
dh,idai-parthenos,secea-2026.tar.gz,[],[],"[""skos:Concept""]",http://thesauri.dainst.org/_fcc3853f,=,0.0,https://isl.ics.forth.gr/parthenos_vocabularies/Concept/7152,[],[],"[""skos:Concept""]",true,false negative
dh,idai-parthenos,secea-2026.tar.gz,[],[],"[""skos:Concept""]",http://thesauri.dainst.org/_a4c97475,=,0.0,https://isl.ics.forth.gr/parthenos_vocabularies/Concept/7243,[],[],"[""skos:Concept""]",true,false negative
dh,idai-parthenos,secea-2026.tar.gz,[],[],"[""skos:Concept""]",http://thesauri.dainst.org/_c1210d5a,=,0.0,https://isl.ics.forth.gr/parthenos_vocabularies/Concept/7161,[],[],"[""skos:Concept""]",true,false negative
dh,idai-parthenos,secea-2026.tar.gz,[],[],"[""skos:Concept""]",http://thesauri.dainst.org/_0bbbd3c7,=,0.0,https://isl.ics.forth.gr/parthenos_vocabularies/Concept/7099,[],[],"[""skos:Concept""]",true,false negative
dh,idai-parthenos,secea-2026.tar.gz,[],[],"[""skos:Concept""]",http://thesauri.dainst.org/_c332e252,=,0.0,https://isl.ics.forth.gr/parthenos_vocabularies/Concept/7213,[],[],"[""skos:Concept""]",true,false negative
dh,idai-parthenos,secea-2026.tar.gz,[],[],"[""skos:Concept""]",http://thesauri.dainst.org/_fe470a76,=,0.0,https://isl.ics.forth.gr/parthenos_vocabularies/Concept/7194,[],[],"[""skos:Concept""]",true,false negative
dh,idai-parthenos,secea-2026.tar.gz,[],[],"[""skos:Concept""]",http://thesauri.dainst.org/_a671d80c,=,0.0,https://isl.ics.forth.gr/parthenos_vocabularies/Concept/7146,[],[],"[""skos:Concept""]",true,false negative
dh,idai-parthenos,secea-2026.tar.gz,[],[],"[""skos:Concept""]",http://thesauri.dainst.org/_b9892df7,=,0.0,https://isl.ics.forth.gr/parthenos_vocabularies/Concept/7243,[],[],"[""skos:Concept""]",true,false negative
dh,idai-parthenos,secea-2026.tar.gz,[],[],[],http://purl.org/dc/terms/contributor,=,1.0,http://purl.org/dc/terms/contributor,[],[],[],false,false positive
dh,idai-parthenos,secea-2026.tar.gz,[],[],[],http://purl.org/dc/terms/creator,=,1.0,http://purl.org/dc/terms/creator,[],[],[],false,false positive
dh,idai-parthenos,secea-2026.tar.gz,[],[],"[""skos:Concept""]",http://thesauri.dainst.org/_0117de29,=,0.0,https://isl.ics.forth.gr/parthenos_vocabularies/Concept/7263,[],[],"[""skos:Concept""]",true,false negative
dh,idai-parthenos,secea-2026.tar.gz,[],[],"[""skos:Concept""]",http://thesauri.dainst.org/_64e2871b,=,0.0,https://isl.ics.forth.gr/parthenos_vocabularies/Concept/7172,[],[],"[""skos:Concept""]",true,false negative
dh,idai-parthenos,secea-2026.tar.gz,[],[],"[""skos:Concept""]",http://thesauri.dainst.org/_1591f7f8,=,0.0,https://isl.ics.forth.gr/parthenos_vocabularies/Concept/7222,[],[],"[""skos:Concept""]",true,false negative
dh,idai-parthenos,secea-2026.tar.gz,[],[],"[""skos:Concept""]",http://thesauri.dainst.org/_0117de29,=,0.0,https://isl.ics.forth.gr/parthenos_vocabularies/Concept/7192,[],[],"[""skos:Concept""]",true,false negative
dh,idai-parthenos,secea-2026.tar.gz,[],[],"[""skos:Concept""]",http://thesauri.dainst.org/_2b089ca4,=,1.0,https://isl.ics.forth.gr/parthenos_vocabularies/Concept/7214,[],[],"[""skos:Concept""]",true,true positive
dh,idai-parthenos,secea-2026.tar.gz,[],[],[],http://www.w3.org/2004/02/skos/core#narrower,=,1.0,http://www.w3.org/2004/02/skos/core#narrower,[],[],[],false,false positive
dh,idai-parthenos,secea-2026.tar.gz,[],[],"[""skos:Concept""]",http://thesauri.dainst.org/_4d1096fb,=,1.0,https://isl.ics.forth.gr/parthenos_vocabularies/Concept/7136,[],[],"[""skos:Concept""]",true,true positive
dh,idai-parthenos,secea-2026.tar.gz,[],[],[],http://www.w3.org/1999/02/22-rdf-syntax-ns#type,=,1.0,http://www.w3.org/1999/02/22-rdf-syntax-ns#type,[],[],[],false,false positive
dh,idai-parthenos,secea-2026.tar.gz,[],[],"[""skos:Concept""]",http://thesauri.dainst.org/_2e5fdad9,=,0.0,https://isl.ics.forth.gr/parthenos_vocabularies/Concept/7238,[],[],"[""skos:Concept""]",true,false negative
dh,idai-parthenos,secea-2026.tar.gz,[],[],[],http://www.w3.org/2004/02/skos/core,=,1.0,http://www.w3.org/2004/02/skos/core,[],[],[],false,false positive
dh,idai-parthenos,secea-2026.tar.gz,[],[],"[""skos:Concept""]",http://thesauri.dainst.org/_4184afc2,=,0.0,https://isl.ics.forth.gr/parthenos_vocabularies/Concept/7164,[],[],"[""skos:Concept""]",true,false negative
dh,idai-parthenos,secea-2026.tar.gz,[],[],"[""skos:Concept""]",http://thesauri.dainst.org/_3daffa4b,=,0.0,https://isl.ics.forth.gr/parthenos_vocabularies/Concept/7190,[],[],"[""skos:Concept""]",true,false negative
dh,idai-parthenos,secea-2026.tar.gz,"[""Concept""]",[],"[""owl:Class""]",http://www.w3.org/2004/02/skos/core#Concept,=,1.0,http://www.w3.org/2004/02/skos/core#Concept,"[""Concept""]",[],"[""owl:Class""]",false,false positive
dh,idai-parthenos,secea-2026.tar.gz,[],[],[],http://www.w3.org/2002/07/owl#Class,=,1.0,http://www.w3.org/2002/07/owl#Class,[],[],[],false,false positive
dh,idai-parthenos,secea-2026.tar.gz,[],[],"[""skos:Concept""]",http://thesauri.dainst.org/_b34a7579,=,0.0,https://isl.ics.forth.gr/parthenos_vocabularies/Concept/7154,[],[],"[""skos:Concept""]",true,false negative
dh,idai-parthenos,secea-2026.tar.gz,[],[],[],http://www.w3.org/2004/02/skos/core#definition,=,1.0,http://www.w3.org/2004/02/skos/core#definition,[],[],[],false,false positive
dh,idai-parthenos,secea-2026.tar.gz,[],[],[],http://www.w3.org/2004/02/skos/core#prefLabel,=,1.0,http://www.w3.org/2004/02/skos/core#prefLabel,[],[],[],false,false positive
dh,ironagedanube-pactols,secea-2026.tar.gz,[],[],"[""skos:Concept""]",https://vocabs.acdh.oeaw.ac.at/iadthesaurus/scheme/concept540,=,1.0,https://ark.frantiq.fr/ark:/26678/pcrtQpKQcDolxc,[],[],"[""skos:Concept""]",false,false positive
dh,ironagedanube-pactols,secea-2026.tar.gz,[],[],[],http://www.w3.org/2004/02/skos/core#topConceptOf,=,1.0,http://www.w3.org/2004/02/skos/core#topConceptOf,[],[],[],false,false positive
dh,ironagedanube-pactols,secea-2026.tar.gz,[],[],"[""skos:Concept""]",https://vocabs.acdh.oeaw.ac.at/iadthesaurus/scheme/concept340,=,1.0,https://ark.frantiq.fr/ark:/26678/pcrtkeLpJpVN4t,[],[],"[""skos:Concept""]",false,false positive
dh,ironagedanube-pactols,secea-2026.tar.gz,[],[],"[""skos:Concept""]",https://vocabs.acdh.oeaw.ac.at/iadthesaurus/scheme/concept319,=,0.0,https://ark.frantiq.fr/ark:/26678/pcrtSu7E2Qh0Xv,[],[],"[""skos:Concept""]",true,false negative
dh,ironagedanube-pactols,secea-2026.tar.gz,[],[],[],http://www.w3.org/2000/01/rdf-schema#label,=,1.0,http://www.w3.org/2000/01/rdf-schema#label,[],[],[],false,false positive
dh,ironagedanube-pactols,secea-2026.tar.gz,[],[],"[""skos:Concept""]",https://vocabs.acdh.oeaw.ac.at/iadthesaurus/scheme/concept467,=,1.0,https://ark.frantiq.fr/ark:/26678/pcrtRIPguI6ugI,[],[],"[""skos:Concept""]",false,false positive
dh,ironagedanube-pactols,secea-2026.tar.gz,[],[],"[""skos:Concept""]",https://vocabs.acdh.oeaw.ac.at/iadthesaurus/scheme/concept290,=,1.0,https://ark.frantiq.fr/ark:/26678/pcrta0rAmU2iDR,[],[],"[""skos:Concept""]",false,false positive
dh,ironagedanube-pactols,secea-2026.tar.gz,[],[],[],http://www.w3.org/2004/02/skos/core#altLabel,=,1.0,http://www.w3.org/2004/02/skos/core#altLabel,[],[],[],false,false positive
dh,ironagedanube-pactols,secea-2026.tar.gz,[],[],[],http://purl.org/dc/terms/issued,=,1.0,http://purl.org/dc/terms/issued,[],[],[],false,false positive
dh,ironagedanube-pactols,secea-2026.tar.gz,[],[],"[""skos:Concept""]",https://vocabs.acdh.oeaw.ac.at/iadthesaurus/scheme/concept345,=,1.0,https://ark.frantiq.fr/ark:/26678/pcrtjMFrjr1utW,[],[],"[""skos:Concept""]",false,false positive
dh,ironagedanube-pactols,secea-2026.tar.gz,[],[],"[""skos:Concept""]",https://vocabs.acdh.oeaw.ac.at/iadthesaurus/scheme/concept341,=,1.0,https://ark.frantiq.fr/ark:/26678/pcrts62Z2hl4ux,[],[],"[""skos:Concept""]",true,true positive
dh,ironagedanube-pactols,secea-2026.tar.gz,[],[],[],http://www.w3.org/2004/02/skos/core#inScheme,=,1.0,http://www.w3.org/2004/02/skos/core#inScheme,[],[],[],false,false positive
dh,ironagedanube-pactols,secea-2026.tar.gz,[],[],"[""skos:Concept""]",https://vocabs.acdh.oeaw.ac.at/iadthesaurus/scheme/concept350,=,1.0,https://ark.frantiq.fr/ark:/26678/pcrtVmQTWhdSkJ,[],[],"[""skos:Concept""]",false,false positive
dh,ironagedanube-pactols,secea-2026.tar.gz,[],[],[],http://www.w3.org/2004/02/skos/core#broader,=,1.0,http://www.w3.org/2004/02/skos/core#broader,[],[],[],false,false positive
dh,ironagedanube-pactols,secea-2026.tar.gz,[],[],[],http://www.w3.org/2004/02/skos/core#ConceptScheme,=,1.0,http://www.w3.org/2004/02/skos/core#ConceptScheme,[],[],[],false,false positive
dh,ironagedanube-pactols,secea-2026.tar.gz,[],[],[],http://purl.org/dc/elements/1.1/subject,=,1.0,http://purl.org/dc/terms/subject,[],[],[],false,false positive
dh,ironagedanube-pactols,secea-2026.tar.gz,[],[],[],http://purl.org/dc/terms/modified,=,1.0,http://purl.org/dc/terms/modified,[],[],[],false,false positive
dh,ironagedanube-pactols,secea-2026.tar.gz,[],[],"[""skos:Concept""]",https://vocabs.acdh.oeaw.ac.at/iadthesaurus/scheme/concept538,=,1.0,https://ark.frantiq.fr/ark:/26678/pcrt36pke8yWxW,[],[],"[""skos:Concept""]",false,false positive
dh,ironagedanube-pactols,secea-2026.tar.gz,[],[],[],http://www.w3.org/2004/02/skos/core#hasTopConcept,=,1.0,http://www.w3.org/2004/02/skos/core#hasTopConcept,[],[],[],false,false positive
dh,ironagedanube-pactols,secea-2026.tar.gz,"[""Iron-Age-Danube thesaurus""]",[],"[""skos:ConceptScheme""]",https://vocabs.acdh.oeaw.ac.at/iadthesaurus/scheme,=,1.0,https://ark.frantiq.fr/ark:/TH_1,[],[],"[""skos:ConceptScheme""]",false,false positive
dh,ironagedanube-pactols,secea-2026.tar.gz,[],[],[],http://purl.org/dc/elements/1.1/creator,=,1.0,http://purl.org/dc/terms/creator,[],[],[],false,false positive
dh,ironagedanube-pactols,secea-2026.tar.gz,[],[],"[""skos:Concept""]",https://vocabs.acdh.oeaw.ac.at/iadthesaurus/scheme/concept373,=,1.0,https://ark.frantiq.fr/ark:/26678/pcrtoeb7huexQ8,[],[],"[""skos:Concept""]",false,false positive
dh,ironagedanube-pactols,secea-2026.tar.gz,[],[],"[""skos:Concept""]",https://vocabs.acdh.oeaw.ac.at/iadthesaurus/scheme/concept513,=,1.0,https://ark.frantiq.fr/ark:/26678/pcrtHIjtOg1P75,[],[],"[""skos:Concept""]",false,false positive
dh,ironagedanube-pactols,secea-2026.tar.gz,[],[],[],http://purl.org/dc/elements/1.1/language,=,1.0,http://purl.org/dc/terms/language,[],[],[],false,false positive
dh,ironagedanube-pactols,secea-2026.tar.gz,[],[],"[""skos:Concept""]",https://vocabs.acdh.oeaw.ac.at/iadthesaurus/scheme/concept338,=,1.0,https://ark.frantiq.fr/ark:/26678/pcrtF9P4mbuyGk,[],[],"[""skos:Concept""]",true,true positive
dh,ironagedanube-pactols,secea-2026.tar.gz,[],[],[],http://www.w3.org/2004/02/skos/core#narrower,=,1.0,http://www.w3.org/2004/02/skos/core#narrower,[],[],[],false,false positive
dh,ironagedanube-pactols,secea-2026.tar.gz,[],[],[],http://www.w3.org/1999/02/22-rdf-syntax-ns#type,=,1.0,http://www.w3.org/1999/02/22-rdf-syntax-ns#type,[],[],[],false,false positive
dh,ironagedanube-pactols,secea-2026.tar.gz,[],[],"[""skos:Concept""]",https://vocabs.acdh.oeaw.ac.at/iadthesaurus/scheme/concept336,=,1.0,https://ark.frantiq.fr/ark:/26678/pcrthcbe2XySTb,[],[],"[""skos:Concept""]",true,true positive
dh,ironagedanube-pactols,secea-2026.tar.gz,[],[],[],http://purl.org/dc/elements/1.1/description,=,1.0,http://purl.org/dc/terms/description,[],[],[],false,false positive
dh,ironagedanube-pactols,secea-2026.tar.gz,[],[],[],http://www.w3.org/2004/02/skos/core,=,1.0,http://www.w3.org/2004/02/skos/core,[],[],[],false,false positive
dh,ironagedanube-pactols,secea-2026.tar.gz,[],[],"[""skos:Concept""]",https://vocabs.acdh.oeaw.ac.at/iadthesaurus/scheme/concept333,=,1.0,https://ark.frantiq.fr/ark:/26678/pcrt9PJh9aTXv4,[],[],"[""skos:Concept""]",false,false positive
dh,ironagedanube-pactols,secea-2026.tar.gz,[],[],"[""skos:Concept""]",https://vocabs.acdh.oeaw.ac.at/iadthesaurus/scheme/concept369,=,1.0,https://ark.frantiq.fr/ark:/26678/pcrtms2OAv82PY,[],[],"[""skos:Concept""]",false,false positive
dh,ironagedanube-pactols,secea-2026.tar.gz,[],[],[],http://www.w3.org/2000/01/rdf-schema#isDefinedBy,=,1.0,http://www.w3.org/2000/01/rdf-schema#isDefinedBy,[],[],[],false,false positive
dh,ironagedanube-pactols,secea-2026.tar.gz,[],[],"[""skos:Concept""]",https://vocabs.acdh.oeaw.ac.at/iadthesaurus/scheme/concept387,=,1.0,https://ark.frantiq.fr/ark:/26678/pcrtxKnfzXYMxK,[],[],"[""skos:Concept""]",true,true positive
dh,ironagedanube-pactols,secea-2026.tar.gz,"[""Concept""]",[],"[""owl:Class""]",http://www.w3.org/2004/02/skos/core#Concept,=,1.0,http://www.w3.org/2004/02/skos/core#Concept,"[""Concept""]",[],"[""owl:Class""]",false,false positive
dh,ironagedanube-pactols,secea-2026.tar.gz,[],[],[],http://www.w3.org/2002/07/owl#Class,=,1.0,http://www.w3.org/2002/07/owl#Class,[],[],[],false,false positive
dh,ironagedanube-pactols,secea-2026.tar.gz,[],[],[],http://purl.org/dc/terms/created,=,1.0,http://purl.org/dc/terms/created,[],[],[],false,false positive
dh,ironagedanube-pactols,secea-2026.tar.gz,[],[],[],http://www.w3.org/2004/02/skos/core#prefLabel,=,1.0,http://www.w3.org/2004/02/skos/core#prefLabel,[],[],[],false,false positive
dh,ironagedanube-pactols,secea-2026.tar.gz,[],[],[],http://www.w3.org/2004/02/skos/core#definition,=,1.0,http://www.w3.org/2004/02/skos/core#definition,[],[],[],false,false positive
dh,ironagedanube-pactols,secea-2026.tar.gz,[],[],[],http://purl.org/dc/elements/1.1/title,=,1.0,http://purl.org/dc/terms/title,[],[],[],false,false positive
dh,pactols-parthenos,logmap-kg-2026.tar.gz,[],[],"[""skos:Concept""]",https://ark.frantiq.fr/ark:/26678/pcrtxKnfzXYMxK,=,1.0,https://isl.ics.forth.gr/parthenos_vocabularies/Concept/32324,[],[],"[""skos:Concept""]",true,true positive
dh,pactols-parthenos,logmap-kg-2026.tar.gz,[],[],"[""skos:Concept""]",https://ark.frantiq.fr/ark:/26678/pcrtfUWF9GVr4q,=,1.0,https://isl.ics.forth.gr/parthenos_vocabularies/Concept/32290,[],[],"[""skos:Concept""]",true,true positive
dh,pactols-parthenos,logmap-kg-2026.tar.gz,[],[],"[""skos:Concept""]",https://ark.frantiq.fr/ark:/26678/pcrtKei7jxhn32,=,1.0,https://isl.ics.forth.gr/parthenos_vocabularies/Concept/32207,[],[],"[""skos:Concept""]",false,false positive
dh,pactols-parthenos,logmap-kg-2026.tar.gz,[],[],"[""skos:Concept""]",https://ark.frantiq.fr/ark:/26678/pcrtVhTRix41ic,=,1.0,https://isl.ics.forth.gr/parthenos_vocabularies/Concept/32286,[],[],"[""skos:Concept""]",true,true positive
dh,pactols-parthenos,logmap-kg-2026.tar.gz,[],[],"[""skos:Concept""]",https://ark.frantiq.fr/ark:/26678/pcrt9PJh9aTXv4,=,1.0,https://isl.ics.forth.gr/parthenos_vocabularies/Concept/32349,[],[],"[""skos:Concept""]",true,true positive
dh,pactols-parthenos,logmap-kg-2026.tar.gz,[],[],"[""skos:Concept""]",https://ark.frantiq.fr/ark:/26678/pcrt3FTqaIdbpb,=,0.9,https://isl.ics.forth.gr/parthenos_vocabularies/Concept/32941,[],[],"[""skos:Concept""]",false,false positive
dh,pactols-parthenos,logmap-kg-2026.tar.gz,[],[],"[""skos:Concept""]",https://ark.frantiq.fr/ark:/26678/pcrtx4sFxmENjb,=,0.0,https://isl.ics.forth.gr/parthenos_vocabularies/Concept/32867,[],[],"[""skos:Concept""]",true,false negative
dh,pactols-parthenos,logmap-kg-2026.tar.gz,[],[],"[""skos:Concept""]",https://ark.frantiq.fr/ark:/26678/pcrtAqKgmvERHQ,=,1.0,https://isl.ics.forth.gr/parthenos_vocabularies/Concept/32641,[],[],"[""skos:Concept""]",true,true positive
dh,pactols-parthenos,logmap-kg-2026.tar.gz,[],[],"[""skos:Concept""]",https://ark.frantiq.fr/ark:/26678/pcrtF9P4mbuyGk,=,1.0,https://isl.ics.forth.gr/parthenos_vocabularies/Concept/32655,[],[],"[""skos:Concept""]",true,true positive
dh,pactols-parthenos,logmap-kg-2026.tar.gz,[],[],"[""skos:Concept""]",https://ark.frantiq.fr/ark:/26678/pcrtHIjtOg1P75,=,1.0,https://isl.ics.forth.gr/parthenos_vocabularies/Concept/32228,[],[],"[""skos:Concept""]",true,true positive
dh,pactols-parthenos,logmap-kg-2026.tar.gz,[],[],"[""skos:Concept""]",https://ark.frantiq.fr/ark:/26678/pcrtkeLpJpVN4t,=,1.0,https://isl.ics.forth.gr/parthenos_vocabularies/Concept/32490,[],[],"[""skos:Concept""]",true,true positive
dh,pactols-parthenos,logmap-kg-2026.tar.gz,[],[],"[""skos:Concept""]",https://ark.frantiq.fr/ark:/26678/pcrtNU9yWjKe6U,=,1.0,https://isl.ics.forth.gr/parthenos_vocabularies/Concept/32636,[],[],"[""skos:Concept""]",false,false positive
dh,pactols-parthenos,logmap-kg-2026.tar.gz,[],[],"[""skos:Concept""]",https://ark.frantiq.fr/ark:/26678/pcrtXGgQa70ZVU,=,0.0,https://isl.ics.forth.gr/parthenos_vocabularies/Concept/32971,[],[],"[""skos:Concept""]",true,false negative
dh,pactols-parthenos,logmap-kg-2026.tar.gz,[],[],"[""skos:Concept""]",https://ark.frantiq.fr/ark:/26678/crtdVpqD9Y6ym,=,1.0,https://isl.ics.forth.gr/parthenos_vocabularies/Concept/32318,[],[],"[""skos:Concept""]",true,true positive
dh,pactols-parthenos,logmap-kg-2026.tar.gz,[],[],"[""skos:Concept""]",https://ark.frantiq.fr/ark:/26678/pcrts62Z2hl4ux,=,1.0,https://isl.ics.forth.gr/parthenos_vocabularies/Concept/32910,[],[],"[""skos:Concept""]",true,true positive
dh,pactols-parthenos,logmap-kg-2026.tar.gz,[],[],"[""skos:Concept""]",https://ark.frantiq.fr/ark:/26678/pcrtKl3VI9w0s6,=,0.86,https://isl.ics.forth.gr/parthenos_vocabularies/Concept/32315,[],[],"[""skos:Concept""]",false,false positive
dh,ironagedanube-pactols,matcha-2026.tar.gz,[],[],"[""skos:Concept""]",https://vocabs.acdh.oeaw.ac.at/iadthesaurus/scheme/concept341,=,0.8098999999999998,https://ark.frantiq.fr/ark:/26678/pcrts62Z2hl4ux,[],[],"[""skos:Concept""]",true,true positive
dh,ironagedanube-pactols,matcha-2026.tar.gz,[],[],"[""skos:Concept""]",https://vocabs.acdh.oeaw.ac.at/iadthesaurus/scheme/concept336,=,0.8007999999999998,https://ark.frantiq.fr/ark:/26678/pcrthcbe2XySTb,[],[],"[""skos:Concept""]",true,true positive
dh,ironagedanube-pactols,matcha-2026.tar.gz,[],[],"[""skos:Concept""]",https://vocabs.acdh.oeaw.ac.at/iadthesaurus/scheme/concept340,=,0.7831999999999999,https://ark.frantiq.fr/ark:/26678/pcrtkeLpJpVN4t,[],[],"[""skos:Concept""]",false,false positive
dh,ironagedanube-pactols,matcha-2026.tar.gz,[],[],"[""skos:Concept""]",https://vocabs.acdh.oeaw.ac.at/iadthesaurus/scheme/concept369,=,0.7919999999999998,https://ark.frantiq.fr/ark:/26678/pcrtms2OAv82PY,[],[],"[""skos:Concept""]",false,false positive
dh,ironagedanube-pactols,matcha-2026.tar.gz,[],[],"[""skos:Concept""]",https://vocabs.acdh.oeaw.ac.at/iadthesaurus/scheme/concept319,=,0.0,https://ark.frantiq.fr/ark:/26678/pcrtSu7E2Qh0Xv,[],[],"[""skos:Concept""]",true,false negative
dh,ironagedanube-pactols,matcha-2026.tar.gz,[],[],"[""skos:Concept""]",https://vocabs.acdh.oeaw.ac.at/iadthesaurus/scheme/concept387,=,0.7919999999999998,https://ark.frantiq.fr/ark:/26678/pcrtxKnfzXYMxK,[],[],"[""skos:Concept""]",true,true positive
dh,ironagedanube-pactols,matcha-2026.tar.gz,[],[],"[""skos:Concept""]",https://vocabs.acdh.oeaw.ac.at/iadthesaurus/scheme/concept338,=,0.8949720671480779,https://ark.frantiq.fr/ark:/26678/pcrtF9P4mbuyGk,[],[],"[""skos:Concept""]",true,true positive
dh,idai-parthenos,lsmatch-2026.tar.gz,[],[],"[""skos:Concept""]",http://thesauri.dainst.org/_1f524e33,=,0.0,https://isl.ics.forth.gr/parthenos_vocabularies/Concept/7114,[],[],"[""skos:Concept""]",true,false negative
dh,idai-parthenos,lsmatch-2026.tar.gz,[],[],"[""skos:Concept""]",http://thesauri.dainst.org/_4b0d451a,=,0.0,https://isl.ics.forth.gr/parthenos_vocabularies/Concept/7107,[],[],"[""skos:Concept""]",true,false negative
dh,idai-parthenos,lsmatch-2026.tar.gz,[],[],"[""skos:Concept""]",http://thesauri.dainst.org/_697dc279,=,0.0,https://isl.ics.forth.gr/parthenos_vocabularies/Concept/7118,[],[],"[""skos:Concept""]",true,false negative
dh,idai-parthenos,lsmatch-2026.tar.gz,[],[],"[""skos:Concept""]",http://thesauri.dainst.org/_1d839342,=,0.0,https://isl.ics.forth.gr/parthenos_vocabularies/Concept/7094,[],[],"[""skos:Concept""]",true,false negative
dh,idai-parthenos,lsmatch-2026.tar.gz,[],[],"[""skos:Concept""]",http://thesauri.dainst.org/_a0be179c,=,0.0,https://isl.ics.forth.gr/parthenos_vocabularies/Concept/7107,[],[],"[""skos:Concept""]",true,false negative
dh,idai-parthenos,lsmatch-2026.tar.gz,[],[],"[""skos:Concept""]",http://thesauri.dainst.org/_fcc3853f,=,0.0,https://isl.ics.forth.gr/parthenos_vocabularies/Concept/7116,[],[],"[""skos:Concept""]",true,false negative
dh,idai-parthenos,lsmatch-2026.tar.gz,[],[],"[""skos:Concept""]",http://thesauri.dainst.org/_6d528ffb,=,0.0,https://isl.ics.forth.gr/parthenos_vocabularies/Concept/7115,[],[],"[""skos:Concept""]",true,false negative
dh,idai-parthenos,lsmatch-2026.tar.gz,[],[],"[""skos:Concept""]",http://thesauri.dainst.org/_30ac6926,=,0.0,https://isl.ics.forth.gr/parthenos_vocabularies/Concept/7163,[],[],"[""skos:Concept""]",true,false negative
dh,idai-parthenos,lsmatch-2026.tar.gz,[],[],"[""skos:Concept""]",http://thesauri.dainst.org/_0117de29,=,0.0,https://isl.ics.forth.gr/parthenos_vocabularies/Concept/7111,[],[],"[""skos:Concept""]",true,false negative
dh,idai-parthenos,lsmatch-2026.tar.gz,[],[],"[""skos:Concept""]",http://thesauri.dainst.org/_afbdde2e,=,0.0,https://isl.ics.forth.gr/parthenos_vocabularies/Concept/7226,[],[],"[""skos:Concept""]",true,false negative
dh,idai-parthenos,lsmatch-2026.tar.gz,[],[],"[""skos:Concept""]",http://thesauri.dainst.org/_4d1bfe78,=,0.0,https://isl.ics.forth.gr/parthenos_vocabularies/Concept/7170,[],[],"[""skos:Concept""]",true,false negative
dh,idai-parthenos,lsmatch-2026.tar.gz,[],[],"[""skos:Concept""]",http://thesauri.dainst.org/_8bca4bf1,=,0.0,https://isl.ics.forth.gr/parthenos_vocabularies/Concept/7219,[],[],"[""skos:Concept""]",true,false negative
dh,idai-parthenos,lsmatch-2026.tar.gz,[],[],"[""skos:Concept""]",http://thesauri.dainst.org/_018b18d1,=,0.0,https://isl.ics.forth.gr/parthenos_vocabularies/Concept/7266,[],[],"[""skos:Concept""]",true,false negative
dh,idai-parthenos,lsmatch-2026.tar.gz,[],[],"[""skos:Concept""]",http://thesauri.dainst.org/_ed0828c5,=,0.0,https://isl.ics.forth.gr/parthenos_vocabularies/Concept/7249,[],[],"[""skos:Concept""]",true,false negative
dh,idai-parthenos,lsmatch-2026.tar.gz,[],[],"[""skos:Concept""]",http://thesauri.dainst.org/_0aa1995c,=,0.0,https://isl.ics.forth.gr/parthenos_vocabularies/Concept/7147,[],[],"[""skos:Concept""]",true,false negative
dh,idai-parthenos,lsmatch-2026.tar.gz,[],[],"[""skos:Concept""]",http://thesauri.dainst.org/_2eaf48c6,=,0.0,https://isl.ics.forth.gr/parthenos_vocabularies/Concept/7112,[],[],"[""skos:Concept""]",true,false negative
dh,idai-parthenos,lsmatch-2026.tar.gz,[],[],"[""skos:Concept""]",http://thesauri.dainst.org/_2b089ca4,=,0.0,https://isl.ics.forth.gr/parthenos_vocabularies/Concept/7142,[],[],"[""skos:Concept""]",true,false negative
dh,idai-parthenos,lsmatch-2026.tar.gz,[],[],"[""skos:Concept""]",http://thesauri.dainst.org/_0530b8a9,=,0.0,https://isl.ics.forth.gr/parthenos_vocabularies/Concept/7179,[],[],"[""skos:Concept""]",true,false negative
dh,idai-parthenos,lsmatch-2026.tar.gz,[],[],"[""skos:Concept""]",http://thesauri.dainst.org/_59a790d9,=,0.0,https://isl.ics.forth.gr/parthenos_vocabularies/Concept/7267,[],[],"[""skos:Concept""]",true,false negative
dh,idai-parthenos,lsmatch-2026.tar.gz,[],[],"[""skos:Concept""]",http://thesauri.dainst.org/_a4276388,=,0.0,https://isl.ics.forth.gr/parthenos_vocabularies/Concept/7171,[],[],"[""skos:Concept""]",true,false negative
dh,idai-parthenos,lsmatch-2026.tar.gz,[],[],"[""skos:Concept""]",http://thesauri.dainst.org/_acc90782,=,0.0,https://isl.ics.forth.gr/parthenos_vocabularies/Concept/7137,[],[],"[""skos:Concept""]",true,false negative
dh,idai-parthenos,lsmatch-2026.tar.gz,[],[],"[""skos:Concept""]",http://thesauri.dainst.org/_dac3529c,=,0.0,https://isl.ics.forth.gr/parthenos_vocabularies/Concept/7184,[],[],"[""skos:Concept""]",true,false negative
dh,idai-parthenos,lsmatch-2026.tar.gz,[],[],"[""skos:Concept""]",http://thesauri.dainst.org/_6d528ffb,=,0.0,https://isl.ics.forth.gr/parthenos_vocabularies/Concept/7199,[],[],"[""skos:Concept""]",true,false negative
dh,idai-parthenos,lsmatch-2026.tar.gz,[],[],"[""skos:Concept""]",http://thesauri.dainst.org/_5d1ac0ba,=,0.0,https://isl.ics.forth.gr/parthenos_vocabularies/Concept/7165,[],[],"[""skos:Concept""]",true,false negative
dh,idai-parthenos,lsmatch-2026.tar.gz,[],[],"[""skos:Concept""]",http://thesauri.dainst.org/_09106e2a,=,0.0,https://isl.ics.forth.gr/parthenos_vocabularies/Concept/7135,[],[],"[""skos:Concept""]",true,false negative
dh,idai-parthenos,lsmatch-2026.tar.gz,[],[],"[""skos:Concept""]",http://thesauri.dainst.org/_eee85fa3,=,0.0,https://isl.ics.forth.gr/parthenos_vocabularies/Concept/7201,[],[],"[""skos:Concept""]",true,false negative
dh,idai-parthenos,lsmatch-2026.tar.gz,[],[],"[""skos:Concept""]",http://thesauri.dainst.org/_3bff2fb5,=,0.0,https://isl.ics.forth.gr/parthenos_vocabularies/Concept/7247,[],[],"[""skos:Concept""]",true,false negative
dh,idai-parthenos,lsmatch-2026.tar.gz,[],[],"[""skos:Concept""]",http://thesauri.dainst.org/_cc22e013,=,0.0,https://isl.ics.forth.gr/parthenos_vocabularies/Concept/7216,[],[],"[""skos:Concept""]",true,false negative
dh,idai-parthenos,lsmatch-2026.tar.gz,[],[],"[""skos:Concept""]",http://thesauri.dainst.org/_6a167951,=,0.0,https://isl.ics.forth.gr/parthenos_vocabularies/Concept/7242,[],[],"[""skos:Concept""]",true,false negative
dh,idai-parthenos,lsmatch-2026.tar.gz,[],[],"[""skos:Concept""]",http://thesauri.dainst.org/_2b089ca4,=,0.0,https://isl.ics.forth.gr/parthenos_vocabularies/Concept/7223,[],[],"[""skos:Concept""]",true,false negative
dh,idai-parthenos,lsmatch-2026.tar.gz,[],[],"[""skos:Concept""]",http://thesauri.dainst.org/_cadb286c,=,0.0,https://isl.ics.forth.gr/parthenos_vocabularies/Concept/7162,[],[],"[""skos:Concept""]",true,false negative
dh,idai-parthenos,lsmatch-2026.tar.gz,[],[],"[""skos:Concept""]",http://thesauri.dainst.org/_c26d8599,=,0.0,https://isl.ics.forth.gr/parthenos_vocabularies/Concept/7246,[],[],"[""skos:Concept""]",true,false negative
dh,idai-parthenos,lsmatch-2026.tar.gz,[],[],"[""skos:Concept""]",http://thesauri.dainst.org/_8bb3692d,=,0.0,https://isl.ics.forth.gr/parthenos_vocabularies/Concept/7221,[],[],"[""skos:Concept""]",true,false negative
dh,idai-parthenos,lsmatch-2026.tar.gz,[],[],"[""skos:Concept""]",http://thesauri.dainst.org/_ccc4d1d5,=,0.0,https://isl.ics.forth.gr/parthenos_vocabularies/Concept/7240,[],[],"[""skos:Concept""]",true,false negative
dh,idai-parthenos,lsmatch-2026.tar.gz,[],[],"[""skos:Concept""]",http://thesauri.dainst.org/_fcc3853f,=,0.0,https://isl.ics.forth.gr/parthenos_vocabularies/Concept/7152,[],[],"[""skos:Concept""]",true,false negative
dh,idai-parthenos,lsmatch-2026.tar.gz,[],[],"[""skos:Concept""]",http://thesauri.dainst.org/_a4c97475,=,0.0,https://isl.ics.forth.gr/parthenos_vocabularies/Concept/7243,[],[],"[""skos:Concept""]",true,false negative
dh,idai-parthenos,lsmatch-2026.tar.gz,[],[],"[""skos:Concept""]",http://thesauri.dainst.org/_c1210d5a,=,0.0,https://isl.ics.forth.gr/parthenos_vocabularies/Concept/7161,[],[],"[""skos:Concept""]",true,false negative
dh,idai-parthenos,lsmatch-2026.tar.gz,[],[],"[""skos:Concept""]",http://thesauri.dainst.org/_0bbbd3c7,=,0.0,https://isl.ics.forth.gr/parthenos_vocabularies/Concept/7099,[],[],"[""skos:Concept""]",true,false negative
dh,idai-parthenos,lsmatch-2026.tar.gz,[],[],"[""skos:Concept""]",http://thesauri.dainst.org/_c332e252,=,0.0,https://isl.ics.forth.gr/parthenos_vocabularies/Concept/7213,[],[],"[""skos:Concept""]",true,false negative
dh,idai-parthenos,lsmatch-2026.tar.gz,[],[],"[""skos:Concept""]",http://thesauri.dainst.org/_fe470a76,=,0.0,https://isl.ics.forth.gr/parthenos_vocabularies/Concept/7194,[],[],"[""skos:Concept""]",true,false negative
dh,idai-parthenos,lsmatch-2026.tar.gz,[],[],"[""skos:Concept""]",http://thesauri.dainst.org/_a671d80c,=,0.0,https://isl.ics.forth.gr/parthenos_vocabularies/Concept/7146,[],[],"[""skos:Concept""]",true,false negative
dh,idai-parthenos,lsmatch-2026.tar.gz,[],[],"[""skos:Concept""]",http://thesauri.dainst.org/_b9892df7,=,0.0,https://isl.ics.forth.gr/parthenos_vocabularies/Concept/7243,[],[],"[""skos:Concept""]",true,false negative
dh,idai-parthenos,lsmatch-2026.tar.gz,[],[],"[""skos:Concept""]",http://thesauri.dainst.org/_0117de29,=,0.0,https://isl.ics.forth.gr/parthenos_vocabularies/Concept/7263,[],[],"[""skos:Concept""]",true,false negative
dh,idai-parthenos,lsmatch-2026.tar.gz,[],[],"[""skos:Concept""]",http://thesauri.dainst.org/_64e2871b,=,0.0,https://isl.ics.forth.gr/parthenos_vocabularies/Concept/7172,[],[],"[""skos:Concept""]",true,false negative
dh,idai-parthenos,lsmatch-2026.tar.gz,[],[],"[""skos:Concept""]",http://thesauri.dainst.org/_1591f7f8,=,0.0,https://isl.ics.forth.gr/parthenos_vocabularies/Concept/7222,[],[],"[""skos:Concept""]",true,false negative
dh,idai-parthenos,lsmatch-2026.tar.gz,[],[],"[""skos:Concept""]",http://thesauri.dainst.org/_0117de29,=,0.0,https://isl.ics.forth.gr/parthenos_vocabularies/Concept/7192,[],[],"[""skos:Concept""]",true,false negative
dh,idai-parthenos,lsmatch-2026.tar.gz,[],[],"[""skos:Concept""]",http://thesauri.dainst.org/_2b089ca4,=,0.0,https://isl.ics.forth.gr/parthenos_vocabularies/Concept/7214,[],[],"[""skos:Concept""]",true,false negative
dh,idai-parthenos,lsmatch-2026.tar.gz,[],[],"[""skos:Concept""]",http://thesauri.dainst.org/_4d1096fb,=,0.0,https://isl.ics.forth.gr/parthenos_vocabularies/Concept/7136,[],[],"[""skos:Concept""]",true,false negative
dh,idai-parthenos,lsmatch-2026.tar.gz,[],[],"[""skos:Concept""]",http://thesauri.dainst.org/_2e5fdad9,=,0.0,https://isl.ics.forth.gr/parthenos_vocabularies/Concept/7238,[],[],"[""skos:Concept""]",true,false negative
dh,idai-parthenos,lsmatch-2026.tar.gz,[],[],"[""skos:Concept""]",http://thesauri.dainst.org/_4184afc2,=,0.0,https://isl.ics.forth.gr/parthenos_vocabularies/Concept/7164,[],[],"[""skos:Concept""]",true,false negative
dh,idai-parthenos,lsmatch-2026.tar.gz,[],[],"[""skos:Concept""]",http://thesauri.dainst.org/_3daffa4b,=,0.0,https://isl.ics.forth.gr/parthenos_vocabularies/Concept/7190,[],[],"[""skos:Concept""]",true,false negative
dh,idai-parthenos,lsmatch-2026.tar.gz,"[""Concept""]",[],"[""owl:Class""]",http://www.w3.org/2004/02/skos/core#Concept,=,1.0,http://www.w3.org/2004/02/skos/core#Concept,"[""Concept""]",[],"[""owl:Class""]",false,false positive
dh,idai-parthenos,lsmatch-2026.tar.gz,[],[],"[""skos:Concept""]",http://thesauri.dainst.org/_b34a7579,=,0.0,https://isl.ics.forth.gr/parthenos_vocabularies/Concept/7154,[],[],"[""skos:Concept""]",true,false negative
dh,defc-pactols,logmap-lite-2026.tar.gz,[],[],"[""skos:Concept""]",https://vocabs.acdh.oeaw.ac.at/defcthesaurus/pit/5.4,=,0.0,https://ark.frantiq.fr/ark:/26678/pcrtms2OAv82PY,[],[],"[""skos:Concept""]",true,false negative
dh,defc-pactols,logmap-lite-2026.tar.gz,[],[],"[""skos:Concept""]",https://vocabs.acdh.oeaw.ac.at/defcthesaurus/hearth/5.3,=,0.0,https://ark.frantiq.fr/ark:/26678/pcrtJUwAaZ7Nz9,[],[],"[""skos:Concept""]",true,false negative
dh,defc-pactols,logmap-lite-2026.tar.gz,[],[],"[""skos:Concept""]",https://vocabs.acdh.oeaw.ac.at/defcthesaurus/cairn/5.8,=,0.0,https://ark.frantiq.fr/ark:/26678/pcrtAqKgmvERHQ,[],[],"[""skos:Concept""]",true,false negative
dh,defc-pactols,logmap-lite-2026.tar.gz,[],[],"[""skos:Concept""]",https://vocabs.acdh.oeaw.ac.at/defcthesaurus/fireplace/5.1,=,0.0,https://ark.frantiq.fr/ark:/26678/pcrtJUwAaZ7Nz9,[],[],"[""skos:Concept""]",true,false negative
dh,defc-pactols,logmap-lite-2026.tar.gz,[],[],[],http://www.w3.org/2004/02/skos/core#ConceptScheme,=,1.0,http://www.w3.org/2004/02/skos/core#ConceptScheme,[],[],[],false,false positive
dh,defc-pactols,logmap-lite-2026.tar.gz,[],[],"[""skos:Concept""]",https://vocabs.acdh.oeaw.ac.at/defcthesaurus/pile_dwelling/5.4,=,0.0,https://ark.frantiq.fr/ark:/26678/pcrt5MQsnfNDTD,[],[],"[""skos:Concept""]",true,false negative
dh,defc-pactols,logmap-lite-2026.tar.gz,[],[],"[""skos:Concept""]",https://vocabs.acdh.oeaw.ac.at/defcthesaurus/waste_pit/5.20,=,0.0,https://ark.frantiq.fr/ark:/26678/pcrtp5Wcpmp9I3,[],[],"[""skos:Concept""]",true,false negative
dh,defc-pactols,logmap-lite-2026.tar.gz,[],[],"[""skos:Concept""]",https://vocabs.acdh.oeaw.ac.at/defcthesaurus/settlement_enclosure/4.073,=,0.0,https://ark.frantiq.fr/ark:/26678/pcrtKei7jxhn32,[],[],"[""skos:Concept""]",true,false negative
dh,defc-pactols,logmap-lite-2026.tar.gz,"[""Concept""]",[],"[""owl:Class""]",http://www.w3.org/2004/02/skos/core#Concept,=,1.0,http://www.w3.org/2004/02/skos/core#Concept,"[""Concept""]",[],"[""owl:Class""]",false,false positive
dh,defc-pactols,logmap-lite-2026.tar.gz,[],[],"[""skos:Concept""]",https://vocabs.acdh.oeaw.ac.at/defcthesaurus/cave/3.1,=,0.0,https://ark.frantiq.fr/ark:/26678/pcrtxKnfzXYMxK,[],[],"[""skos:Concept""]",true,false negative
dh,defc-pactols,logmap-lite-2026.tar.gz,[],[],"[""skos:Concept""]",https://vocabs.acdh.oeaw.ac.at/defcthesaurus/rock_shelter/3.2,=,0.0,https://ark.frantiq.fr/ark:/26678/pcrtkeLpJpVN4t,[],[],"[""skos:Concept""]",true,false negative
dh,defc-pactols,logmap-lite-2026.tar.gz,[],[],"[""skos:Concept""]",https://vocabs.acdh.oeaw.ac.at/defcthesaurus/tell/4.2,=,0.0,https://ark.frantiq.fr/ark:/26678/pcrtx4sFxmENjb,[],[],"[""skos:Concept""]",true,false negative
dh,oeai-parthenos,lsmatch-2026.tar.gz,[],[],"[""skos:Concept""]",https://vocabs.acdh.oeaw.ac.at/oeai-cultural-periods/concept23528,=,0.0,https://isl.ics.forth.gr/parthenos_vocabularies/Concept/7099,[],[],"[""skos:Concept""]",true,false negative
dh,oeai-parthenos,lsmatch-2026.tar.gz,[],[],"[""skos:Concept""]",https://vocabs.acdh.oeaw.ac.at/oeai-cultural-periods/concept23276,=,0.0,https://isl.ics.forth.gr/parthenos_vocabularies/Concept/7147,[],[],"[""skos:Concept""]",true,false negative
dh,oeai-parthenos,lsmatch-2026.tar.gz,[],[],"[""skos:Concept""]",https://vocabs.acdh.oeaw.ac.at/oeai-cultural-periods/concept23560,=,0.0,https://isl.ics.forth.gr/parthenos_vocabularies/Concept/7107,[],[],"[""skos:Concept""]",true,false negative
dh,oeai-parthenos,lsmatch-2026.tar.gz,[],[],"[""skos:Concept""]",https://vocabs.acdh.oeaw.ac.at/oeai-cultural-periods/concept23544,=,0.0,https://isl.ics.forth.gr/parthenos_vocabularies/Concept/7188,[],[],"[""skos:Concept""]",true,false negative
dh,oeai-parthenos,lsmatch-2026.tar.gz,[],[],"[""skos:Concept""]",https://vocabs.acdh.oeaw.ac.at/oeai-cultural-periods/concept23194,=,0.0,https://isl.ics.forth.gr/parthenos_vocabularies/Concept/7215,[],[],"[""skos:Concept""]",true,false negative
dh,oeai-parthenos,lsmatch-2026.tar.gz,[],[],"[""skos:Concept""]",https://vocabs.acdh.oeaw.ac.at/oeai-cultural-periods/concept23318,=,0.0,https://isl.ics.forth.gr/parthenos_vocabularies/Concept/7125,[],[],"[""skos:Concept""]",true,false negative
dh,oeai-parthenos,lsmatch-2026.tar.gz,[],[],"[""skos:Concept""]",https://vocabs.acdh.oeaw.ac.at/oeai-cultural-periods/concept23317,=,0.0,https://isl.ics.forth.gr/parthenos_vocabularies/Concept/7115,[],[],"[""skos:Concept""]",true,false negative
dh,oeai-parthenos,lsmatch-2026.tar.gz,[],[],"[""skos:Concept""]",https://vocabs.acdh.oeaw.ac.at/oeai-cultural-periods/concept23275,=,0.0,https://isl.ics.forth.gr/parthenos_vocabularies/Concept/7216,[],[],"[""skos:Concept""]",true,false negative
dh,oeai-parthenos,lsmatch-2026.tar.gz,[],[],"[""skos:Concept""]",https://vocabs.acdh.oeaw.ac.at/oeai-cultural-periods/concept23274,=,0.0,https://isl.ics.forth.gr/parthenos_vocabularies/Concept/7194,[],[],"[""skos:Concept""]",true,false negative
dh,oeai-parthenos,lsmatch-2026.tar.gz,[],[],"[""skos:Concept""]",https://vocabs.acdh.oeaw.ac.at/oeai-cultural-periods/concept23546,=,0.0,https://isl.ics.forth.gr/parthenos_vocabularies/Concept/7184,[],[],"[""skos:Concept""]",true,false negative
dh,oeai-parthenos,lsmatch-2026.tar.gz,[],[],"[""skos:Concept""]",https://vocabs.acdh.oeaw.ac.at/oeai-cultural-periods/concept23558,=,0.0,https://isl.ics.forth.gr/parthenos_vocabularies/Concept/7118,[],[],"[""skos:Concept""]",true,false negative
dh,oeai-parthenos,lsmatch-2026.tar.gz,[],[],"[""skos:Concept""]",https://vocabs.acdh.oeaw.ac.at/oeai-cultural-periods/concept23531,=,0.0,https://isl.ics.forth.gr/parthenos_vocabularies/Concept/7246,[],[],"[""skos:Concept""]",true,false negative
dh,oeai-parthenos,lsmatch-2026.tar.gz,[],[],"[""skos:Concept""]",https://vocabs.acdh.oeaw.ac.at/oeai-cultural-periods/concept23272,=,0.0,https://isl.ics.forth.gr/parthenos_vocabularies/Concept/7266,[],[],"[""skos:Concept""]",true,false negative
dh,oeai-parthenos,lsmatch-2026.tar.gz,[],[],"[""skos:Concept""]",https://vocabs.acdh.oeaw.ac.at/oeai-cultural-periods/concept23543,=,0.0,https://isl.ics.forth.gr/parthenos_vocabularies/Concept/7243,[],[],"[""skos:Concept""]",true,false negative
dh,oeai-parthenos,lsmatch-2026.tar.gz,[],[],"[""skos:Concept""]",https://vocabs.acdh.oeaw.ac.at/oeai-cultural-periods/concept23316,=,0.0,https://isl.ics.forth.gr/parthenos_vocabularies/Concept/7237,[],[],"[""skos:Concept""]",true,false negative
dh,oeai-parthenos,lsmatch-2026.tar.gz,[],[],"[""skos:Concept""]",https://vocabs.acdh.oeaw.ac.at/oeai-cultural-periods/concept23273,=,0.0,https://isl.ics.forth.gr/parthenos_vocabularies/Concept/7247,[],[],"[""skos:Concept""]",true,false negative
dh,oeai-parthenos,lsmatch-2026.tar.gz,[],[],"[""skos:Concept""]",https://vocabs.acdh.oeaw.ac.at/oeai-cultural-periods/concept23225,=,0.0,https://isl.ics.forth.gr/parthenos_vocabularies/Concept/7094,[],[],"[""skos:Concept""]",true,false negative
dh,oeai-parthenos,lsmatch-2026.tar.gz,[],[],"[""skos:Concept""]",https://vocabs.acdh.oeaw.ac.at/oeai-cultural-periods/concept23522,=,0.0,https://isl.ics.forth.gr/parthenos_vocabularies/Concept/7224,[],[],"[""skos:Concept""]",true,false negative
dh,oeai-parthenos,lsmatch-2026.tar.gz,[],[],"[""skos:Concept""]",https://vocabs.acdh.oeaw.ac.at/oeai-cultural-periods/concept23559,=,0.0,https://isl.ics.forth.gr/parthenos_vocabularies/Concept/7227,[],[],"[""skos:Concept""]",true,false negative
dh,oeai-parthenos,lsmatch-2026.tar.gz,[],[],"[""skos:Concept""]",https://vocabs.acdh.oeaw.ac.at/oeai-cultural-periods/concept23226,=,0.0,https://isl.ics.forth.gr/parthenos_vocabularies/Concept/7238,[],[],"[""skos:Concept""]",true,false negative
dh,oeai-parthenos,lsmatch-2026.tar.gz,[],[],"[""skos:Concept""]",https://vocabs.acdh.oeaw.ac.at/oeai-cultural-periods/concept23316,=,0.0,https://isl.ics.forth.gr/parthenos_vocabularies/Concept/7169,[],[],"[""skos:Concept""]",true,false negative
dh,oeai-parthenos,lsmatch-2026.tar.gz,[],[],"[""skos:Concept""]",https://vocabs.acdh.oeaw.ac.at/oeai-cultural-periods/concept23271,=,0.0,https://isl.ics.forth.gr/parthenos_vocabularies/Concept/7140,[],[],"[""skos:Concept""]",true,false negative
dh,oeai-parthenos,lsmatch-2026.tar.gz,[],[],"[""skos:Concept""]",https://vocabs.acdh.oeaw.ac.at/oeai-cultural-periods/concept23314,=,0.0,https://isl.ics.forth.gr/parthenos_vocabularies/Concept/7114,[],[],"[""skos:Concept""]",true,false negative
dh,oeai-parthenos,lsmatch-2026.tar.gz,[],[],"[""skos:Concept""]",https://vocabs.acdh.oeaw.ac.at/oeai-cultural-periods/concept23495,=,0.0,https://isl.ics.forth.gr/parthenos_vocabularies/Concept/7172,[],[],"[""skos:Concept""]",true,false negative
dh,oeai-parthenos,lsmatch-2026.tar.gz,[],[],"[""skos:Concept""]",https://vocabs.acdh.oeaw.ac.at/oeai-cultural-periods/concept23315,=,0.0,https://isl.ics.forth.gr/parthenos_vocabularies/Concept/7116,[],[],"[""skos:Concept""]",true,false negative
dh,oeai-parthenos,lsmatch-2026.tar.gz,[],[],"[""skos:Concept""]",https://vocabs.acdh.oeaw.ac.at/oeai-cultural-periods/concept23247,=,0.0,https://isl.ics.forth.gr/parthenos_vocabularies/Concept/7189,[],[],"[""skos:Concept""]",true,false negative
dh,oeai-parthenos,lsmatch-2026.tar.gz,[],[],"[""skos:Concept""]",https://vocabs.acdh.oeaw.ac.at/oeai-cultural-periods/concept23532,=,0.0,https://isl.ics.forth.gr/parthenos_vocabularies/Concept/7179,[],[],"[""skos:Concept""]",true,false negative
dh,oeai-parthenos,lsmatch-2026.tar.gz,[],[],"[""skos:Concept""]",https://vocabs.acdh.oeaw.ac.at/oeai-cultural-periods/concept23243,=,0.0,https://isl.ics.forth.gr/parthenos_vocabularies/Concept/7146,[],[],"[""skos:Concept""]",true,false negative
dh,oeai-parthenos,lsmatch-2026.tar.gz,[],[],"[""skos:Concept""]",https://vocabs.acdh.oeaw.ac.at/oeai-cultural-periods/concept23256,=,0.0,https://isl.ics.forth.gr/parthenos_vocabularies/Concept/7130,[],[],"[""skos:Concept""]",true,false negative
dh,oeai-parthenos,lsmatch-2026.tar.gz,[],[],"[""skos:Concept""]",https://vocabs.acdh.oeaw.ac.at/oeai-cultural-periods/concept23251,=,0.0,https://isl.ics.forth.gr/parthenos_vocabularies/Concept/7208,[],[],"[""skos:Concept""]",true,false negative
dh,oeai-parthenos,lsmatch-2026.tar.gz,[],[],"[""skos:Concept""]",https://vocabs.acdh.oeaw.ac.at/oeai-cultural-periods/concept23530,=,0.0,https://isl.ics.forth.gr/parthenos_vocabularies/Concept/7219,[],[],"[""skos:Concept""]",true,false negative
dh,oeai-parthenos,lsmatch-2026.tar.gz,[],[],"[""skos:Concept""]",https://vocabs.acdh.oeaw.ac.at/oeai-cultural-periods/concept23536,=,0.0,https://isl.ics.forth.gr/parthenos_vocabularies/Concept/7087,[],[],"[""skos:Concept""]",true,false negative
dh,oeai-parthenos,lsmatch-2026.tar.gz,[],[],"[""skos:Concept""]",https://vocabs.acdh.oeaw.ac.at/oeai-cultural-periods/concept23317,=,0.0,https://isl.ics.forth.gr/parthenos_vocabularies/Concept/7199,[],[],"[""skos:Concept""]",true,false negative
dh,oeai-parthenos,lsmatch-2026.tar.gz,[],[],"[""skos:Concept""]",https://vocabs.acdh.oeaw.ac.at/oeai-cultural-periods/concept23244,=,0.0,https://isl.ics.forth.gr/parthenos_vocabularies/Concept/7268,[],[],"[""skos:Concept""]",true,false negative
dh,oeai-parthenos,lsmatch-2026.tar.gz,[],[],"[""skos:Concept""]",https://vocabs.acdh.oeaw.ac.at/oeai-cultural-periods/concept23502,=,0.0,https://isl.ics.forth.gr/parthenos_vocabularies/Concept/7233,[],[],"[""skos:Concept""]",true,false negative
dh,oeai-parthenos,lsmatch-2026.tar.gz,[],[],"[""skos:Concept""]",https://vocabs.acdh.oeaw.ac.at/oeai-cultural-periods/concept23516,=,0.0,https://isl.ics.forth.gr/parthenos_vocabularies/Concept/7225,[],[],"[""skos:Concept""]",true,false negative
dh,oeai-parthenos,lsmatch-2026.tar.gz,[],[],"[""skos:Concept""]",https://vocabs.acdh.oeaw.ac.at/oeai-cultural-periods/concept23260,=,0.0,https://isl.ics.forth.gr/parthenos_vocabularies/Concept/7239,[],[],"[""skos:Concept""]",true,false negative
dh,oeai-parthenos,lsmatch-2026.tar.gz,[],[],"[""skos:Concept""]",https://vocabs.acdh.oeaw.ac.at/oeai-cultural-periods/concept23195,=,0.0,https://isl.ics.forth.gr/parthenos_vocabularies/Concept/7221,[],[],"[""skos:Concept""]",true,false negative
dh,oeai-parthenos,lsmatch-2026.tar.gz,[],[],"[""skos:Concept""]",https://vocabs.acdh.oeaw.ac.at/oeai-cultural-periods/concept23553,=,0.0,https://isl.ics.forth.gr/parthenos_vocabularies/Concept/7142,[],[],"[""skos:Concept""]",true,false negative
dh,oeai-parthenos,lsmatch-2026.tar.gz,[],[],"[""skos:Concept""]",https://vocabs.acdh.oeaw.ac.at/oeai-cultural-periods/concept23315,=,0.0,https://isl.ics.forth.gr/parthenos_vocabularies/Concept/7152,[],[],"[""skos:Concept""]",true,false negative
dh,oeai-parthenos,lsmatch-2026.tar.gz,[],[],"[""skos:Concept""]",https://vocabs.acdh.oeaw.ac.at/oeai-cultural-periods/concept23195,=,0.0,https://isl.ics.forth.gr/parthenos_vocabularies/Concept/7236,[],[],"[""skos:Concept""]",true,false negative
dh,oeai-parthenos,lsmatch-2026.tar.gz,"[""Concept""]",[],"[""owl:Class""]",http://www.w3.org/2004/02/skos/core#Concept,=,1.0,http://www.w3.org/2004/02/skos/core#Concept,"[""Concept""]",[],"[""owl:Class""]",false,false positive
dh,oeai-parthenos,lsmatch-2026.tar.gz,[],[],"[""skos:Concept""]",https://vocabs.acdh.oeaw.ac.at/oeai-cultural-periods/concept23531,=,0.0,https://isl.ics.forth.gr/parthenos_vocabularies/Concept/7207,[],[],"[""skos:Concept""]",true,false negative
dh,oeai-parthenos,lsmatch-2026.tar.gz,[],[],"[""skos:Concept""]",https://vocabs.acdh.oeaw.ac.at/oeai-cultural-periods/concept23514,=,0.0,https://isl.ics.forth.gr/parthenos_vocabularies/Concept/7200,[],[],"[""skos:Concept""]",true,false negative
dh,oeai-parthenos,lsmatch-2026.tar.gz,[],[],"[""skos:Concept""]",https://vocabs.acdh.oeaw.ac.at/oeai-cultural-periods/concept23545,=,0.0,https://isl.ics.forth.gr/parthenos_vocabularies/Concept/7145,[],[],"[""skos:Concept""]",true,false negative
dh,oeai-parthenos,lsmatch-2026.tar.gz,[],[],"[""skos:Concept""]",https://vocabs.acdh.oeaw.ac.at/oeai-cultural-periods/concept23196,=,0.0,https://isl.ics.forth.gr/parthenos_vocabularies/Concept/7139,[],[],"[""skos:Concept""]",true,false negative
dh,oeai-parthenos,lsmatch-2026.tar.gz,[],[],"[""skos:Concept""]",https://vocabs.acdh.oeaw.ac.at/oeai-cultural-periods/concept23498,=,0.0,https://isl.ics.forth.gr/parthenos_vocabularies/Concept/7171,[],[],"[""skos:Concept""]",true,false negative
dh,oeai-parthenos,lsmatch-2026.tar.gz,[],[],"[""skos:Concept""]",https://vocabs.acdh.oeaw.ac.at/oeai-cultural-periods/concept23503,=,0.0,https://isl.ics.forth.gr/parthenos_vocabularies/Concept/7249,[],[],"[""skos:Concept""]",true,false negative
dh,defc-pactols,logmap-bio-2026.tar.gz,[],[],"[""skos:Concept""]",https://vocabs.acdh.oeaw.ac.at/defcthesaurus/pit/5.4,=,0.0,https://ark.frantiq.fr/ark:/26678/pcrtms2OAv82PY,[],[],"[""skos:Concept""]",true,false negative
dh,defc-pactols,logmap-bio-2026.tar.gz,[],[],"[""skos:Concept""]",https://vocabs.acdh.oeaw.ac.at/defcthesaurus/hearth/5.3,=,0.0,https://ark.frantiq.fr/ark:/26678/pcrtJUwAaZ7Nz9,[],[],"[""skos:Concept""]",true,false negative
dh,defc-pactols,logmap-bio-2026.tar.gz,[],[],"[""skos:Concept""]",https://vocabs.acdh.oeaw.ac.at/defcthesaurus/cairn/5.8,=,0.0,https://ark.frantiq.fr/ark:/26678/pcrtAqKgmvERHQ,[],[],"[""skos:Concept""]",true,false negative
dh,defc-pactols,logmap-bio-2026.tar.gz,[],[],"[""skos:Concept""]",https://vocabs.acdh.oeaw.ac.at/defcthesaurus/fireplace/5.1,=,0.0,https://ark.frantiq.fr/ark:/26678/pcrtJUwAaZ7Nz9,[],[],"[""skos:Concept""]",true,false negative
dh,defc-pactols,logmap-bio-2026.tar.gz,[],[],"[""skos:Concept""]",https://vocabs.acdh.oeaw.ac.at/defcthesaurus/pile_dwelling/5.4,=,0.0,https://ark.frantiq.fr/ark:/26678/pcrt5MQsnfNDTD,[],[],"[""skos:Concept""]",true,false negative
dh,defc-pactols,logmap-bio-2026.tar.gz,[],[],"[""skos:Concept""]",https://vocabs.acdh.oeaw.ac.at/defcthesaurus/waste_pit/5.20,=,0.0,https://ark.frantiq.fr/ark:/26678/pcrtp5Wcpmp9I3,[],[],"[""skos:Concept""]",true,false negative
dh,defc-pactols,logmap-bio-2026.tar.gz,[],[],"[""skos:Concept""]",https://vocabs.acdh.oeaw.ac.at/defcthesaurus/settlement_enclosure/4.073,=,0.0,https://ark.frantiq.fr/ark:/26678/pcrtKei7jxhn32,[],[],"[""skos:Concept""]",true,false negative
dh,defc-pactols,logmap-bio-2026.tar.gz,[],[],"[""skos:Concept""]",https://vocabs.acdh.oeaw.ac.at/defcthesaurus/cave/3.1,=,0.0,https://ark.frantiq.fr/ark:/26678/pcrtxKnfzXYMxK,[],[],"[""skos:Concept""]",true,false negative
dh,defc-pactols,logmap-bio-2026.tar.gz,[],[],"[""skos:Concept""]",https://vocabs.acdh.oeaw.ac.at/defcthesaurus/rock_shelter/3.2,=,0.0,https://ark.frantiq.fr/ark:/26678/pcrtkeLpJpVN4t,[],[],"[""skos:Concept""]",true,false negative
dh,defc-pactols,logmap-bio-2026.tar.gz,[],[],"[""skos:Concept""]",https://vocabs.acdh.oeaw.ac.at/defcthesaurus/tell/4.2,=,0.0,https://ark.frantiq.fr/ark:/26678/pcrtx4sFxmENjb,[],[],"[""skos:Concept""]",true,false negative
dh,idai-pactols,logmap-kg-2026.tar.gz,[],[],"[""skos:Concept""]",http://thesauri.dainst.org/_e303d28e,=,0.86,https://ark.frantiq.fr/ark:/26678/pcrt9gfvI45Kcj,[],[],"[""skos:Concept""]",false,false positive
dh,idai-pactols,logmap-kg-2026.tar.gz,[],[],"[""skos:Concept""]",http://thesauri.dainst.org/_2f0a0fae,=,1.0,https://ark.frantiq.fr/ark:/26678/pcrtQY3u48DUrQ,[],[],"[""skos:Concept""]",false,false positive
dh,idai-pactols,logmap-kg-2026.tar.gz,[],[],"[""skos:Concept""]",http://thesauri.dainst.org/_d67080ff,=,1.0,https://ark.frantiq.fr/ark:/26678/pcrtKei7jxhn32,[],[],"[""skos:Concept""]",false,false positive
dh,idai-pactols,logmap-kg-2026.tar.gz,[],[],"[""skos:Concept""]",http://thesauri.dainst.org/_31177e17,=,0.83,https://ark.frantiq.fr/ark:/26678/pcrtRIPguI6ugI,[],[],"[""skos:Concept""]",false,false positive
dh,idai-pactols,logmap-kg-2026.tar.gz,[],[],"[""skos:Concept""]",http://thesauri.dainst.org/_fef09303,=,0.8,https://ark.frantiq.fr/ark:/26678/pcrts62Z2hl4ux,[],[],"[""skos:Concept""]",false,false positive
dh,idai-pactols,logmap-kg-2026.tar.gz,[],[],"[""skos:Concept""]",http://thesauri.dainst.org/_c816fc0d,=,0.82,https://ark.frantiq.fr/ark:/26678/pcrtrMvNrtSOHs,[],[],"[""skos:Concept""]",false,false positive
dh,idai-pactols,logmap-kg-2026.tar.gz,[],[],"[""skos:Concept""]",http://thesauri.dainst.org/_c40b4a1d,=,0.0,https://ark.frantiq.fr/ark:/26678/pcrtrMvNrtSOHs,[],[],"[""skos:Concept""]",true,false negative
dh,idai-pactols,logmap-kg-2026.tar.gz,[],[],"[""skos:Concept""]",http://thesauri.dainst.org/_af2f2dad,=,0.97,https://ark.frantiq.fr/ark:/26678/pcrtVgXu5JJGUg,[],[],"[""skos:Concept""]",true,true positive
dh,idai-pactols,logmap-kg-2026.tar.gz,[],[],"[""skos:Concept""]",http://thesauri.dainst.org/_79da6a36,=,1.0,https://ark.frantiq.fr/ark:/26678/pcrt5MQsnfNDTD,[],[],"[""skos:Concept""]",false,false positive
dh,idai-pactols,logmap-kg-2026.tar.gz,[],[],"[""skos:Concept""]",http://thesauri.dainst.org/_4688b7a6,=,1.0,https://ark.frantiq.fr/ark:/26678/pcrtF9P4mbuyGk,[],[],"[""skos:Concept""]",true,true positive
dh,idai-pactols,logmap-kg-2026.tar.gz,[],[],"[""skos:Concept""]",http://thesauri.dainst.org/_fd86e2ca,=,1.0,https://ark.frantiq.fr/ark:/26678/pcrtNU9yWjKe6U,[],[],"[""skos:Concept""]",false,false positive
dh,idai-pactols,logmap-kg-2026.tar.gz,[],[],"[""skos:Concept""]",http://thesauri.dainst.org/_a9e10cab,=,0.97,https://ark.frantiq.fr/ark:/26678/pcrtp5Wcpmp9I3,[],[],"[""skos:Concept""]",true,true positive
dh,idai-pactols,logmap-kg-2026.tar.gz,[],[],"[""skos:Concept""]",http://thesauri.dainst.org/_61e75561,=,0.95,https://ark.frantiq.fr/ark:/26678/pcrtXOuO8FKGbe,[],[],"[""skos:Concept""]",false,false positive
dh,idai-pactols,logmap-kg-2026.tar.gz,[],[],"[""skos:Concept""]",http://thesauri.dainst.org/_d321ff61,=,0.98,https://ark.frantiq.fr/ark:/26678/pcrtgWbicZTgZe,[],[],"[""skos:Concept""]",true,true positive
dh,idai-pactols,logmap-kg-2026.tar.gz,[],[],"[""skos:Concept""]",http://thesauri.dainst.org/_87a30753,=,1.0,https://ark.frantiq.fr/ark:/26678/pcrtxKnfzXYMxK,[],[],"[""skos:Concept""]",false,false positive
dh,idai-pactols,logmap-kg-2026.tar.gz,[],[],"[""skos:Concept""]",http://thesauri.dainst.org/_e0531417,=,1.0,https://ark.frantiq.fr/ark:/26678/pcrtms2OAv82PY,[],[],"[""skos:Concept""]",false,false positive
dh,idai-pactols,logmap-kg-2026.tar.gz,[],[],"[""skos:Concept""]",http://thesauri.dainst.org/_7331ad90,=,1.0,https://ark.frantiq.fr/ark:/26678/pcrtSp0Bn88zX1,[],[],"[""skos:Concept""]",false,false positive
dh,idai-pactols,logmap-kg-2026.tar.gz,[],[],"[""skos:Concept""]",http://thesauri.dainst.org/_f09b41b4,=,0.0,https://ark.frantiq.fr/ark:/26678/pcrt0Krn6QJlhU,[],[],"[""skos:Concept""]",true,false negative
dh,idai-pactols,logmap-kg-2026.tar.gz,[],[],"[""skos:Concept""]",http://thesauri.dainst.org/_2c06eae5,=,0.0,https://ark.frantiq.fr/ark:/26678/pcrtJUwAaZ7Nz9,[],[],"[""skos:Concept""]",true,false negative
dh,idai-pactols,logmap-kg-2026.tar.gz,[],[],"[""skos:Concept""]",http://thesauri.dainst.org/_d3b9f438,=,1.0,https://ark.frantiq.fr/ark:/26678/pcrtKZYwYOkWlK,[],[],"[""skos:Concept""]",true,true positive
dh,idai-pactols,logmap-kg-2026.tar.gz,[],[],"[""skos:Concept""]",http://thesauri.dainst.org/_b02158bd,=,1.0,https://ark.frantiq.fr/ark:/26678/pcrtJUwAaZ7Nz9,[],[],"[""skos:Concept""]",true,true positive
dh,idai-pactols,logmap-kg-2026.tar.gz,[],[],"[""skos:Concept""]",http://thesauri.dainst.org/_68e1bd31,=,0.97,https://ark.frantiq.fr/ark:/26678/pcrt1FD59O4eTz,[],[],"[""skos:Concept""]",true,true positive
dh,idai-pactols,logmap-kg-2026.tar.gz,[],[],"[""skos:Concept""]",http://thesauri.dainst.org/_3b6ae39b,=,0.8,https://ark.frantiq.fr/ark:/26678/pcrtpZqoqAbrdg,[],[],"[""skos:Concept""]",false,false positive
dh,idai-pactols,logmap-kg-2026.tar.gz,[],[],"[""skos:Concept""]",http://thesauri.dainst.org/_695c8c3b,=,0.95,https://ark.frantiq.fr/ark:/26678/pcrteJiI6BxaFN,[],[],"[""skos:Concept""]",false,false positive
dh,idai-pactols,logmap-kg-2026.tar.gz,[],[],"[""skos:Concept""]",http://thesauri.dainst.org/_f1ef0050,=,0.81,https://ark.frantiq.fr/ark:/26678/pcrtD19Y1kxWR4,[],[],"[""skos:Concept""]",false,false positive
dh,idai-pactols,logmap-kg-2026.tar.gz,[],[],"[""skos:Concept""]",http://thesauri.dainst.org/_1adf0150,=,0.97,https://ark.frantiq.fr/ark:/26678/pcrtpbgzj4c0da,[],[],"[""skos:Concept""]",true,true positive
dh,idai-pactols,logmap-kg-2026.tar.gz,[],[],"[""skos:Concept""]",http://thesauri.dainst.org/_dafb0ad8,=,0.98,https://ark.frantiq.fr/ark:/26678/pcrtfOjLfceAZ0,[],[],"[""skos:Concept""]",true,true positive
dh,idai-pactols,logmap-kg-2026.tar.gz,[],[],"[""skos:Concept""]",http://thesauri.dainst.org/_49462e56,=,0.98,https://ark.frantiq.fr/ark:/26678/pcrtVmQTWhdSkJ,[],[],"[""skos:Concept""]",true,true positive
dh,idai-pactols,logmap-kg-2026.tar.gz,[],[],"[""skos:Concept""]",http://thesauri.dainst.org/_2bcdabeb,=,0.8,https://ark.frantiq.fr/ark:/26678/pcrt66PQUHwXaw,[],[],"[""skos:Concept""]",false,false positive
dh,idai-pactols,logmap-kg-2026.tar.gz,[],[],"[""skos:Concept""]",http://thesauri.dainst.org/_49517e78,=,0.96,https://ark.frantiq.fr/ark:/26678/pcrt36pke8yWxW,[],[],"[""skos:Concept""]",true,true positive
dh,idai-pactols,logmap-kg-2026.tar.gz,[],[],"[""skos:Concept""]",http://thesauri.dainst.org/_bd4d65a8,=,0.0,https://ark.frantiq.fr/ark:/26678/pcrtgWbicZTgZe,[],[],"[""skos:Concept""]",true,false negative
dh,idai-pactols,logmap-kg-2026.tar.gz,[],[],"[""skos:Concept""]",http://thesauri.dainst.org/_7020590d,=,1.0,https://ark.frantiq.fr/ark:/26678/pcrt9PJh9aTXv4,[],[],"[""skos:Concept""]",false,false positive
dh,idai-pactols,logmap-kg-2026.tar.gz,[],[],"[""skos:Concept""]",http://thesauri.dainst.org/_8dbb15bf,=,1.0,https://ark.frantiq.fr/ark:/26678/pcrtNU9yWjKe6U,[],[],"[""skos:Concept""]",false,false positive
dh,idai-pactols,logmap-kg-2026.tar.gz,[],[],[],http://thesauri.dainst.org/schema#memberOf,=,1.0,http://purl.org/umu/uneskos#memberOf,[],[],[],false,false positive
dh,idai-pactols,logmap-kg-2026.tar.gz,[],[],"[""skos:Concept""]",http://thesauri.dainst.org/_3ec72d64,=,0.96,https://ark.frantiq.fr/ark:/26678/pcrt7UXeYrS8Nb,[],[],"[""skos:Concept""]",true,true positive
dh,idai-pactols,logmap-kg-2026.tar.gz,[],[],"[""skos:Concept""]",http://thesauri.dainst.org/_8b38cf01,=,0.0,https://ark.frantiq.fr/ark:/26678/pcrt0Krn6QJlhU,[],[],"[""skos:Concept""]",true,false negative
dh,ironagedanube-pactols,lsmatch-2026.tar.gz,[],[],"[""skos:Concept""]",https://vocabs.acdh.oeaw.ac.at/iadthesaurus/scheme/concept341,=,0.0,https://ark.frantiq.fr/ark:/26678/pcrts62Z2hl4ux,[],[],"[""skos:Concept""]",true,false negative
dh,ironagedanube-pactols,lsmatch-2026.tar.gz,[],[],"[""skos:Concept""]",https://vocabs.acdh.oeaw.ac.at/iadthesaurus/scheme/concept336,=,0.0,https://ark.frantiq.fr/ark:/26678/pcrthcbe2XySTb,[],[],"[""skos:Concept""]",true,false negative
dh,ironagedanube-pactols,lsmatch-2026.tar.gz,[],[],"[""skos:Concept""]",https://vocabs.acdh.oeaw.ac.at/iadthesaurus/scheme/concept319,=,0.0,https://ark.frantiq.fr/ark:/26678/pcrtSu7E2Qh0Xv,[],[],"[""skos:Concept""]",true,false negative
dh,ironagedanube-pactols,lsmatch-2026.tar.gz,[],[],"[""skos:Concept""]",https://vocabs.acdh.oeaw.ac.at/iadthesaurus/scheme/concept387,=,0.0,https://ark.frantiq.fr/ark:/26678/pcrtxKnfzXYMxK,[],[],"[""skos:Concept""]",true,false negative
dh,ironagedanube-pactols,lsmatch-2026.tar.gz,"[""Concept""]",[],"[""owl:Class""]",http://www.w3.org/2004/02/skos/core#Concept,=,1.0,http://www.w3.org/2004/02/skos/core#Concept,"[""Concept""]",[],"[""owl:Class""]",false,false positive
dh,ironagedanube-pactols,lsmatch-2026.tar.gz,[],[],"[""skos:Concept""]",https://vocabs.acdh.oeaw.ac.at/iadthesaurus/scheme/concept338,=,0.0,https://ark.frantiq.fr/ark:/26678/pcrtF9P4mbuyGk,[],[],"[""skos:Concept""]",true,false negative
dh,idai-parthenos,matcha-2026.tar.gz,[],[],"[""skos:Concept""]",http://thesauri.dainst.org/_a41c44b3,=,0.9645982006931446,https://isl.ics.forth.gr/parthenos_vocabularies/Concept/7125,[],[],"[""skos:Concept""]",false,false positive
dh,idai-parthenos,matcha-2026.tar.gz,[],[],"[""skos:Concept""]",http://thesauri.dainst.org/_26bca4bc,=,0.8173770013806866,https://isl.ics.forth.gr/parthenos_vocabularies/Concept/7207,[],[],"[""skos:Concept""]",false,false positive
dh,idai-parthenos,matcha-2026.tar.gz,[],[],"[""skos:Concept""]",http://thesauri.dainst.org/_66c321be,=,0.7730979599027009,https://isl.ics.forth.gr/parthenos_vocabularies/Concept/7143,[],[],"[""skos:Concept""]",false,false positive
dh,idai-parthenos,matcha-2026.tar.gz,[],[],"[""skos:Concept""]",http://thesauri.dainst.org/_8f53616c,=,0.8932633961833253,https://isl.ics.forth.gr/parthenos_vocabularies/Concept/7226,[],[],"[""skos:Concept""]",false,false positive
dh,idai-parthenos,matcha-2026.tar.gz,[],[],"[""skos:Concept""]",http://thesauri.dainst.org/_00c6c6be,=,0.7581760700691625,https://isl.ics.forth.gr/parthenos_vocabularies/Concept/7156,[],[],"[""skos:Concept""]",false,false positive
dh,idai-parthenos,matcha-2026.tar.gz,[],[],"[""skos:Concept""]",http://thesauri.dainst.org/_feb4fbdf,=,0.7503697322033824,https://isl.ics.forth.gr/parthenos_vocabularies/Concept/7163,[],[],"[""skos:Concept""]",false,false positive
dh,idai-parthenos,matcha-2026.tar.gz,[],[],"[""skos:Concept""]",http://thesauri.dainst.org/_1d839342,=,0.0,https://isl.ics.forth.gr/parthenos_vocabularies/Concept/7094,[],[],"[""skos:Concept""]",true,false negative
dh,idai-parthenos,matcha-2026.tar.gz,[],[],"[""skos:Concept""]",http://thesauri.dainst.org/_58694b5f,=,0.8068011818322438,https://isl.ics.forth.gr/parthenos_vocabularies/Concept/7239,[],[],"[""skos:Concept""]",false,false positive
dh,idai-parthenos,matcha-2026.tar.gz,[],[],"[""skos:Concept""]",http://thesauri.dainst.org/_fcc3853f,=,0.0,https://isl.ics.forth.gr/parthenos_vocabularies/Concept/7116,[],[],"[""skos:Concept""]",true,false negative
dh,idai-parthenos,matcha-2026.tar.gz,[],[],"[""skos:Concept""]",http://thesauri.dainst.org/_6d528ffb,=,0.0,https://isl.ics.forth.gr/parthenos_vocabularies/Concept/7115,[],[],"[""skos:Concept""]",true,false negative
dh,idai-parthenos,matcha-2026.tar.gz,[],[],"[""skos:Concept""]",http://thesauri.dainst.org/_30ac6926,=,0.0,https://isl.ics.forth.gr/parthenos_vocabularies/Concept/7163,[],[],"[""skos:Concept""]",true,false negative
dh,idai-parthenos,matcha-2026.tar.gz,[],[],"[""skos:Concept""]",http://thesauri.dainst.org/_4d1bfe78,=,1.0,https://isl.ics.forth.gr/parthenos_vocabularies/Concept/7170,[],[],"[""skos:Concept""]",true,true positive
dh,idai-parthenos,matcha-2026.tar.gz,[],[],"[""skos:Concept""]",http://thesauri.dainst.org/_018b18d1,=,0.7995293303038155,https://isl.ics.forth.gr/parthenos_vocabularies/Concept/7266,[],[],"[""skos:Concept""]",true,true positive
dh,idai-parthenos,matcha-2026.tar.gz,[],[],"[""skos:Concept""]",http://thesauri.dainst.org/_ad752793,=,0.7542173417938162,https://isl.ics.forth.gr/parthenos_vocabularies/Concept/7196,[],[],"[""skos:Concept""]",false,false positive
dh,idai-parthenos,matcha-2026.tar.gz,[],[],"[""skos:Concept""]",http://thesauri.dainst.org/_2eaf48c6,=,0.0,https://isl.ics.forth.gr/parthenos_vocabularies/Concept/7112,[],[],"[""skos:Concept""]",true,false negative
dh,idai-parthenos,matcha-2026.tar.gz,[],[],"[""skos:Concept""]",http://thesauri.dainst.org/_2b089ca4,=,0.0,https://isl.ics.forth.gr/parthenos_vocabularies/Concept/7142,[],[],"[""skos:Concept""]",true,false negative
dh,idai-parthenos,matcha-2026.tar.gz,[],[],"[""skos:Concept""]",http://thesauri.dainst.org/_0530b8a9,=,1.0,https://isl.ics.forth.gr/parthenos_vocabularies/Concept/7179,[],[],"[""skos:Concept""]",true,true positive
dh,idai-parthenos,matcha-2026.tar.gz,[],[],"[""skos:Concept""]",http://thesauri.dainst.org/_ccc4d1d5,=,0.8390701577638117,https://isl.ics.forth.gr/parthenos_vocabularies/Concept/7238,[],[],"[""skos:Concept""]",false,false positive
dh,idai-parthenos,matcha-2026.tar.gz,[],[],"[""skos:Concept""]",http://thesauri.dainst.org/_08be1174,=,0.7636899207722854,https://isl.ics.forth.gr/parthenos_vocabularies/Concept/7098,[],[],"[""skos:Concept""]",false,false positive
dh,idai-parthenos,matcha-2026.tar.gz,[],[],"[""skos:Concept""]",http://thesauri.dainst.org/_6d528ffb,=,0.0,https://isl.ics.forth.gr/parthenos_vocabularies/Concept/7199,[],[],"[""skos:Concept""]",true,false negative
dh,idai-parthenos,matcha-2026.tar.gz,[],[],"[""skos:Concept""]",http://thesauri.dainst.org/_c2d1bd0c,=,0.8363914605333181,https://isl.ics.forth.gr/parthenos_vocabularies/Concept/7230,[],[],"[""skos:Concept""]",false,false positive
dh,idai-parthenos,matcha-2026.tar.gz,[],[],"[""skos:Concept""]",http://thesauri.dainst.org/_752978ae,=,0.8247805579507411,https://isl.ics.forth.gr/parthenos_vocabularies/Concept/7166,[],[],"[""skos:Concept""]",false,false positive
dh,idai-parthenos,matcha-2026.tar.gz,[],[],"[""skos:Concept""]",http://thesauri.dainst.org/_09106e2a,=,0.0,https://isl.ics.forth.gr/parthenos_vocabularies/Concept/7135,[],[],"[""skos:Concept""]",true,false negative
dh,idai-parthenos,matcha-2026.tar.gz,[],[],"[""skos:Concept""]",http://thesauri.dainst.org/_344a3ee9,=,0.9083363880928306,https://isl.ics.forth.gr/parthenos_vocabularies/Concept/7208,[],[],"[""skos:Concept""]",false,false positive
dh,idai-parthenos,matcha-2026.tar.gz,[],[],"[""skos:Concept""]",http://thesauri.dainst.org/_63048639,=,0.8453906715788313,https://isl.ics.forth.gr/parthenos_vocabularies/Concept/7274,[],[],"[""skos:Concept""]",false,false positive
dh,idai-parthenos,matcha-2026.tar.gz,[],[],"[""skos:Concept""]",http://thesauri.dainst.org/_3bff2fb5,=,0.8854550611977267,https://isl.ics.forth.gr/parthenos_vocabularies/Concept/7247,[],[],"[""skos:Concept""]",true,true positive
dh,idai-parthenos,matcha-2026.tar.gz,[],[],"[""skos:Concept""]",http://thesauri.dainst.org/_cc22e013,=,0.9866883650184881,https://isl.ics.forth.gr/parthenos_vocabularies/Concept/7216,[],[],"[""skos:Concept""]",true,true positive
dh,idai-parthenos,matcha-2026.tar.gz,[],[],"[""skos:Concept""]",http://thesauri.dainst.org/_6a167951,=,0.0,https://isl.ics.forth.gr/parthenos_vocabularies/Concept/7242,[],[],"[""skos:Concept""]",true,false negative
dh,idai-parthenos,matcha-2026.tar.gz,[],[],"[""skos:Concept""]",http://thesauri.dainst.org/_756633c7,=,0.8607585762924184,https://isl.ics.forth.gr/parthenos_vocabularies/Concept/7189,[],[],"[""skos:Concept""]",false,false positive
dh,idai-parthenos,matcha-2026.tar.gz,[],[],"[""skos:Concept""]",http://thesauri.dainst.org/_2b089ca4,=,0.0,https://isl.ics.forth.gr/parthenos_vocabularies/Concept/7223,[],[],"[""skos:Concept""]",true,false negative
dh,idai-parthenos,matcha-2026.tar.gz,[],[],"[""skos:Concept""]",http://thesauri.dainst.org/_ccc4d1d5,=,0.0,https://isl.ics.forth.gr/parthenos_vocabularies/Concept/7240,[],[],"[""skos:Concept""]",true,false negative
dh,idai-parthenos,matcha-2026.tar.gz,[],[],"[""skos:Concept""]",http://thesauri.dainst.org/_db88afb6,=,0.8258179755535482,https://isl.ics.forth.gr/parthenos_vocabularies/Concept/7172,[],[],"[""skos:Concept""]",false,false positive
dh,idai-parthenos,matcha-2026.tar.gz,[],[],"[""skos:Concept""]",http://thesauri.dainst.org/_fcc3853f,=,0.0,https://isl.ics.forth.gr/parthenos_vocabularies/Concept/7152,[],[],"[""skos:Concept""]",true,false negative
dh,idai-parthenos,matcha-2026.tar.gz,[],[],"[""skos:Concept""]",http://thesauri.dainst.org/_a4c97475,=,0.9586177773028647,https://isl.ics.forth.gr/parthenos_vocabularies/Concept/7243,[],[],"[""skos:Concept""]",true,true positive
dh,idai-parthenos,matcha-2026.tar.gz,[],[],"[""skos:Concept""]",http://thesauri.dainst.org/_c332e252,=,0.0,https://isl.ics.forth.gr/parthenos_vocabularies/Concept/7213,[],[],"[""skos:Concept""]",true,false negative
dh,idai-parthenos,matcha-2026.tar.gz,[],[],"[""skos:Concept""]",http://thesauri.dainst.org/_fe470a76,=,0.8982151223905716,https://isl.ics.forth.gr/parthenos_vocabularies/Concept/7194,[],[],"[""skos:Concept""]",true,true positive
dh,idai-parthenos,matcha-2026.tar.gz,[],[],"[""skos:Concept""]",http://thesauri.dainst.org/_a671d80c,=,0.0,https://isl.ics.forth.gr/parthenos_vocabularies/Concept/7146,[],[],"[""skos:Concept""]",true,false negative
dh,idai-parthenos,matcha-2026.tar.gz,[],[],"[""skos:Concept""]",http://thesauri.dainst.org/_b9892df7,=,0.0,https://isl.ics.forth.gr/parthenos_vocabularies/Concept/7243,[],[],"[""skos:Concept""]",true,false negative
dh,idai-parthenos,matcha-2026.tar.gz,[],[],"[""skos:Concept""]",http://thesauri.dainst.org/_0117de29,=,0.0,https://isl.ics.forth.gr/parthenos_vocabularies/Concept/7263,[],[],"[""skos:Concept""]",true,false negative
dh,idai-parthenos,matcha-2026.tar.gz,[],[],"[""skos:Concept""]",http://thesauri.dainst.org/_64e2871b,=,0.0,https://isl.ics.forth.gr/parthenos_vocabularies/Concept/7172,[],[],"[""skos:Concept""]",true,false negative
dh,idai-parthenos,matcha-2026.tar.gz,[],[],"[""skos:Concept""]",http://thesauri.dainst.org/_1591f7f8,=,0.7758644450383511,https://isl.ics.forth.gr/parthenos_vocabularies/Concept/7222,[],[],"[""skos:Concept""]",true,true positive
dh,idai-parthenos,matcha-2026.tar.gz,[],[],"[""skos:Concept""]",http://thesauri.dainst.org/_0117de29,=,0.9603384855606235,https://isl.ics.forth.gr/parthenos_vocabularies/Concept/7192,[],[],"[""skos:Concept""]",true,true positive
dh,idai-parthenos,matcha-2026.tar.gz,[],[],"[""skos:Concept""]",http://thesauri.dainst.org/_5e82af1a,=,0.7698685493001475,https://isl.ics.forth.gr/parthenos_vocabularies/Concept/7089,[],[],"[""skos:Concept""]",false,false positive
dh,idai-parthenos,matcha-2026.tar.gz,[],[],"[""skos:Concept""]",http://thesauri.dainst.org/_3fcae76d,=,0.7563969760022035,https://isl.ics.forth.gr/parthenos_vocabularies/Concept/7104,[],[],"[""skos:Concept""]",false,false positive
dh,idai-parthenos,matcha-2026.tar.gz,[],[],"[""skos:Concept""]",http://thesauri.dainst.org/_4d1096fb,=,1.0,https://isl.ics.forth.gr/parthenos_vocabularies/Concept/7136,[],[],"[""skos:Concept""]",true,true positive
dh,idai-parthenos,matcha-2026.tar.gz,[],[],"[""skos:Concept""]",http://thesauri.dainst.org/_711f44b8,=,0.9538947795519239,https://isl.ics.forth.gr/parthenos_vocabularies/Concept/7140,[],[],"[""skos:Concept""]",false,false positive
dh,idai-parthenos,matcha-2026.tar.gz,[],[],"[""skos:Concept""]",http://thesauri.dainst.org/_1b23b7aa,=,0.8547739999415284,https://isl.ics.forth.gr/parthenos_vocabularies/Concept/7116,[],[],"[""skos:Concept""]",false,false positive
dh,idai-parthenos,matcha-2026.tar.gz,[],[],"[""skos:Concept""]",http://thesauri.dainst.org/_1f524e33,=,0.0,https://isl.ics.forth.gr/parthenos_vocabularies/Concept/7114,[],[],"[""skos:Concept""]",true,false negative
dh,idai-parthenos,matcha-2026.tar.gz,[],[],"[""skos:Concept""]",http://thesauri.dainst.org/_4b0d451a,=,0.999999998858759,https://isl.ics.forth.gr/parthenos_vocabularies/Concept/7107,[],[],"[""skos:Concept""]",true,true positive
dh,idai-parthenos,matcha-2026.tar.gz,[],[],"[""skos:Concept""]",http://thesauri.dainst.org/_8580e715,=,0.8373142623556905,https://isl.ics.forth.gr/parthenos_vocabularies/Concept/7145,[],[],"[""skos:Concept""]",false,false positive
dh,idai-parthenos,matcha-2026.tar.gz,[],[],"[""skos:Concept""]",http://thesauri.dainst.org/_363f4300,=,0.7597575153830287,https://isl.ics.forth.gr/parthenos_vocabularies/Concept/7212,[],[],"[""skos:Concept""]",false,false positive
dh,idai-parthenos,matcha-2026.tar.gz,[],[],"[""skos:Concept""]",http://thesauri.dainst.org/_697dc279,=,0.8438114864852704,https://isl.ics.forth.gr/parthenos_vocabularies/Concept/7118,[],[],"[""skos:Concept""]",true,true positive
dh,idai-parthenos,matcha-2026.tar.gz,[],[],"[""skos:Concept""]",http://thesauri.dainst.org/_cc383c1d,=,0.8575411008222458,https://isl.ics.forth.gr/parthenos_vocabularies/Concept/7236,[],[],"[""skos:Concept""]",false,false positive
dh,idai-parthenos,matcha-2026.tar.gz,[],[],"[""skos:Concept""]",http://thesauri.dainst.org/_fb4481a0,=,0.7580256104756177,https://isl.ics.forth.gr/parthenos_vocabularies/Concept/7276,[],[],"[""skos:Concept""]",false,false positive
dh,idai-parthenos,matcha-2026.tar.gz,[],[],"[""skos:Concept""]",http://thesauri.dainst.org/_a0be179c,=,0.999999998858759,https://isl.ics.forth.gr/parthenos_vocabularies/Concept/7107,[],[],"[""skos:Concept""]",true,true positive
dh,idai-parthenos,matcha-2026.tar.gz,[],[],"[""skos:Concept""]",http://thesauri.dainst.org/_6d2cb9ed,=,0.7676744381393834,https://isl.ics.forth.gr/parthenos_vocabularies/Concept/7160,[],[],"[""skos:Concept""]",false,false positive
dh,idai-parthenos,matcha-2026.tar.gz,[],[],"[""skos:Concept""]",http://thesauri.dainst.org/_0117de29,=,0.0,https://isl.ics.forth.gr/parthenos_vocabularies/Concept/7111,[],[],"[""skos:Concept""]",true,false negative
dh,idai-parthenos,matcha-2026.tar.gz,[],[],"[""skos:Concept""]",http://thesauri.dainst.org/_afbdde2e,=,0.0,https://isl.ics.forth.gr/parthenos_vocabularies/Concept/7226,[],[],"[""skos:Concept""]",true,false negative
dh,idai-parthenos,matcha-2026.tar.gz,[],[],"[""skos:Concept""]",http://thesauri.dainst.org/_fa319636,=,0.7641185297111306,https://isl.ics.forth.gr/parthenos_vocabularies/Concept/7183,[],[],"[""skos:Concept""]",false,false positive
dh,idai-parthenos,matcha-2026.tar.gz,[],[],"[""skos:Concept""]",http://thesauri.dainst.org/_e4e31039,=,0.874795693579828,https://isl.ics.forth.gr/parthenos_vocabularies/Concept/7185,[],[],"[""skos:Concept""]",false,false positive
dh,idai-parthenos,matcha-2026.tar.gz,[],[],"[""skos:Concept""]",http://thesauri.dainst.org/_b34a7579,=,0.8698437433817119,https://isl.ics.forth.gr/parthenos_vocabularies/Concept/7115,[],[],"[""skos:Concept""]",false,false positive
dh,idai-parthenos,matcha-2026.tar.gz,[],[],"[""skos:Concept""]",http://thesauri.dainst.org/_b9fce3db,=,0.79443136466467,https://isl.ics.forth.gr/parthenos_vocabularies/Concept/7103,[],[],"[""skos:Concept""]",false,false positive
dh,idai-parthenos,matcha-2026.tar.gz,[],[],"[""skos:Concept""]",http://thesauri.dainst.org/_8bca4bf1,=,1.0,https://isl.ics.forth.gr/parthenos_vocabularies/Concept/7219,[],[],"[""skos:Concept""]",true,true positive
dh,idai-parthenos,matcha-2026.tar.gz,[],[],"[""skos:Concept""]",http://thesauri.dainst.org/_ed0828c5,=,0.0,https://isl.ics.forth.gr/parthenos_vocabularies/Concept/7249,[],[],"[""skos:Concept""]",true,false negative
dh,idai-parthenos,matcha-2026.tar.gz,[],[],"[""skos:Concept""]",http://thesauri.dainst.org/_0aa1995c,=,0.8641560835898324,https://isl.ics.forth.gr/parthenos_vocabularies/Concept/7147,[],[],"[""skos:Concept""]",true,true positive
dh,idai-parthenos,matcha-2026.tar.gz,[],[],"[""skos:Concept""]",http://thesauri.dainst.org/_1de3178a,=,0.8458967703188923,https://isl.ics.forth.gr/parthenos_vocabularies/Concept/7269,[],[],"[""skos:Concept""]",false,false positive
dh,idai-parthenos,matcha-2026.tar.gz,[],[],"[""skos:Concept""]",http://thesauri.dainst.org/_04a1d2f4,=,0.804284470619164,https://isl.ics.forth.gr/parthenos_vocabularies/Concept/7154,[],[],"[""skos:Concept""]",false,false positive
dh,idai-parthenos,matcha-2026.tar.gz,[],[],"[""skos:Concept""]",http://thesauri.dainst.org/_59a790d9,=,0.9870896988806213,https://isl.ics.forth.gr/parthenos_vocabularies/Concept/7267,[],[],"[""skos:Concept""]",true,true positive
dh,idai-parthenos,matcha-2026.tar.gz,[],[],"[""skos:Concept""]",http://thesauri.dainst.org/_2fad7185,=,0.7824791403810623,https://isl.ics.forth.gr/parthenos_vocabularies/Concept/7211,[],[],"[""skos:Concept""]",false,false positive
dh,idai-parthenos,matcha-2026.tar.gz,[],[],"[""skos:Concept""]",http://thesauri.dainst.org/_a4276388,=,0.0,https://isl.ics.forth.gr/parthenos_vocabularies/Concept/7171,[],[],"[""skos:Concept""]",true,false negative
dh,idai-parthenos,matcha-2026.tar.gz,[],[],"[""skos:Concept""]",http://thesauri.dainst.org/_acc90782,=,0.0,https://isl.ics.forth.gr/parthenos_vocabularies/Concept/7137,[],[],"[""skos:Concept""]",true,false negative
dh,idai-parthenos,matcha-2026.tar.gz,[],[],"[""skos:Concept""]",http://thesauri.dainst.org/_dac3529c,=,0.920613212615193,https://isl.ics.forth.gr/parthenos_vocabularies/Concept/7184,[],[],"[""skos:Concept""]",true,true positive
dh,idai-parthenos,matcha-2026.tar.gz,[],[],"[""skos:Concept""]",http://thesauri.dainst.org/_eef15fc7,=,0.9214033885719999,https://isl.ics.forth.gr/parthenos_vocabularies/Concept/7233,[],[],"[""skos:Concept""]",false,false positive
dh,idai-parthenos,matcha-2026.tar.gz,[],[],"[""skos:Concept""]",http://thesauri.dainst.org/_5d1ac0ba,=,0.9999999990485604,https://isl.ics.forth.gr/parthenos_vocabularies/Concept/7165,[],[],"[""skos:Concept""]",true,true positive
dh,idai-parthenos,matcha-2026.tar.gz,[],[],"[""skos:Concept""]",http://thesauri.dainst.org/_b9892df7,=,0.8063150241337174,https://isl.ics.forth.gr/parthenos_vocabularies/Concept/7261,[],[],"[""skos:Concept""]",false,false positive
dh,idai-parthenos,matcha-2026.tar.gz,[],[],"[""skos:Concept""]",http://thesauri.dainst.org/_95e9c3a6,=,0.7573477671089797,https://isl.ics.forth.gr/parthenos_vocabularies/Concept/7229,[],[],"[""skos:Concept""]",false,false positive
dh,idai-parthenos,matcha-2026.tar.gz,[],[],"[""skos:Concept""]",http://thesauri.dainst.org/_543e4883,=,0.8764895982870127,https://isl.ics.forth.gr/parthenos_vocabularies/Concept/7197,[],[],"[""skos:Concept""]",false,false positive
dh,idai-parthenos,matcha-2026.tar.gz,[],[],"[""skos:Concept""]",http://thesauri.dainst.org/_aa1ebf15,=,0.8582278007751097,https://isl.ics.forth.gr/parthenos_vocabularies/Concept/7224,[],[],"[""skos:Concept""]",false,false positive
dh,idai-parthenos,matcha-2026.tar.gz,[],[],"[""skos:Concept""]",http://thesauri.dainst.org/_eee85fa3,=,0.0,https://isl.ics.forth.gr/parthenos_vocabularies/Concept/7201,[],[],"[""skos:Concept""]",true,false negative
dh,idai-parthenos,matcha-2026.tar.gz,[],[],"[""skos:Concept""]",http://thesauri.dainst.org/_6a167951,=,0.8797835650139378,https://isl.ics.forth.gr/parthenos_vocabularies/Concept/7094,[],[],"[""skos:Concept""]",false,false positive
dh,idai-parthenos,matcha-2026.tar.gz,[],[],"[""skos:Concept""]",http://thesauri.dainst.org/_cadb286c,=,1.0,https://isl.ics.forth.gr/parthenos_vocabularies/Concept/7162,[],[],"[""skos:Concept""]",true,true positive
dh,idai-parthenos,matcha-2026.tar.gz,[],[],"[""skos:Concept""]",http://thesauri.dainst.org/_c26d8599,=,0.0,https://isl.ics.forth.gr/parthenos_vocabularies/Concept/7246,[],[],"[""skos:Concept""]",true,false negative
dh,idai-parthenos,matcha-2026.tar.gz,[],[],"[""skos:Concept""]",http://thesauri.dainst.org/_8bb3692d,=,0.8858706066656397,https://isl.ics.forth.gr/parthenos_vocabularies/Concept/7221,[],[],"[""skos:Concept""]",true,true positive
dh,idai-parthenos,matcha-2026.tar.gz,[],[],"[""skos:Concept""]",http://thesauri.dainst.org/_624ef706,=,0.8507403339092956,https://isl.ics.forth.gr/parthenos_vocabularies/Concept/7201,[],[],"[""skos:Concept""]",false,false positive
dh,idai-parthenos,matcha-2026.tar.gz,[],[],"[""skos:Concept""]",http://thesauri.dainst.org/_8764115d,=,0.8076271130682972,https://isl.ics.forth.gr/parthenos_vocabularies/Concept/7205,[],[],"[""skos:Concept""]",false,false positive
dh,idai-parthenos,matcha-2026.tar.gz,[],[],"[""skos:Concept""]",http://thesauri.dainst.org/_159e5ee6,=,0.7597834531399723,https://isl.ics.forth.gr/parthenos_vocabularies/Concept/7259,[],[],"[""skos:Concept""]",false,false positive
dh,idai-parthenos,matcha-2026.tar.gz,[],[],"[""skos:Concept""]",http://thesauri.dainst.org/_309adfca,=,0.8962366474385377,https://isl.ics.forth.gr/parthenos_vocabularies/Concept/7237,[],[],"[""skos:Concept""]",false,false positive
dh,idai-parthenos,matcha-2026.tar.gz,[],[],"[""skos:Concept""]",http://thesauri.dainst.org/_c1210d5a,=,0.0,https://isl.ics.forth.gr/parthenos_vocabularies/Concept/7161,[],[],"[""skos:Concept""]",true,false negative
dh,idai-parthenos,matcha-2026.tar.gz,[],[],"[""skos:Concept""]",http://thesauri.dainst.org/_0bbbd3c7,=,0.8252219745002187,https://isl.ics.forth.gr/parthenos_vocabularies/Concept/7099,[],[],"[""skos:Concept""]",true,true positive
dh,idai-parthenos,matcha-2026.tar.gz,[],[],"[""skos:Concept""]",http://thesauri.dainst.org/_29137d7d,=,0.7561078778479041,https://isl.ics.forth.gr/parthenos_vocabularies/Concept/7161,[],[],"[""skos:Concept""]",false,false positive
dh,idai-parthenos,matcha-2026.tar.gz,[],[],"[""skos:Concept""]",http://thesauri.dainst.org/_2b089ca4,=,1.0,https://isl.ics.forth.gr/parthenos_vocabularies/Concept/7214,[],[],"[""skos:Concept""]",true,true positive
dh,idai-parthenos,matcha-2026.tar.gz,[],[],"[""skos:Concept""]",http://thesauri.dainst.org/_0c62a372,=,0.816349161721108,https://isl.ics.forth.gr/parthenos_vocabularies/Concept/7144,[],[],"[""skos:Concept""]",false,false positive
dh,idai-parthenos,matcha-2026.tar.gz,[],[],"[""skos:Concept""]",http://thesauri.dainst.org/_aa025995,=,0.8670766867264638,https://isl.ics.forth.gr/parthenos_vocabularies/Concept/7191,[],[],"[""skos:Concept""]",false,false positive
dh,idai-parthenos,matcha-2026.tar.gz,[],[],"[""skos:Concept""]",http://thesauri.dainst.org/_2e5fdad9,=,0.0,https://isl.ics.forth.gr/parthenos_vocabularies/Concept/7238,[],[],"[""skos:Concept""]",true,false negative
dh,idai-parthenos,matcha-2026.tar.gz,[],[],"[""skos:Concept""]",http://thesauri.dainst.org/_01d26da1,=,0.8994267972809105,https://isl.ics.forth.gr/parthenos_vocabularies/Concept/7188,[],[],"[""skos:Concept""]",false,false positive
dh,idai-parthenos,matcha-2026.tar.gz,[],[],"[""skos:Concept""]",http://thesauri.dainst.org/_4184afc2,=,0.9999999984096817,https://isl.ics.forth.gr/parthenos_vocabularies/Concept/7164,[],[],"[""skos:Concept""]",true,true positive
dh,idai-parthenos,matcha-2026.tar.gz,[],[],"[""skos:Concept""]",http://thesauri.dainst.org/_3daffa4b,=,0.8660819051390041,https://isl.ics.forth.gr/parthenos_vocabularies/Concept/7190,[],[],"[""skos:Concept""]",true,true positive
dh,idai-parthenos,matcha-2026.tar.gz,[],[],"[""skos:Concept""]",http://thesauri.dainst.org/_b34a7579,=,0.0,https://isl.ics.forth.gr/parthenos_vocabularies/Concept/7154,[],[],"[""skos:Concept""]",true,false negative
dh,dha-unesco,matcha-2026.tar.gz,[],[],"[""skos:Concept""]",https://vocabs.acdh.oeaw.ac.at/dhataxonomy/Concept34,=,0.0,http://vocabularies.unesco.org/thesaurus/concept3354,[],[],"[""skos:Concept""]",true,false negative
dh,dha-unesco,matcha-2026.tar.gz,[],[],"[""skos:Concept""]",https://vocabs.acdh.oeaw.ac.at/dhataxonomy/Concept67,=,0.7370352000000001,http://vocabularies.unesco.org/thesaurus/concept6744,[],[],"[""skos:Concept""]",false,false positive
dh,dha-unesco,matcha-2026.tar.gz,[],[],"[""skos:Concept""]",https://vocabs.acdh.oeaw.ac.at/dhataxonomy/Concept31,=,0.7370352000000001,http://vocabularies.unesco.org/thesaurus/concept3172,[],[],"[""skos:Concept""]",false,false positive
dh,dha-unesco,matcha-2026.tar.gz,[],[],"[""skos:Concept""]",https://vocabs.acdh.oeaw.ac.at/dhataxonomy/Concept59,=,0.7370352000000001,http://vocabularies.unesco.org/thesaurus/concept5937,[],[],"[""skos:Concept""]",false,false positive
dh,dha-unesco,matcha-2026.tar.gz,[],[],"[""skos:Concept""]",https://vocabs.acdh.oeaw.ac.at/dhataxonomy/Concept12,=,0.7370352000000001,http://vocabularies.unesco.org/thesaurus/concept1247,[],[],"[""skos:Concept""]",false,false positive
dh,dha-unesco,matcha-2026.tar.gz,[],[],"[""skos:Concept""]",https://vocabs.acdh.oeaw.ac.at/dhataxonomy/Concept9,=,0.7097987368421053,http://vocabularies.unesco.org/thesaurus/concept9259,[],[],"[""skos:Concept""]",false,false positive
dh,dha-unesco,matcha-2026.tar.gz,[],[],"[""skos:Concept""]",https://vocabs.acdh.oeaw.ac.at/dhataxonomy/Concept58,=,0.7370352000000001,http://vocabularies.unesco.org/thesaurus/concept5828,[],[],"[""skos:Concept""]",false,false positive
dh,dha-unesco,matcha-2026.tar.gz,[],[],"[""skos:Concept""]",https://vocabs.acdh.oeaw.ac.at/dhataxonomy/Concept48,=,0.7593195789473685,http://vocabularies.unesco.org/thesaurus/concept489,[],[],"[""skos:Concept""]",false,false positive
dh,dha-unesco,matcha-2026.tar.gz,[],[],"[""skos:Concept""]",https://vocabs.acdh.oeaw.ac.at/dhataxonomy/Concept30,=,0.7370352000000001,http://vocabularies.unesco.org/thesaurus/concept3049,[],[],"[""skos:Concept""]",false,false positive
dh,dha-unesco,matcha-2026.tar.gz,[],[],"[""skos:Concept""]",https://vocabs.acdh.oeaw.ac.at/dhataxonomy/Concept55,=,0.7370352000000001,http://vocabularies.unesco.org/thesaurus/concept5533,[],[],"[""skos:Concept""]",false,false positive
dh,dha-unesco,matcha-2026.tar.gz,[],[],"[""skos:Concept""]",https://vocabs.acdh.oeaw.ac.at/dhataxonomy/Concept42,=,0.7370352000000001,http://vocabularies.unesco.org/thesaurus/concept4216,[],[],"[""skos:Concept""]",false,false positive
dh,dha-unesco,matcha-2026.tar.gz,[],[],"[""skos:Concept""]",https://vocabs.acdh.oeaw.ac.at/dhataxonomy/Concept71,=,0.7370352000000001,http://vocabularies.unesco.org/thesaurus/concept7193,[],[],"[""skos:Concept""]",false,false positive
dh,dha-unesco,matcha-2026.tar.gz,[],[],"[""skos:Concept""]",https://vocabs.acdh.oeaw.ac.at/dhataxonomy/Concept2,=,0.7097987368421053,http://vocabularies.unesco.org/thesaurus/concept2806,[],[],"[""skos:Concept""]",false,false positive
dh,dha-unesco,matcha-2026.tar.gz,[],[],"[""skos:Concept""]",https://vocabs.acdh.oeaw.ac.at/dhataxonomy/Concept14,=,0.6579435335149864,http://vocabularies.unesco.org/thesaurus/concept1543,[],[],"[""skos:Concept""]",false,false positive
dh,dha-unesco,matcha-2026.tar.gz,[],[],"[""skos:Concept""]",https://vocabs.acdh.oeaw.ac.at/dhataxonomy/Concept64,=,0.6579435335149864,http://vocabularies.unesco.org/thesaurus/concept6083,[],[],"[""skos:Concept""]",false,false positive
dh,dha-unesco,matcha-2026.tar.gz,[],[],"[""skos:Concept""]",https://vocabs.acdh.oeaw.ac.at/dhataxonomy/Concept61,=,0.0,http://vocabularies.unesco.org/thesaurus/concept17094,[],[],"[""skos:Concept""]",true,false negative
dh,dha-unesco,matcha-2026.tar.gz,[],[],"[""skos:Concept""]",https://vocabs.acdh.oeaw.ac.at/dhataxonomy/Concept19,=,0.7370352000000001,http://vocabularies.unesco.org/thesaurus/concept1985,[],[],"[""skos:Concept""]",false,false positive
dh,dha-unesco,matcha-2026.tar.gz,[],[],"[""skos:Concept""]",https://vocabs.acdh.oeaw.ac.at/dhataxonomy/Concept70,=,0.7370352000000001,http://vocabularies.unesco.org/thesaurus/concept7094,[],[],"[""skos:Concept""]",false,false positive
dh,dha-unesco,matcha-2026.tar.gz,[],[],"[""skos:Concept""]",https://vocabs.acdh.oeaw.ac.at/dhataxonomy/Concept56,=,0.7370352000000001,http://vocabularies.unesco.org/thesaurus/concept5673,[],[],"[""skos:Concept""]",false,false positive
dh,dha-unesco,matcha-2026.tar.gz,[],[],"[""skos:Concept""]",https://vocabs.acdh.oeaw.ac.at/dhataxonomy/Concept60,=,0.8459999999999999,http://vocabularies.unesco.org/thesaurus/concept17127,[],[],"[""skos:Concept""]",true,true positive
dh,dha-unesco,matcha-2026.tar.gz,[],[],"[""skos:Concept""]",https://vocabs.acdh.oeaw.ac.at/dhataxonomy/Concept25,=,0.6579435335149864,http://vocabularies.unesco.org/thesaurus/concept2752,[],[],"[""skos:Concept""]",false,false positive
dh,dha-unesco,matcha-2026.tar.gz,[],[],"[""skos:Concept""]",https://vocabs.acdh.oeaw.ac.at/dhataxonomy/Concept29,=,0.7370352000000001,http://vocabularies.unesco.org/thesaurus/concept2969,[],[],"[""skos:Concept""]",false,false positive
dh,dha-unesco,matcha-2026.tar.gz,[],[],"[""skos:Concept""]",https://vocabs.acdh.oeaw.ac.at/dhataxonomy/Concept1,=,0.7097987368421053,http://vocabularies.unesco.org/thesaurus/concept1548,[],[],"[""skos:Concept""]",false,false positive
dh,dha-unesco,matcha-2026.tar.gz,[],[],"[""skos:Concept""]",https://vocabs.acdh.oeaw.ac.at/dhataxonomy/Concept40,=,0.6854484262830991,http://vocabularies.unesco.org/thesaurus/concept452,[],[],"[""skos:Concept""]",false,false positive
dh,dha-unesco,matcha-2026.tar.gz,[],[],"[""skos:Concept""]",https://vocabs.acdh.oeaw.ac.at/dhataxonomy/Concept69,=,0.7370352000000001,http://vocabularies.unesco.org/thesaurus/concept6973,[],[],"[""skos:Concept""]",false,false positive
dh,dha-unesco,matcha-2026.tar.gz,[],[],"[""skos:Concept""]",https://vocabs.acdh.oeaw.ac.at/dhataxonomy/Concept11,=,0.7370352000000001,http://vocabularies.unesco.org/thesaurus/concept1147,[],[],"[""skos:Concept""]",false,false positive
dh,dha-unesco,matcha-2026.tar.gz,[],[],"[""skos:Concept""]",https://vocabs.acdh.oeaw.ac.at/dhataxonomy/Concept18,=,0.6579435335149864,http://vocabularies.unesco.org/thesaurus/concept1549,[],[],"[""skos:Concept""]",false,false positive
dh,dha-unesco,matcha-2026.tar.gz,[],[],"[""skos:Concept""]",https://vocabs.acdh.oeaw.ac.at/dhataxonomy/Concept44,=,0.7370352000000001,http://vocabularies.unesco.org/thesaurus/concept4455,[],[],"[""skos:Concept""]",false,false positive
dh,dha-unesco,matcha-2026.tar.gz,[],[],"[""skos:Concept""]",https://vocabs.acdh.oeaw.ac.at/dhataxonomy/Concept32,=,0.7370352000000001,http://vocabularies.unesco.org/thesaurus/concept3268,[],[],"[""skos:Concept""]",false,false positive
dh,dha-unesco,matcha-2026.tar.gz,[],[],"[""skos:Concept""]",https://vocabs.acdh.oeaw.ac.at/dhataxonomy/Concept5,=,0.731808,http://vocabularies.unesco.org/thesaurus/concept504,[],[],"[""skos:Concept""]",false,false positive
dh,dha-unesco,matcha-2026.tar.gz,[],[],"[""skos:Concept""]",https://vocabs.acdh.oeaw.ac.at/dhataxonomy/Concept28,=,0.7370352000000001,http://vocabularies.unesco.org/thesaurus/concept2803,[],[],"[""skos:Concept""]",false,false positive
dh,dha-unesco,matcha-2026.tar.gz,[],[],"[""skos:Concept""]",https://vocabs.acdh.oeaw.ac.at/dhataxonomy/Concept51.01,=,0.6683229090909091,http://vocabularies.unesco.org/thesaurus/concept11605,[],[],"[""skos:Concept""]",true,true positive
dh,dha-unesco,matcha-2026.tar.gz,[],[],"[""skos:Concept""]",https://vocabs.acdh.oeaw.ac.at/dhataxonomy/Concept68,=,0.6641418577405858,http://vocabularies.unesco.org/thesaurus/concept7411,[],[],"[""skos:Concept""]",true,true positive
dh,dha-unesco,matcha-2026.tar.gz,[],[],"[""skos:Concept""]",https://vocabs.acdh.oeaw.ac.at/dhataxonomy/Concept8,=,0.7097987368421053,http://vocabularies.unesco.org/thesaurus/concept8357,[],[],"[""skos:Concept""]",false,false positive
dh,dha-unesco,matcha-2026.tar.gz,[],[],"[""skos:Concept""]",https://vocabs.acdh.oeaw.ac.at/dhataxonomy/Concept73,=,0.7370352000000001,http://vocabularies.unesco.org/thesaurus/concept7399,[],[],"[""skos:Concept""]",false,false positive
dh,dha-unesco,matcha-2026.tar.gz,[],[],"[""skos:Concept""]",https://vocabs.acdh.oeaw.ac.at/dhataxonomy/Concept7,=,0.7097987368421053,http://vocabularies.unesco.org/thesaurus/concept7398,[],[],"[""skos:Concept""]",false,false positive
dh,dha-unesco,matcha-2026.tar.gz,[],[],"[""skos:Concept""]",https://vocabs.acdh.oeaw.ac.at/dhataxonomy/Concept65,=,0.7370352000000001,http://vocabularies.unesco.org/thesaurus/concept6549,[],[],"[""skos:Concept""]",false,false positive
dh,dha-unesco,matcha-2026.tar.gz,[],[],"[""skos:Concept""]",https://vocabs.acdh.oeaw.ac.at/dhataxonomy/Concept63,=,0.6579435335149864,http://vocabularies.unesco.org/thesaurus/concept6084,[],[],"[""skos:Concept""]",false,false positive
dh,dha-unesco,matcha-2026.tar.gz,[],[],"[""skos:Concept""]",https://vocabs.acdh.oeaw.ac.at/dhataxonomy/Concept36,=,0.6579435335149864,http://vocabularies.unesco.org/thesaurus/concept3847,[],[],"[""skos:Concept""]",false,false positive
dh,dha-unesco,matcha-2026.tar.gz,[],[],"[""skos:Concept""]",https://vocabs.acdh.oeaw.ac.at/dhataxonomy/Concept45,=,0.7593195789473685,http://vocabularies.unesco.org/thesaurus/concept456,[],[],"[""skos:Concept""]",false,false positive
dh,dha-unesco,matcha-2026.tar.gz,[],[],"[""skos:Concept""]",https://vocabs.acdh.oeaw.ac.at/dhataxonomy/Concept57,=,0.7370352000000001,http://vocabularies.unesco.org/thesaurus/concept5749,[],[],"[""skos:Concept""]",false,false positive
dh,dha-unesco,matcha-2026.tar.gz,[],[],"[""skos:Concept""]",https://vocabs.acdh.oeaw.ac.at/dhataxonomy/Concept27,=,0.7370352000000001,http://vocabularies.unesco.org/thesaurus/concept2753,[],[],"[""skos:Concept""]",false,false positive
dh,dha-unesco,matcha-2026.tar.gz,[],[],"[""skos:Concept""]",https://vocabs.acdh.oeaw.ac.at/dhataxonomy/Concept13,=,0.7370352000000001,http://vocabularies.unesco.org/thesaurus/concept1361,[],[],"[""skos:Concept""]",false,false positive
dh,dha-unesco,matcha-2026.tar.gz,[],[],"[""skos:Concept""]",https://vocabs.acdh.oeaw.ac.at/dhataxonomy/Concept6,=,0.7097987368421053,http://vocabularies.unesco.org/thesaurus/concept6086,[],[],"[""skos:Concept""]",false,false positive
dh,dha-unesco,matcha-2026.tar.gz,[],[],"[""skos:Concept""]",https://vocabs.acdh.oeaw.ac.at/dhataxonomy/Concept26,=,0.6579435335149864,http://vocabularies.unesco.org/thesaurus/concept2750,[],[],"[""skos:Concept""]",false,false positive
dh,dha-unesco,matcha-2026.tar.gz,[],[],"[""skos:Concept""]",https://vocabs.acdh.oeaw.ac.at/dhataxonomy/Concept4,=,0.731808,http://vocabularies.unesco.org/thesaurus/concept457,[],[],"[""skos:Concept""]",false,false positive
dh,dha-unesco,matcha-2026.tar.gz,[],[],"[""skos:Concept""]",https://vocabs.acdh.oeaw.ac.at/dhataxonomy/Concept39,=,0.7370352000000001,http://vocabularies.unesco.org/thesaurus/concept3939,[],[],"[""skos:Concept""]",false,false positive
dh,dha-unesco,matcha-2026.tar.gz,[],[],"[""skos:Concept""]",https://vocabs.acdh.oeaw.ac.at/dhataxonomy/Concept10,=,0.7370352000000001,http://vocabularies.unesco.org/thesaurus/concept1028,[],[],"[""skos:Concept""]",false,false positive
dh,dha-unesco,matcha-2026.tar.gz,[],[],"[""skos:Concept""]",https://vocabs.acdh.oeaw.ac.at/dhataxonomy/Concept74,=,0.7370352000000001,http://vocabularies.unesco.org/thesaurus/concept7424,[],[],"[""skos:Concept""]",false,false positive
dh,dha-unesco,matcha-2026.tar.gz,[],[],"[""skos:Concept""]",https://vocabs.acdh.oeaw.ac.at/dhataxonomy/Concept47,=,0.8178,http://vocabularies.unesco.org/thesaurus/concept17000,[],[],"[""skos:Concept""]",true,true positive
dh,dha-unesco,matcha-2026.tar.gz,[],[],"[""skos:Concept""]",https://vocabs.acdh.oeaw.ac.at/dhataxonomy/Concept22,=,0.7370352000000001,http://vocabularies.unesco.org/thesaurus/concept2232,[],[],"[""skos:Concept""]",false,false positive
dh,dha-unesco,matcha-2026.tar.gz,[],[],"[""skos:Concept""]",https://vocabs.acdh.oeaw.ac.at/dhataxonomy/Concept24,=,0.7370352000000001,http://vocabularies.unesco.org/thesaurus/concept2478,[],[],"[""skos:Concept""]",false,false positive
dh,dha-unesco,matcha-2026.tar.gz,[],[],"[""skos:Concept""]",https://vocabs.acdh.oeaw.ac.at/dhataxonomy/Concept37,=,0.7370352000000001,http://vocabularies.unesco.org/thesaurus/concept3766,[],[],"[""skos:Concept""]",false,false positive
dh,dha-unesco,matcha-2026.tar.gz,[],[],"[""skos:Concept""]",https://vocabs.acdh.oeaw.ac.at/dhataxonomy/Concept46,=,0.8083999999999999,http://vocabularies.unesco.org/thesaurus/concept3410,[],[],"[""skos:Concept""]",true,true positive
dh,dha-unesco,matcha-2026.tar.gz,[],[],"[""skos:Concept""]",https://vocabs.acdh.oeaw.ac.at/dhataxonomy/Concept33,=,0.0,http://vocabularies.unesco.org/thesaurus/concept9812,[],[],"[""skos:Concept""]",true,false negative
dh,dha-unesco,matcha-2026.tar.gz,[],[],"[""skos:Concept""]",https://vocabs.acdh.oeaw.ac.at/dhataxonomy/Concept17,=,0.7370352000000001,http://vocabularies.unesco.org/thesaurus/concept1784,[],[],"[""skos:Concept""]",false,false positive
dh,dha-unesco,matcha-2026.tar.gz,[],[],"[""skos:Concept""]",https://vocabs.acdh.oeaw.ac.at/dhataxonomy/Concept20,=,0.7370352000000001,http://vocabularies.unesco.org/thesaurus/concept2074,[],[],"[""skos:Concept""]",false,false positive
dh,dha-unesco,matcha-2026.tar.gz,[],[],"[""skos:Concept""]",https://vocabs.acdh.oeaw.ac.at/dhataxonomy/Concept38,=,0.7370352000000001,http://vocabularies.unesco.org/thesaurus/concept3802,[],[],"[""skos:Concept""]",false,false positive
dh,dha-unesco,matcha-2026.tar.gz,[],[],"[""skos:Concept""]",https://vocabs.acdh.oeaw.ac.at/dhataxonomy/Concept21,=,0.7370352000000001,http://vocabularies.unesco.org/thesaurus/concept2196,[],[],"[""skos:Concept""]",false,false positive
dh,dha-unesco,matcha-2026.tar.gz,[],[],"[""skos:Concept""]",https://vocabs.acdh.oeaw.ac.at/dhataxonomy/Concept16,=,0.7370352000000001,http://vocabularies.unesco.org/thesaurus/concept1604,[],[],"[""skos:Concept""]",false,false positive
dh,dha-unesco,matcha-2026.tar.gz,[],[],"[""skos:Concept""]",https://vocabs.acdh.oeaw.ac.at/dhataxonomy/Concept15,=,0.7370352000000001,http://vocabularies.unesco.org/thesaurus/concept1547,[],[],"[""skos:Concept""]",false,false positive
dh,dha-unesco,matcha-2026.tar.gz,[],[],"[""skos:Concept""]",https://vocabs.acdh.oeaw.ac.at/dhataxonomy/Concept72,=,0.6579435335149864,http://vocabularies.unesco.org/thesaurus/concept7387,[],[],"[""skos:Concept""]",false,false positive
dh,dha-unesco,matcha-2026.tar.gz,[],[],"[""skos:Concept""]",https://vocabs.acdh.oeaw.ac.at/dhataxonomy/Concept3,=,0.7097987368421053,http://vocabularies.unesco.org/thesaurus/concept3809,[],[],"[""skos:Concept""]",false,false positive
dh,dha-unesco,matcha-2026.tar.gz,[],[],"[""skos:Concept""]",https://vocabs.acdh.oeaw.ac.at/dhataxonomy/Concept43,=,0.7370352000000001,http://vocabularies.unesco.org/thesaurus/concept4338,[],[],"[""skos:Concept""]",false,false positive
dh,dha-unesco,matcha-2026.tar.gz,[],[],"[""skos:Concept""]",https://vocabs.acdh.oeaw.ac.at/dhataxonomy/Concept37,=,0.0,http://vocabularies.unesco.org/thesaurus/concept3270,[],[],"[""skos:Concept""]",true,false negative
dh,dha-unesco,matcha-2026.tar.gz,[],[],"[""skos:Concept""]",https://vocabs.acdh.oeaw.ac.at/dhataxonomy/Concept35,=,0.7370352000000001,http://vocabularies.unesco.org/thesaurus/concept3565,[],[],"[""skos:Concept""]",false,false positive
dh,dha-unesco,matcha-2026.tar.gz,[],[],"[""skos:Concept""]",https://vocabs.acdh.oeaw.ac.at/dhataxonomy/Concept51,=,0.7593195789473685,http://vocabularies.unesco.org/thesaurus/concept519,[],[],"[""skos:Concept""]",false,false positive
dh,dha-unesco,matcha-2026.tar.gz,[],[],"[""skos:Concept""]",https://vocabs.acdh.oeaw.ac.at/dhataxonomy/Concept66,=,0.7370352000000001,http://vocabularies.unesco.org/thesaurus/concept6661,[],[],"[""skos:Concept""]",false,false positive
dh,dha-unesco,matcha-2026.tar.gz,[],[],"[""skos:Concept""]",https://vocabs.acdh.oeaw.ac.at/dhataxonomy/Concept62,=,0.7370352000000001,http://vocabularies.unesco.org/thesaurus/concept6229,[],[],"[""skos:Concept""]",false,false positive
dh,dha-unesco,matcha-2026.tar.gz,[],[],"[""skos:Concept""]",https://vocabs.acdh.oeaw.ac.at/dhataxonomy/Concept49,=,0.7593195789473685,http://vocabularies.unesco.org/thesaurus/concept496,[],[],"[""skos:Concept""]",false,false positive
dh,dha-unesco,matcha-2026.tar.gz,[],[],"[""skos:Concept""]",https://vocabs.acdh.oeaw.ac.at/dhataxonomy/Concept61,=,0.7370352000000001,http://vocabularies.unesco.org/thesaurus/concept6107,[],[],"[""skos:Concept""]",false,false positive
dh,dha-unesco,matcha-2026.tar.gz,[],[],"[""skos:Concept""]",https://vocabs.acdh.oeaw.ac.at/dhataxonomy/Concept34,=,0.7370352000000001,http://vocabularies.unesco.org/thesaurus/concept3406,[],[],"[""skos:Concept""]",false,false positive
dh,dha-unesco,matcha-2026.tar.gz,[],[],"[""skos:Concept""]",https://vocabs.acdh.oeaw.ac.at/dhataxonomy/Concept53,=,0.7593195789473685,http://vocabularies.unesco.org/thesaurus/concept537,[],[],"[""skos:Concept""]",false,false positive
dh,dha-unesco,matcha-2026.tar.gz,[],[],"[""skos:Concept""]",https://vocabs.acdh.oeaw.ac.at/dhataxonomy/Concept54,=,0.7370352000000001,http://vocabularies.unesco.org/thesaurus/concept5420,[],[],"[""skos:Concept""]",false,false positive
dh,dha-unesco,matcha-2026.tar.gz,[],[],"[""skos:Concept""]",https://vocabs.acdh.oeaw.ac.at/dhataxonomy/Concept50,=,0.7593195789473685,http://vocabularies.unesco.org/thesaurus/concept508,[],[],"[""skos:Concept""]",false,false positive
dh,dha-unesco,matcha-2026.tar.gz,[],[],"[""skos:Concept""]",https://vocabs.acdh.oeaw.ac.at/dhataxonomy/Concept33,=,0.7370352000000001,http://vocabularies.unesco.org/thesaurus/concept3326,[],[],"[""skos:Concept""]",false,false positive
dh,dha-unesco,matcha-2026.tar.gz,[],[],"[""skos:Concept""]",https://vocabs.acdh.oeaw.ac.at/dhataxonomy/Concept23,=,0.6579435335149864,http://vocabularies.unesco.org/thesaurus/concept2756,[],[],"[""skos:Concept""]",false,false positive
dh,dha-unesco,matcha-2026.tar.gz,[],[],"[""skos:Concept""]",https://vocabs.acdh.oeaw.ac.at/dhataxonomy/Concept52,=,0.7593195789473685,http://vocabularies.unesco.org/thesaurus/concept526,[],[],"[""skos:Concept""]",false,false positive
dh,dha-unesco,matcha-2026.tar.gz,[],[],"[""skos:Concept""]",https://vocabs.acdh.oeaw.ac.at/dhataxonomy/Concept41,=,0.752,http://vocabularies.unesco.org/thesaurus/concept4954,[],[],"[""skos:Concept""]",true,true positive
dh,idai-pactols,matcha-2026.tar.gz,[],[],"[""skos:Concept""]",http://thesauri.dainst.org/_2f0a0fae,=,0.999999996075754,https://ark.frantiq.fr/ark:/26678/pcrtQY3u48DUrQ,[],[],"[""skos:Concept""]",false,false positive
dh,idai-pactols,matcha-2026.tar.gz,[],[],"[""skos:Concept""]",http://thesauri.dainst.org/_dd48a983,=,0.9141187148787266,https://ark.frantiq.fr/ark:/26678/pcrtxdz8S5BdEg,[],[],"[""skos:Concept""]",false,false positive
dh,idai-pactols,matcha-2026.tar.gz,[],[],"[""skos:Concept""]",http://thesauri.dainst.org/_162f3211,=,0.8637124567499863,https://ark.frantiq.fr/ark:/26678/pcrtmE7KBD6QPZ,[],[],"[""skos:Concept""]",false,false positive
dh,idai-pactols,matcha-2026.tar.gz,[],[],"[""skos:Concept""]",http://thesauri.dainst.org/_c816fc0d,=,0.9009090260548316,https://ark.frantiq.fr/ark:/26678/pcrtrMvNrtSOHs,[],[],"[""skos:Concept""]",false,false positive
dh,idai-pactols,matcha-2026.tar.gz,[],[],"[""skos:Concept""]",http://thesauri.dainst.org/_01c86444,=,0.9348497189628775,https://ark.frantiq.fr/ark:/26678/pcrtHIjtOg1P75,[],[],"[""skos:Concept""]",false,false positive
dh,idai-pactols,matcha-2026.tar.gz,[],[],"[""skos:Concept""]",http://thesauri.dainst.org/_f0feb0f6,=,0.9575808657057082,https://ark.frantiq.fr/ark:/26678/pcrtjMFrjr1utW,[],[],"[""skos:Concept""]",false,false positive
dh,idai-pactols,matcha-2026.tar.gz,[],[],"[""skos:Concept""]",http://thesauri.dainst.org/_3927c7a5,=,0.8407162700645646,https://ark.frantiq.fr/ark:/26678/pcrt3S7lIydczN,[],[],"[""skos:Concept""]",false,false positive
dh,idai-pactols,matcha-2026.tar.gz,[],[],"[""skos:Concept""]",http://thesauri.dainst.org/_c463f389,=,0.9345851042938775,https://ark.frantiq.fr/ark:/26678/pcrtwvbHs6SmP8,[],[],"[""skos:Concept""]",false,false positive
dh,idai-pactols,matcha-2026.tar.gz,[],[],"[""skos:Concept""]",http://thesauri.dainst.org/_fd86e2ca,=,1.0,https://ark.frantiq.fr/ark:/26678/pcrtNU9yWjKe6U,[],[],"[""skos:Concept""]",false,false positive
dh,idai-pactols,matcha-2026.tar.gz,[],[],"[""skos:Concept""]",http://thesauri.dainst.org/_dec95ffa,=,0.7900908754609463,https://ark.frantiq.fr/ark:/26678/pcrtQpKQcDolxc,[],[],"[""skos:Concept""]",false,false positive
dh,idai-pactols,matcha-2026.tar.gz,[],[],"[""skos:Concept""]",http://thesauri.dainst.org/_43b5f862,=,0.9116566732858402,https://ark.frantiq.fr/ark:/26678/pcrteJiI6BxaFN,[],[],"[""skos:Concept""]",false,false positive
dh,idai-pactols,matcha-2026.tar.gz,[],[],"[""skos:Concept""]",http://thesauri.dainst.org/_b009039e,=,0.922702989117366,https://ark.frantiq.fr/ark:/26678/pcrtkeLpJpVN4t,[],[],"[""skos:Concept""]",false,false positive
dh,idai-pactols,matcha-2026.tar.gz,[],[],"[""skos:Concept""]",http://thesauri.dainst.org/_a9e10cab,=,0.982059879316099,https://ark.frantiq.fr/ark:/26678/pcrtp5Wcpmp9I3,[],[],"[""skos:Concept""]",true,true positive
dh,idai-pactols,matcha-2026.tar.gz,[],[],"[""skos:Concept""]",http://thesauri.dainst.org/_baca2f52,=,0.9368265153854928,https://ark.frantiq.fr/ark:/26678/pcrtiaQHMzQVGS,[],[],"[""skos:Concept""]",false,false positive
dh,idai-pactols,matcha-2026.tar.gz,[],[],"[""skos:Concept""]",http://thesauri.dainst.org/_d321ff61,=,0.9969891957326739,https://ark.frantiq.fr/ark:/26678/pcrtgWbicZTgZe,[],[],"[""skos:Concept""]",true,true positive
dh,idai-pactols,matcha-2026.tar.gz,[],[],"[""skos:Concept""]",http://thesauri.dainst.org/_7d1d84dc,=,0.8866468777813056,https://ark.frantiq.fr/ark:/26678/pcrtpZqoqAbrdg,[],[],"[""skos:Concept""]",false,false positive
dh,idai-pactols,matcha-2026.tar.gz,[],[],"[""skos:Concept""]",http://thesauri.dainst.org/_87a30753,=,1.0,https://ark.frantiq.fr/ark:/26678/pcrtxKnfzXYMxK,[],[],"[""skos:Concept""]",false,false positive
dh,idai-pactols,matcha-2026.tar.gz,[],[],"[""skos:Concept""]",http://thesauri.dainst.org/_6c88fce7,=,0.7828598744101389,https://ark.frantiq.fr/ark:/26678/pcrtdreB1dmB38,[],[],"[""skos:Concept""]",false,false positive
dh,idai-pactols,matcha-2026.tar.gz,[],[],"[""skos:Concept""]",http://thesauri.dainst.org/_d3b9f438,=,0.9999999998118506,https://ark.frantiq.fr/ark:/26678/pcrtKZYwYOkWlK,[],[],"[""skos:Concept""]",true,true positive
dh,idai-pactols,matcha-2026.tar.gz,[],[],"[""skos:Concept""]",http://thesauri.dainst.org/_b55a5d10,=,0.9035967415283279,https://ark.frantiq.fr/ark:/26678/pcrtXOuO8FKGbe,[],[],"[""skos:Concept""]",false,false positive
dh,idai-pactols,matcha-2026.tar.gz,[],[],"[""skos:Concept""]",http://thesauri.dainst.org/_68e1bd31,=,0.9976051210537905,https://ark.frantiq.fr/ark:/26678/pcrt1FD59O4eTz,[],[],"[""skos:Concept""]",true,true positive
dh,idai-pactols,matcha-2026.tar.gz,[],[],"[""skos:Concept""]",http://thesauri.dainst.org/_7fd95127,=,0.943116383694813,https://ark.frantiq.fr/ark:/26678/pcrtQS6tuoSfSW,[],[],"[""skos:Concept""]",false,false positive
dh,idai-pactols,matcha-2026.tar.gz,[],[],"[""skos:Concept""]",http://thesauri.dainst.org/_fc496e78,=,1.0,https://ark.frantiq.fr/ark:/26678/pcrtxKnfzXYMxK,[],[],"[""skos:Concept""]",false,false positive
dh,idai-pactols,matcha-2026.tar.gz,[],[],"[""skos:Concept""]",http://thesauri.dainst.org/_ae61f24d,=,0.8023957995264756,https://ark.frantiq.fr/ark:/26678/pcrtKRh9yNZI9v,[],[],"[""skos:Concept""]",false,false positive
dh,idai-pactols,matcha-2026.tar.gz,[],[],"[""skos:Concept""]",http://thesauri.dainst.org/_37db5102,=,0.7810738480387867,https://ark.frantiq.fr/ark:/26678/pcrtJsptp5o6h6,[],[],"[""skos:Concept""]",false,false positive
dh,idai-pactols,matcha-2026.tar.gz,[],[],"[""skos:Concept""]",http://thesauri.dainst.org/_5b640e14,=,0.9309008957026208,https://ark.frantiq.fr/ark:/26678/pcrt9WXX2cWeOQ,[],[],"[""skos:Concept""]",false,false positive
dh,idai-pactols,matcha-2026.tar.gz,[],[],"[""skos:Concept""]",http://thesauri.dainst.org/_6b6def99,=,0.9035231057486682,https://ark.frantiq.fr/ark:/26678/pcrt3FTqaIdbpb,[],[],"[""skos:Concept""]",false,false positive
dh,idai-pactols,matcha-2026.tar.gz,[],[],"[""skos:Concept""]",http://thesauri.dainst.org/_1adf0150,=,0.9840260048542621,https://ark.frantiq.fr/ark:/26678/pcrtpbgzj4c0da,[],[],"[""skos:Concept""]",true,true positive
dh,idai-pactols,matcha-2026.tar.gz,[],[],"[""skos:Concept""]",http://thesauri.dainst.org/_dafb0ad8,=,0.9958153420823873,https://ark.frantiq.fr/ark:/26678/pcrtfOjLfceAZ0,[],[],"[""skos:Concept""]",true,true positive
dh,idai-pactols,matcha-2026.tar.gz,[],[],"[""skos:Concept""]",http://thesauri.dainst.org/_055781ee,=,0.7608100485657173,https://ark.frantiq.fr/ark:/26678/pcrtbAYXiGXtZD,[],[],"[""skos:Concept""]",false,false positive
dh,idai-pactols,matcha-2026.tar.gz,[],[],"[""skos:Concept""]",http://thesauri.dainst.org/_49462e56,=,0.9821209291091946,https://ark.frantiq.fr/ark:/26678/pcrtVmQTWhdSkJ,[],[],"[""skos:Concept""]",true,true positive
dh,idai-pactols,matcha-2026.tar.gz,[],[],"[""skos:Concept""]",http://thesauri.dainst.org/_bd4d65a8,=,0.0,https://ark.frantiq.fr/ark:/26678/pcrtgWbicZTgZe,[],[],"[""skos:Concept""]",true,false negative
dh,idai-pactols,matcha-2026.tar.gz,[],[],"[""skos:Concept""]",http://thesauri.dainst.org/_a026c163,=,0.8794067586349434,https://ark.frantiq.fr/ark:/26678/pcrtMZpgRPheIJ,[],[],"[""skos:Concept""]",false,false positive
dh,idai-pactols,matcha-2026.tar.gz,[],[],"[""skos:Concept""]",http://thesauri.dainst.org/_a289187b,=,0.8907181666216256,https://ark.frantiq.fr/ark:/26678/pcrtAYfItWHoOV,[],[],"[""skos:Concept""]",false,false positive
dh,idai-pactols,matcha-2026.tar.gz,[],[],"[""skos:Concept""]",http://thesauri.dainst.org/_1cac8785,=,0.9170222550975974,https://ark.frantiq.fr/ark:/26678/pcrts62Z2hl4ux,[],[],"[""skos:Concept""]",false,false positive
dh,idai-pactols,matcha-2026.tar.gz,[],[],"[""skos:Concept""]",http://thesauri.dainst.org/_47f1c226,=,0.9205085338608937,https://ark.frantiq.fr/ark:/26678/pcrt5ecRHjSZTM,[],[],"[""skos:Concept""]",false,false positive
dh,idai-pactols,matcha-2026.tar.gz,[],[],"[""skos:Concept""]",http://thesauri.dainst.org/_ff040904,=,0.8750724058031009,https://ark.frantiq.fr/ark:/26678/pcrta0rAmU2iDR,[],[],"[""skos:Concept""]",false,false positive
dh,idai-pactols,matcha-2026.tar.gz,[],[],"[""skos:Concept""]",http://thesauri.dainst.org/_546b2194,=,0.8750724058031009,https://ark.frantiq.fr/ark:/26678/pcrta0rAmU2iDR,[],[],"[""skos:Concept""]",false,false positive
dh,idai-pactols,matcha-2026.tar.gz,[],[],"[""skos:Concept""]",http://thesauri.dainst.org/_ff7f0a52,=,0.9210674626620802,https://ark.frantiq.fr/ark:/26678/pcrtAqKgmvERHQ,[],[],"[""skos:Concept""]",false,false positive
dh,idai-pactols,matcha-2026.tar.gz,[],[],"[""skos:Concept""]",http://thesauri.dainst.org/_3b4ba2e6,=,0.9999999981506289,https://ark.frantiq.fr/ark:/26678/pcrtXGgQa70ZVU,[],[],"[""skos:Concept""]",false,false positive
dh,idai-pactols,matcha-2026.tar.gz,[],[],"[""skos:Concept""]",http://thesauri.dainst.org/_e57135bf,=,0.9445238705485373,https://ark.frantiq.fr/ark:/26678/pcrtWouRhFysgx,[],[],"[""skos:Concept""]",false,false positive
dh,idai-pactols,matcha-2026.tar.gz,[],[],"[""skos:Concept""]",http://thesauri.dainst.org/_8b38cf01,=,1.0,https://ark.frantiq.fr/ark:/26678/pcrt0Krn6QJlhU,[],[],"[""skos:Concept""]",true,true positive
dh,idai-pactols,matcha-2026.tar.gz,[],[],"[""skos:Concept""]",http://thesauri.dainst.org/_539eb20f,=,0.9342262767728724,https://ark.frantiq.fr/ark:/26678/pcrtVgXu5JJGUg,[],[],"[""skos:Concept""]",false,false positive
dh,idai-pactols,matcha-2026.tar.gz,[],[],"[""skos:Concept""]",http://thesauri.dainst.org/_1aa5e2b2,=,0.8603359752783409,https://ark.frantiq.fr/ark:/26678/pcrtGYzRry8HxI,[],[],"[""skos:Concept""]",false,false positive
dh,idai-pactols,matcha-2026.tar.gz,[],[],"[""skos:Concept""]",http://thesauri.dainst.org/_fa0559ba,=,0.892467285630584,https://ark.frantiq.fr/ark:/26678/pcrtfUWF9GVr4q,[],[],"[""skos:Concept""]",false,false positive
dh,idai-pactols,matcha-2026.tar.gz,[],[],"[""skos:Concept""]",http://thesauri.dainst.org/_d67080ff,=,1.0,https://ark.frantiq.fr/ark:/26678/pcrtKei7jxhn32,[],[],"[""skos:Concept""]",false,false positive
dh,idai-pactols,matcha-2026.tar.gz,[],[],"[""skos:Concept""]",http://thesauri.dainst.org/_dc24f6c8,=,0.7658275676418221,https://ark.frantiq.fr/ark:/26678/pcrtKl3VI9w0s6,[],[],"[""skos:Concept""]",false,false positive
dh,idai-pactols,matcha-2026.tar.gz,[],[],"[""skos:Concept""]",http://thesauri.dainst.org/_c40b4a1d,=,0.0,https://ark.frantiq.fr/ark:/26678/pcrtrMvNrtSOHs,[],[],"[""skos:Concept""]",true,false negative
dh,idai-pactols,matcha-2026.tar.gz,[],[],"[""skos:Concept""]",http://thesauri.dainst.org/_79da6a36,=,0.9999999998399913,https://ark.frantiq.fr/ark:/26678/pcrt5MQsnfNDTD,[],[],"[""skos:Concept""]",false,false positive
dh,idai-pactols,matcha-2026.tar.gz,[],[],"[""skos:Concept""]",http://thesauri.dainst.org/_af2f2dad,=,0.0,https://ark.frantiq.fr/ark:/26678/pcrtVgXu5JJGUg,[],[],"[""skos:Concept""]",true,false negative
dh,idai-pactols,matcha-2026.tar.gz,[],[],"[""skos:Concept""]",http://thesauri.dainst.org/_5a5cdac1,=,0.7939943929617871,https://ark.frantiq.fr/ark:/26678/pcrtRIPguI6ugI,[],[],"[""skos:Concept""]",false,false positive
dh,idai-pactols,matcha-2026.tar.gz,[],[],"[""skos:Concept""]",http://thesauri.dainst.org/_0c7b1296,=,0.9141187148787266,https://ark.frantiq.fr/ark:/26678/pcrtxdz8S5BdEg,[],[],"[""skos:Concept""]",false,false positive
dh,idai-pactols,matcha-2026.tar.gz,[],[],"[""skos:Concept""]",http://thesauri.dainst.org/_b7757b42,=,0.9425502251399155,https://ark.frantiq.fr/ark:/26678/pcrt66PQUHwXaw,[],[],"[""skos:Concept""]",false,false positive
dh,idai-pactols,matcha-2026.tar.gz,[],[],"[""skos:Concept""]",http://thesauri.dainst.org/_4688b7a6,=,1.0,https://ark.frantiq.fr/ark:/26678/pcrtF9P4mbuyGk,[],[],"[""skos:Concept""]",true,true positive
dh,idai-pactols,matcha-2026.tar.gz,[],[],"[""skos:Concept""]",http://thesauri.dainst.org/_fd86e2ca,=,1.0,https://ark.frantiq.fr/ark:/26678/pcrtxKnfzXYMxK,[],[],"[""skos:Concept""]",false,false positive
dh,idai-pactols,matcha-2026.tar.gz,[],[],"[""skos:Concept""]",http://thesauri.dainst.org/_e0531417,=,0.999999998920011,https://ark.frantiq.fr/ark:/26678/pcrtms2OAv82PY,[],[],"[""skos:Concept""]",false,false positive
dh,idai-pactols,matcha-2026.tar.gz,[],[],"[""skos:Concept""]",http://thesauri.dainst.org/_7331ad90,=,1.0,https://ark.frantiq.fr/ark:/26678/pcrtSp0Bn88zX1,[],[],"[""skos:Concept""]",false,false positive
dh,idai-pactols,matcha-2026.tar.gz,[],[],"[""skos:Concept""]",http://thesauri.dainst.org/_f09b41b4,=,1.0,https://ark.frantiq.fr/ark:/26678/pcrt0Krn6QJlhU,[],[],"[""skos:Concept""]",true,true positive
dh,idai-pactols,matcha-2026.tar.gz,[],[],"[""skos:Concept""]",http://thesauri.dainst.org/_ca4273ea,=,0.9196390595017377,https://ark.frantiq.fr/ark:/26678/pcrtD19Y1kxWR4,[],[],"[""skos:Concept""]",false,false positive
dh,idai-pactols,matcha-2026.tar.gz,[],[],"[""skos:Concept""]",http://thesauri.dainst.org/_2c06eae5,=,0.0,https://ark.frantiq.fr/ark:/26678/pcrtJUwAaZ7Nz9,[],[],"[""skos:Concept""]",true,false negative
dh,idai-pactols,matcha-2026.tar.gz,[],[],"[""skos:Concept""]",http://thesauri.dainst.org/_b02158bd,=,1.0,https://ark.frantiq.fr/ark:/26678/pcrtJUwAaZ7Nz9,[],[],"[""skos:Concept""]",true,true positive
dh,idai-pactols,matcha-2026.tar.gz,[],[],"[""skos:Concept""]",http://thesauri.dainst.org/_139d1a29,=,0.9062905629262809,https://ark.frantiq.fr/ark:/26678/pcrtpZHoU1vm9o,[],[],"[""skos:Concept""]",false,false positive
dh,idai-pactols,matcha-2026.tar.gz,[],[],"[""skos:Concept""]",http://thesauri.dainst.org/_099ca5ef,=,0.9506878583069662,https://ark.frantiq.fr/ark:/26678/pcrtHIT0hSPFsR,[],[],"[""skos:Concept""]",false,false positive
dh,idai-pactols,matcha-2026.tar.gz,[],[],"[""skos:Concept""]",http://thesauri.dainst.org/_9d5f9935,=,0.9235742625766179,https://ark.frantiq.fr/ark:/26678/pcrt9gfvI45Kcj,[],[],"[""skos:Concept""]",false,false positive
dh,idai-pactols,matcha-2026.tar.gz,[],[],"[""skos:Concept""]",http://thesauri.dainst.org/_7585d87b,=,0.8886726939574388,https://ark.frantiq.fr/ark:/26678/pcrtx4sFxmENjb,[],[],"[""skos:Concept""]",false,false positive
dh,idai-pactols,matcha-2026.tar.gz,[],[],"[""skos:Concept""]",http://thesauri.dainst.org/_9356a843,=,0.9207068899278867,https://ark.frantiq.fr/ark:/26678/pcrthcbe2XySTb,[],[],"[""skos:Concept""]",false,false positive
dh,idai-pactols,matcha-2026.tar.gz,[],[],"[""skos:Concept""]",http://thesauri.dainst.org/_31177e17,=,0.9228502341285894,https://ark.frantiq.fr/ark:/26678/crtdVpqD9Y6ym,[],[],"[""skos:Concept""]",false,false positive
dh,idai-pactols,matcha-2026.tar.gz,[],[],"[""skos:Concept""]",http://thesauri.dainst.org/_955983aa,=,0.7734690621725272,https://ark.frantiq.fr/ark:/26678/pcrt7XYoF5la6b,[],[],"[""skos:Concept""]",false,false positive
dh,idai-pactols,matcha-2026.tar.gz,[],[],"[""skos:Concept""]",http://thesauri.dainst.org/_49517e78,=,0.9705793612336605,https://ark.frantiq.fr/ark:/26678/pcrt36pke8yWxW,[],[],"[""skos:Concept""]",true,true positive
dh,idai-pactols,matcha-2026.tar.gz,[],[],"[""skos:Concept""]",http://thesauri.dainst.org/_9047a17e,=,0.9999999981506289,https://ark.frantiq.fr/ark:/26678/pcrtXGgQa70ZVU,[],[],"[""skos:Concept""]",false,false positive
dh,idai-pactols,matcha-2026.tar.gz,[],[],"[""skos:Concept""]",http://thesauri.dainst.org/_7020590d,=,1.0,https://ark.frantiq.fr/ark:/26678/pcrt9PJh9aTXv4,[],[],"[""skos:Concept""]",false,false positive
dh,idai-pactols,matcha-2026.tar.gz,[],[],"[""skos:Concept""]",http://thesauri.dainst.org/_8dbb15bf,=,1.0,https://ark.frantiq.fr/ark:/26678/pcrtNU9yWjKe6U,[],[],"[""skos:Concept""]",false,false positive
dh,idai-pactols,matcha-2026.tar.gz,[],[],"[""skos:Concept""]",http://thesauri.dainst.org/_55691432,=,0.8621695983104067,https://ark.frantiq.fr/ark:/26678/pcrtSu7E2Qh0Xv,[],[],"[""skos:Concept""]",false,false positive
dh,idai-pactols,matcha-2026.tar.gz,[],[],"[""skos:Concept""]",http://thesauri.dainst.org/_3ec72d64,=,0.9936534224757682,https://ark.frantiq.fr/ark:/26678/pcrt7UXeYrS8Nb,[],[],"[""skos:Concept""]",true,true positive
dh,oeai-parthenos,matcha-2026.tar.gz,[],[],"[""skos:Concept""]",https://vocabs.acdh.oeaw.ac.at/oeai-cultural-periods/concept23528,=,0.8920685340094057,https://isl.ics.forth.gr/parthenos_vocabularies/Concept/7099,[],[],"[""skos:Concept""]",true,true positive
dh,oeai-parthenos,matcha-2026.tar.gz,[],[],"[""skos:Concept""]",https://vocabs.acdh.oeaw.ac.at/oeai-cultural-periods/concept23318,=,0.8366,https://isl.ics.forth.gr/parthenos_vocabularies/Concept/7125,[],[],"[""skos:Concept""]",true,true positive
dh,oeai-parthenos,matcha-2026.tar.gz,[],[],"[""skos:Concept""]",https://vocabs.acdh.oeaw.ac.at/oeai-cultural-periods/concept23275,=,0.865458,https://isl.ics.forth.gr/parthenos_vocabularies/Concept/7216,[],[],"[""skos:Concept""]",true,true positive
dh,oeai-parthenos,matcha-2026.tar.gz,[],[],"[""skos:Concept""]",https://vocabs.acdh.oeaw.ac.at/oeai-cultural-periods/concept23274,=,0.9295384486289937,https://isl.ics.forth.gr/parthenos_vocabularies/Concept/7194,[],[],"[""skos:Concept""]",true,true positive
dh,oeai-parthenos,matcha-2026.tar.gz,[],[],"[""skos:Concept""]",https://vocabs.acdh.oeaw.ac.at/oeai-cultural-periods/concept23557,=,0.6045042758620689,https://isl.ics.forth.gr/parthenos_vocabularies/Concept/7122,[],[],"[""skos:Concept""]",false,false positive
dh,oeai-parthenos,matcha-2026.tar.gz,[],[],"[""skos:Concept""]",https://vocabs.acdh.oeaw.ac.at/oeai-cultural-periods/concept23546,=,0.8741999999999999,https://isl.ics.forth.gr/parthenos_vocabularies/Concept/7184,[],[],"[""skos:Concept""]",true,true positive
dh,oeai-parthenos,matcha-2026.tar.gz,[],[],"[""skos:Concept""]",https://vocabs.acdh.oeaw.ac.at/oeai-cultural-periods/concept23272,=,0.9340699974550042,https://isl.ics.forth.gr/parthenos_vocabularies/Concept/7266,[],[],"[""skos:Concept""]",true,true positive
dh,oeai-parthenos,matcha-2026.tar.gz,[],[],"[""skos:Concept""]",https://vocabs.acdh.oeaw.ac.at/oeai-cultural-periods/concept23225,=,0.9347470909001827,https://isl.ics.forth.gr/parthenos_vocabularies/Concept/7094,[],[],"[""skos:Concept""]",true,true positive
dh,oeai-parthenos,matcha-2026.tar.gz,[],[],"[""skos:Concept""]",https://vocabs.acdh.oeaw.ac.at/oeai-cultural-periods/concept23316,=,0.0,https://isl.ics.forth.gr/parthenos_vocabularies/Concept/7169,[],[],"[""skos:Concept""]",true,false negative
dh,oeai-parthenos,matcha-2026.tar.gz,[],[],"[""skos:Concept""]",https://vocabs.acdh.oeaw.ac.at/oeai-cultural-periods/concept23247,=,0.8366,https://isl.ics.forth.gr/parthenos_vocabularies/Concept/7189,[],[],"[""skos:Concept""]",true,true positive
dh,oeai-parthenos,matcha-2026.tar.gz,[],[],"[""skos:Concept""]",https://vocabs.acdh.oeaw.ac.at/oeai-cultural-periods/concept23315,=,0.0,https://isl.ics.forth.gr/parthenos_vocabularies/Concept/7116,[],[],"[""skos:Concept""]",true,false negative
dh,oeai-parthenos,matcha-2026.tar.gz,[],[],"[""skos:Concept""]",https://vocabs.acdh.oeaw.ac.at/oeai-cultural-periods/concept23243,=,0.9020807684799947,https://isl.ics.forth.gr/parthenos_vocabularies/Concept/7146,[],[],"[""skos:Concept""]",true,true positive
dh,oeai-parthenos,matcha-2026.tar.gz,[],[],"[""skos:Concept""]",https://vocabs.acdh.oeaw.ac.at/oeai-cultural-periods/concept23536,=,0.6159954285714285,https://isl.ics.forth.gr/parthenos_vocabularies/Concept/7087,[],[],"[""skos:Concept""]",true,true positive
dh,oeai-parthenos,matcha-2026.tar.gz,[],[],"[""skos:Concept""]",https://vocabs.acdh.oeaw.ac.at/oeai-cultural-periods/concept23317,=,0.0,https://isl.ics.forth.gr/parthenos_vocabularies/Concept/7199,[],[],"[""skos:Concept""]",true,false negative
dh,oeai-parthenos,matcha-2026.tar.gz,[],[],"[""skos:Concept""]",https://vocabs.acdh.oeaw.ac.at/oeai-cultural-periods/concept23244,=,0.8366,https://isl.ics.forth.gr/parthenos_vocabularies/Concept/7268,[],[],"[""skos:Concept""]",true,true positive
dh,oeai-parthenos,matcha-2026.tar.gz,[],[],"[""skos:Concept""]",https://vocabs.acdh.oeaw.ac.at/oeai-cultural-periods/concept23516,=,0.6220544,https://isl.ics.forth.gr/parthenos_vocabularies/Concept/7225,[],[],"[""skos:Concept""]",true,true positive
dh,oeai-parthenos,matcha-2026.tar.gz,[],[],"[""skos:Concept""]",https://vocabs.acdh.oeaw.ac.at/oeai-cultural-periods/concept23260,=,0.9289737684311644,https://isl.ics.forth.gr/parthenos_vocabularies/Concept/7239,[],[],"[""skos:Concept""]",true,true positive
dh,oeai-parthenos,matcha-2026.tar.gz,[],[],"[""skos:Concept""]",https://vocabs.acdh.oeaw.ac.at/oeai-cultural-periods/concept23553,=,0.600848,https://isl.ics.forth.gr/parthenos_vocabularies/Concept/7142,[],[],"[""skos:Concept""]",true,true positive
dh,oeai-parthenos,matcha-2026.tar.gz,[],[],"[""skos:Concept""]",https://vocabs.acdh.oeaw.ac.at/oeai-cultural-periods/concept23525,=,0.671536,https://isl.ics.forth.gr/parthenos_vocabularies/Concept/7149,[],[],"[""skos:Concept""]",false,false positive
dh,oeai-parthenos,matcha-2026.tar.gz,[],[],"[""skos:Concept""]",https://vocabs.acdh.oeaw.ac.at/oeai-cultural-periods/concept23514,=,0.9071892368464034,https://isl.ics.forth.gr/parthenos_vocabularies/Concept/7200,[],[],"[""skos:Concept""]",true,true positive
dh,oeai-parthenos,matcha-2026.tar.gz,[],[],"[""skos:Concept""]",https://vocabs.acdh.oeaw.ac.at/oeai-cultural-periods/concept23498,=,0.9062707087578552,https://isl.ics.forth.gr/parthenos_vocabularies/Concept/7171,[],[],"[""skos:Concept""]",true,true positive
dh,oeai-parthenos,matcha-2026.tar.gz,[],[],"[""skos:Concept""]",https://vocabs.acdh.oeaw.ac.at/oeai-cultural-periods/concept23276,=,0.9291842717654588,https://isl.ics.forth.gr/parthenos_vocabularies/Concept/7147,[],[],"[""skos:Concept""]",true,true positive
dh,oeai-parthenos,matcha-2026.tar.gz,[],[],"[""skos:Concept""]",https://vocabs.acdh.oeaw.ac.at/oeai-cultural-periods/concept23544,=,0.9322609432317012,https://isl.ics.forth.gr/parthenos_vocabularies/Concept/7188,[],[],"[""skos:Concept""]",true,true positive
dh,oeai-parthenos,matcha-2026.tar.gz,[],[],"[""skos:Concept""]",https://vocabs.acdh.oeaw.ac.at/oeai-cultural-periods/concept23560,=,0.9319565102756092,https://isl.ics.forth.gr/parthenos_vocabularies/Concept/7107,[],[],"[""skos:Concept""]",true,true positive
dh,oeai-parthenos,matcha-2026.tar.gz,[],[],"[""skos:Concept""]",https://vocabs.acdh.oeaw.ac.at/oeai-cultural-periods/concept23194,=,0.8741999999999999,https://isl.ics.forth.gr/parthenos_vocabularies/Concept/7215,[],[],"[""skos:Concept""]",true,true positive
dh,oeai-parthenos,matcha-2026.tar.gz,[],[],"[""skos:Concept""]",https://vocabs.acdh.oeaw.ac.at/oeai-cultural-periods/concept23317,=,0.0,https://isl.ics.forth.gr/parthenos_vocabularies/Concept/7115,[],[],"[""skos:Concept""]",true,false negative
dh,oeai-parthenos,matcha-2026.tar.gz,[],[],"[""skos:Concept""]",https://vocabs.acdh.oeaw.ac.at/oeai-cultural-periods/concept23558,=,0.9254702323642843,https://isl.ics.forth.gr/parthenos_vocabularies/Concept/7118,[],[],"[""skos:Concept""]",true,true positive
dh,oeai-parthenos,matcha-2026.tar.gz,[],[],"[""skos:Concept""]",https://vocabs.acdh.oeaw.ac.at/oeai-cultural-periods/concept23531,=,0.0,https://isl.ics.forth.gr/parthenos_vocabularies/Concept/7246,[],[],"[""skos:Concept""]",true,false negative
dh,oeai-parthenos,matcha-2026.tar.gz,[],[],"[""skos:Concept""]",https://vocabs.acdh.oeaw.ac.at/oeai-cultural-periods/concept23543,=,0.0,https://isl.ics.forth.gr/parthenos_vocabularies/Concept/7243,[],[],"[""skos:Concept""]",true,false negative
dh,oeai-parthenos,matcha-2026.tar.gz,[],[],"[""skos:Concept""]",https://vocabs.acdh.oeaw.ac.at/oeai-cultural-periods/concept23316,=,0.0,https://isl.ics.forth.gr/parthenos_vocabularies/Concept/7237,[],[],"[""skos:Concept""]",true,false negative
dh,oeai-parthenos,matcha-2026.tar.gz,[],[],"[""skos:Concept""]",https://vocabs.acdh.oeaw.ac.at/oeai-cultural-periods/concept23273,=,0.9287084438266003,https://isl.ics.forth.gr/parthenos_vocabularies/Concept/7247,[],[],"[""skos:Concept""]",true,true positive
dh,oeai-parthenos,matcha-2026.tar.gz,[],[],"[""skos:Concept""]",https://vocabs.acdh.oeaw.ac.at/oeai-cultural-periods/concept23522,=,0.9149324566780059,https://isl.ics.forth.gr/parthenos_vocabularies/Concept/7224,[],[],"[""skos:Concept""]",true,true positive
dh,oeai-parthenos,matcha-2026.tar.gz,[],[],"[""skos:Concept""]",https://vocabs.acdh.oeaw.ac.at/oeai-cultural-periods/concept23226,=,0.9346715832718809,https://isl.ics.forth.gr/parthenos_vocabularies/Concept/7238,[],[],"[""skos:Concept""]",true,true positive
dh,oeai-parthenos,matcha-2026.tar.gz,[],[],"[""skos:Concept""]",https://vocabs.acdh.oeaw.ac.at/oeai-cultural-periods/concept23559,=,0.0,https://isl.ics.forth.gr/parthenos_vocabularies/Concept/7227,[],[],"[""skos:Concept""]",true,false negative
dh,oeai-parthenos,matcha-2026.tar.gz,[],[],"[""skos:Concept""]",https://vocabs.acdh.oeaw.ac.at/oeai-cultural-periods/concept23253,=,0.6399124210526316,https://isl.ics.forth.gr/parthenos_vocabularies/Concept/7180,[],[],"[""skos:Concept""]",false,false positive
dh,oeai-parthenos,matcha-2026.tar.gz,[],[],"[""skos:Concept""]",https://vocabs.acdh.oeaw.ac.at/oeai-cultural-periods/concept23545,=,0.6845574736842105,https://isl.ics.forth.gr/parthenos_vocabularies/Concept/7178,[],[],"[""skos:Concept""]",false,false positive
dh,oeai-parthenos,matcha-2026.tar.gz,[],[],"[""skos:Concept""]",https://vocabs.acdh.oeaw.ac.at/oeai-cultural-periods/concept23271,=,0.6169134545454544,https://isl.ics.forth.gr/parthenos_vocabularies/Concept/7140,[],[],"[""skos:Concept""]",true,true positive
dh,oeai-parthenos,matcha-2026.tar.gz,[],[],"[""skos:Concept""]",https://vocabs.acdh.oeaw.ac.at/oeai-cultural-periods/concept23314,=,0.9065884215937762,https://isl.ics.forth.gr/parthenos_vocabularies/Concept/7114,[],[],"[""skos:Concept""]",true,true positive
dh,oeai-parthenos,matcha-2026.tar.gz,[],[],"[""skos:Concept""]",https://vocabs.acdh.oeaw.ac.at/oeai-cultural-periods/concept23495,=,0.9340470440722597,https://isl.ics.forth.gr/parthenos_vocabularies/Concept/7172,[],[],"[""skos:Concept""]",true,true positive
dh,oeai-parthenos,matcha-2026.tar.gz,[],[],"[""skos:Concept""]",https://vocabs.acdh.oeaw.ac.at/oeai-cultural-periods/concept23532,=,0.9257535168347423,https://isl.ics.forth.gr/parthenos_vocabularies/Concept/7179,[],[],"[""skos:Concept""]",true,true positive
dh,oeai-parthenos,matcha-2026.tar.gz,[],[],"[""skos:Concept""]",https://vocabs.acdh.oeaw.ac.at/oeai-cultural-periods/concept23256,=,0.874764,https://isl.ics.forth.gr/parthenos_vocabularies/Concept/7130,[],[],"[""skos:Concept""]",true,true positive
dh,oeai-parthenos,matcha-2026.tar.gz,[],[],"[""skos:Concept""]",https://vocabs.acdh.oeaw.ac.at/oeai-cultural-periods/concept23251,=,0.688439652173913,https://isl.ics.forth.gr/parthenos_vocabularies/Concept/7208,[],[],"[""skos:Concept""]",true,true positive
dh,oeai-parthenos,matcha-2026.tar.gz,[],[],"[""skos:Concept""]",https://vocabs.acdh.oeaw.ac.at/oeai-cultural-periods/concept23530,=,0.8969596391486453,https://isl.ics.forth.gr/parthenos_vocabularies/Concept/7219,[],[],"[""skos:Concept""]",true,true positive
dh,oeai-parthenos,matcha-2026.tar.gz,[],[],"[""skos:Concept""]",https://vocabs.acdh.oeaw.ac.at/oeai-cultural-periods/concept23502,=,0.0,https://isl.ics.forth.gr/parthenos_vocabularies/Concept/7233,[],[],"[""skos:Concept""]",true,false negative
dh,oeai-parthenos,matcha-2026.tar.gz,[],[],"[""skos:Concept""]",https://vocabs.acdh.oeaw.ac.at/oeai-cultural-periods/concept23195,=,0.8741999999999999,https://isl.ics.forth.gr/parthenos_vocabularies/Concept/7221,[],[],"[""skos:Concept""]",true,true positive
dh,oeai-parthenos,matcha-2026.tar.gz,[],[],"[""skos:Concept""]",https://vocabs.acdh.oeaw.ac.at/oeai-cultural-periods/concept23315,=,0.0,https://isl.ics.forth.gr/parthenos_vocabularies/Concept/7152,[],[],"[""skos:Concept""]",true,false negative
dh,oeai-parthenos,matcha-2026.tar.gz,[],[],"[""skos:Concept""]",https://vocabs.acdh.oeaw.ac.at/oeai-cultural-periods/concept23195,=,0.0,https://isl.ics.forth.gr/parthenos_vocabularies/Concept/7236,[],[],"[""skos:Concept""]",true,false negative
dh,oeai-parthenos,matcha-2026.tar.gz,[],[],"[""skos:Concept""]",https://vocabs.acdh.oeaw.ac.at/oeai-cultural-periods/concept23531,=,0.8741999999999999,https://isl.ics.forth.gr/parthenos_vocabularies/Concept/7207,[],[],"[""skos:Concept""]",true,true positive
dh,oeai-parthenos,matcha-2026.tar.gz,[],[],"[""skos:Concept""]",https://vocabs.acdh.oeaw.ac.at/oeai-cultural-periods/concept23196,=,0.8741999999999999,https://isl.ics.forth.gr/parthenos_vocabularies/Concept/7139,[],[],"[""skos:Concept""]",true,true positive
dh,oeai-parthenos,matcha-2026.tar.gz,[],[],"[""skos:Concept""]",https://vocabs.acdh.oeaw.ac.at/oeai-cultural-periods/concept23545,=,0.0,https://isl.ics.forth.gr/parthenos_vocabularies/Concept/7145,[],[],"[""skos:Concept""]",true,false negative
dh,oeai-parthenos,matcha-2026.tar.gz,[],[],"[""skos:Concept""]",https://vocabs.acdh.oeaw.ac.at/oeai-cultural-periods/concept23503,=,0.6786048,https://isl.ics.forth.gr/parthenos_vocabularies/Concept/7249,[],[],"[""skos:Concept""]",true,true positive
dh,dha-unesco,lsmatch-2026.tar.gz,[],[],"[""skos:Concept""]",https://vocabs.acdh.oeaw.ac.at/dhataxonomy/Concept34,=,0.0,http://vocabularies.unesco.org/thesaurus/concept3354,[],[],"[""skos:Concept""]",true,false negative
dh,dha-unesco,lsmatch-2026.tar.gz,[],[],"[""skos:Concept""]",https://vocabs.acdh.oeaw.ac.at/dhataxonomy/Concept61,=,0.0,http://vocabularies.unesco.org/thesaurus/concept17094,[],[],"[""skos:Concept""]",true,false negative
dh,dha-unesco,lsmatch-2026.tar.gz,[],[],"[""skos:Concept""]",https://vocabs.acdh.oeaw.ac.at/dhataxonomy/Concept37,=,0.0,http://vocabularies.unesco.org/thesaurus/concept3270,[],[],"[""skos:Concept""]",true,false negative
dh,dha-unesco,lsmatch-2026.tar.gz,[],[],"[""skos:Concept""]",https://vocabs.acdh.oeaw.ac.at/dhataxonomy/Concept47,=,0.0,http://vocabularies.unesco.org/thesaurus/concept17000,[],[],"[""skos:Concept""]",true,false negative
dh,dha-unesco,lsmatch-2026.tar.gz,[],[],"[""skos:Concept""]",https://vocabs.acdh.oeaw.ac.at/dhataxonomy/Concept46,=,0.0,http://vocabularies.unesco.org/thesaurus/concept3410,[],[],"[""skos:Concept""]",true,false negative
dh,dha-unesco,lsmatch-2026.tar.gz,[],[],"[""skos:Concept""]",https://vocabs.acdh.oeaw.ac.at/dhataxonomy/Concept33,=,0.0,http://vocabularies.unesco.org/thesaurus/concept9812,[],[],"[""skos:Concept""]",true,false negative
dh,dha-unesco,lsmatch-2026.tar.gz,[],[],"[""skos:Concept""]",https://vocabs.acdh.oeaw.ac.at/dhataxonomy/Concept51.01,=,0.0,http://vocabularies.unesco.org/thesaurus/concept11605,[],[],"[""skos:Concept""]",true,false negative
dh,dha-unesco,lsmatch-2026.tar.gz,[],[],"[""skos:Concept""]",https://vocabs.acdh.oeaw.ac.at/dhataxonomy/Concept68,=,0.0,http://vocabularies.unesco.org/thesaurus/concept7411,[],[],"[""skos:Concept""]",true,false negative
dh,dha-unesco,lsmatch-2026.tar.gz,[],[],"[""skos:Concept""]",https://vocabs.acdh.oeaw.ac.at/dhataxonomy/Concept60,=,0.0,http://vocabularies.unesco.org/thesaurus/concept17127,[],[],"[""skos:Concept""]",true,false negative
dh,dha-unesco,lsmatch-2026.tar.gz,"[""Concept""]",[],"[""owl:Class""]",http://www.w3.org/2004/02/skos/core#Concept,=,1.0,http://www.w3.org/2004/02/skos/core#Concept,"[""Concept""]",[],"[""owl:Class""]",false,false positive
dh,dha-unesco,lsmatch-2026.tar.gz,[],[],"[""skos:Concept""]",https://vocabs.acdh.oeaw.ac.at/dhataxonomy/Concept41,=,0.0,http://vocabularies.unesco.org/thesaurus/concept4954,[],[],"[""skos:Concept""]",true,false negative
dh,tadirah-unesco,logmap-lite-2026.tar.gz,[],[],"[""owl:NamedIndividual"",""skos:Concept""]",https://vocabs.dariah.eu/tadirah/audioRecording,=,0.0,http://vocabularies.unesco.org/thesaurus/concept9812,[],[],"[""skos:Concept""]",true,false negative
dh,tadirah-unesco,logmap-lite-2026.tar.gz,[],[],"[""owl:NamedIndividual"",""skos:Concept""]",https://vocabs.dariah.eu/tadirah/cataloging,=,0.0,http://vocabularies.unesco.org/thesaurus/concept3799,[],[],"[""skos:Concept""]",true,false negative
dh,tadirah-unesco,logmap-lite-2026.tar.gz,[],[],"[""owl:NamedIndividual"",""skos:Concept""]",https://vocabs.dariah.eu/tadirah/drawing,=,0.0,http://vocabularies.unesco.org/thesaurus/concept4716,[],[],"[""skos:Concept""]",true,false negative
dh,tadirah-unesco,logmap-lite-2026.tar.gz,[],[],"[""owl:NamedIndividual"",""skos:Concept""]",https://vocabs.dariah.eu/tadirah/patternRecognition,=,0.0,http://vocabularies.unesco.org/thesaurus/concept3054,[],[],"[""skos:Concept""]",true,false negative
dh,tadirah-unesco,logmap-lite-2026.tar.gz,[],[],"[""owl:NamedIndividual"",""skos:Concept""]",https://vocabs.dariah.eu/tadirah/programming,=,0.0,http://vocabularies.unesco.org/thesaurus/concept521,[],[],"[""skos:Concept""]",true,false negative
dh,tadirah-unesco,logmap-lite-2026.tar.gz,[],[],"[""owl:NamedIndividual"",""skos:Concept""]",https://vocabs.dariah.eu/tadirah/writing,=,0.0,http://vocabularies.unesco.org/thesaurus/concept5829,[],[],"[""skos:Concept""]",true,false negative
dh,tadirah-unesco,logmap-lite-2026.tar.gz,[],[],"[""owl:NamedIndividual"",""skos:Concept""]",https://vocabs.dariah.eu/tadirah/editing,=,0.0,http://vocabularies.unesco.org/thesaurus/concept4200,[],[],"[""skos:Concept""]",true,false negative
dh,tadirah-unesco,logmap-lite-2026.tar.gz,[],[],"[""owl:NamedIndividual"",""skos:Concept""]",https://vocabs.dariah.eu/tadirah/disseminating,=,0.0,http://vocabularies.unesco.org/thesaurus/concept512,[],[],"[""skos:Concept""]",true,false negative
dh,tadirah-unesco,logmap-lite-2026.tar.gz,[],[],"[""owl:NamedIndividual"",""skos:Concept""]",https://vocabs.dariah.eu/tadirah/recording,=,0.0,http://vocabularies.unesco.org/thesaurus/concept505,[],[],"[""skos:Concept""]",true,false negative
dh,tadirah-unesco,logmap-lite-2026.tar.gz,[],[],"[""owl:NamedIndividual"",""skos:Concept""]",https://vocabs.dariah.eu/tadirah/publishing,=,0.0,http://vocabularies.unesco.org/thesaurus/concept3810,[],[],"[""skos:Concept""]",true,false negative
dh,tadirah-unesco,logmap-lite-2026.tar.gz,[],[],"[""owl:NamedIndividual"",""skos:Concept""]",https://vocabs.dariah.eu/tadirah/digitalPublishing,=,0.0,http://vocabularies.unesco.org/thesaurus/concept6021,[],[],"[""skos:Concept""]",true,false negative
dh,tadirah-unesco,logmap-lite-2026.tar.gz,[],[],"[""owl:NamedIndividual"",""skos:Concept""]",https://vocabs.dariah.eu/tadirah/informationRetrieval,=,0.0,http://vocabularies.unesco.org/thesaurus/concept514,[],[],"[""skos:Concept""]",true,false negative
dh,tadirah-unesco,logmap-lite-2026.tar.gz,[],[],"[""owl:Class""]",http://www.w3.org/2004/02/skos/core#ConceptScheme,=,1.0,http://www.w3.org/2004/02/skos/core#ConceptScheme,[],[],[],false,false positive
dh,tadirah-unesco,logmap-lite-2026.tar.gz,[],[],"[""owl:NamedIndividual"",""skos:Concept""]",https://vocabs.dariah.eu/tadirah/encoding,=,0.0,http://vocabularies.unesco.org/thesaurus/concept5530,[],[],"[""skos:Concept""]",true,false negative
dh,tadirah-unesco,logmap-lite-2026.tar.gz,[],[],"[""owl:NamedIndividual"",""skos:Concept""]",https://vocabs.dariah.eu/tadirah/videoCapture,=,0.0,http://vocabularies.unesco.org/thesaurus/concept3354,[],[],"[""skos:Concept""]",true,false negative
dh,tadirah-unesco,logmap-lite-2026.tar.gz,"[""Concept""]",[],"[""owl:Class""]",http://www.w3.org/2004/02/skos/core#Concept,=,1.0,http://www.w3.org/2004/02/skos/core#Concept,"[""Concept""]",[],"[""owl:Class""]",false,false positive
dh,tadirah-unesco,logmap-lite-2026.tar.gz,[],[],"[""owl:NamedIndividual"",""skos:Concept""]",https://vocabs.dariah.eu/tadirah/opticalCharacterRecognition,=,0.0,http://vocabularies.unesco.org/thesaurus/concept4954,[],[],"[""skos:Concept""]",true,false negative
dh,tadirah-unesco,logmap-lite-2026.tar.gz,[],[],[],http://www.w3.org/2004/02/skos/core#Collection,=,1.0,http://www.w3.org/2004/02/skos/core#Collection,[],[],[],false,false positive
dh,dha-unesco,logmap-kg-2026.tar.gz,[],[],"[""skos:Concept""]",https://vocabs.acdh.oeaw.ac.at/dhataxonomy/Concept34,=,0.0,http://vocabularies.unesco.org/thesaurus/concept3354,[],[],"[""skos:Concept""]",true,false negative
dh,dha-unesco,logmap-kg-2026.tar.gz,[],[],"[""skos:Concept""]",https://vocabs.acdh.oeaw.ac.at/dhataxonomy/Concept61,=,0.0,http://vocabularies.unesco.org/thesaurus/concept17094,[],[],"[""skos:Concept""]",true,false negative
dh,dha-unesco,logmap-kg-2026.tar.gz,[],[],"[""skos:Concept""]",https://vocabs.acdh.oeaw.ac.at/dhataxonomy/Concept37,=,0.0,http://vocabularies.unesco.org/thesaurus/concept3270,[],[],"[""skos:Concept""]",true,false negative
dh,dha-unesco,logmap-kg-2026.tar.gz,[],[],"[""skos:Concept""]",https://vocabs.acdh.oeaw.ac.at/dhataxonomy/Concept40.03,=,0.84,http://vocabularies.unesco.org/thesaurus/concept6523,[],[],"[""skos:Concept""]",false,false positive
dh,dha-unesco,logmap-kg-2026.tar.gz,[],[],"[""skos:Concept""]",https://vocabs.acdh.oeaw.ac.at/dhataxonomy/Concept60,=,1.0,http://vocabularies.unesco.org/thesaurus/concept17127,[],[],"[""skos:Concept""]",true,true positive
dh,dha-unesco,logmap-kg-2026.tar.gz,[],[],"[""skos:Concept""]",https://vocabs.acdh.oeaw.ac.at/dhataxonomy/Concept6,=,1.0,http://vocabularies.unesco.org/thesaurus/concept3799,[],[],"[""skos:Concept""]",false,false positive
dh,dha-unesco,logmap-kg-2026.tar.gz,[],[],"[""skos:Concept""]",https://vocabs.acdh.oeaw.ac.at/dhataxonomy/Concept39.04,=,0.86,http://vocabularies.unesco.org/thesaurus/concept7974,[],[],"[""skos:Concept""]",false,false positive
dh,dha-unesco,logmap-kg-2026.tar.gz,[],[],"[""skos:Concept""]",https://vocabs.acdh.oeaw.ac.at/dhataxonomy/Concept47,=,1.0,http://vocabularies.unesco.org/thesaurus/concept17000,[],[],"[""skos:Concept""]",true,true positive
dh,dha-unesco,logmap-kg-2026.tar.gz,[],[],"[""skos:Concept""]",https://vocabs.acdh.oeaw.ac.at/dhataxonomy/Concept46,=,1.0,http://vocabularies.unesco.org/thesaurus/concept3410,[],[],"[""skos:Concept""]",true,true positive
dh,dha-unesco,logmap-kg-2026.tar.gz,[],[],"[""skos:Concept""]",https://vocabs.acdh.oeaw.ac.at/dhataxonomy/Concept33,=,0.0,http://vocabularies.unesco.org/thesaurus/concept9812,[],[],"[""skos:Concept""]",true,false negative
dh,dha-unesco,logmap-kg-2026.tar.gz,[],[],"[""skos:Concept""]",https://vocabs.acdh.oeaw.ac.at/dhataxonomy/Concept51.01,=,0.0,http://vocabularies.unesco.org/thesaurus/concept11605,[],[],"[""skos:Concept""]",true,false negative
dh,dha-unesco,logmap-kg-2026.tar.gz,[],[],"[""skos:Concept""]",https://vocabs.acdh.oeaw.ac.at/dhataxonomy/Concept68,=,0.0,http://vocabularies.unesco.org/thesaurus/concept7411,[],[],"[""skos:Concept""]",true,false negative
dh,dha-unesco,logmap-kg-2026.tar.gz,[],[],"[""skos:Concept""]",https://vocabs.acdh.oeaw.ac.at/dhataxonomy/Concept38,=,1.0,http://vocabularies.unesco.org/thesaurus/concept8419,[],[],"[""skos:Concept""]",false,false positive
dh,dha-unesco,logmap-kg-2026.tar.gz,[],[],"[""skos:Concept""]",https://vocabs.acdh.oeaw.ac.at/dhataxonomy/Concept41,=,1.0,http://vocabularies.unesco.org/thesaurus/concept4954,[],[],"[""skos:Concept""]",true,true positive
dh,ironagedanube-pactols,logmap-2026.tar.gz,[],[],"[""skos:Concept""]",https://vocabs.acdh.oeaw.ac.at/iadthesaurus/scheme/concept341,=,0.0,https://ark.frantiq.fr/ark:/26678/pcrts62Z2hl4ux,[],[],"[""skos:Concept""]",true,false negative
dh,ironagedanube-pactols,logmap-2026.tar.gz,[],[],"[""skos:Concept""]",https://vocabs.acdh.oeaw.ac.at/iadthesaurus/scheme/concept336,=,0.0,https://ark.frantiq.fr/ark:/26678/pcrthcbe2XySTb,[],[],"[""skos:Concept""]",true,false negative
dh,ironagedanube-pactols,logmap-2026.tar.gz,[],[],"[""skos:Concept""]",https://vocabs.acdh.oeaw.ac.at/iadthesaurus/scheme/concept319,=,0.0,https://ark.frantiq.fr/ark:/26678/pcrtSu7E2Qh0Xv,[],[],"[""skos:Concept""]",true,false negative
dh,ironagedanube-pactols,logmap-2026.tar.gz,[],[],"[""skos:Concept""]",https://vocabs.acdh.oeaw.ac.at/iadthesaurus/scheme/concept387,=,0.0,https://ark.frantiq.fr/ark:/26678/pcrtxKnfzXYMxK,[],[],"[""skos:Concept""]",true,false negative
dh,ironagedanube-pactols,logmap-2026.tar.gz,[],[],"[""skos:Concept""]",https://vocabs.acdh.oeaw.ac.at/iadthesaurus/scheme/concept338,=,0.0,https://ark.frantiq.fr/ark:/26678/pcrtF9P4mbuyGk,[],[],"[""skos:Concept""]",true,false negative
dh,idai-parthenos,logmap-2026.tar.gz,[],[],"[""skos:Concept""]",http://thesauri.dainst.org/_1f524e33,=,0.0,https://isl.ics.forth.gr/parthenos_vocabularies/Concept/7114,[],[],"[""skos:Concept""]",true,false negative
dh,idai-parthenos,logmap-2026.tar.gz,[],[],"[""skos:Concept""]",http://thesauri.dainst.org/_4b0d451a,=,0.0,https://isl.ics.forth.gr/parthenos_vocabularies/Concept/7107,[],[],"[""skos:Concept""]",true,false negative
dh,idai-parthenos,logmap-2026.tar.gz,[],[],"[""skos:Concept""]",http://thesauri.dainst.org/_697dc279,=,0.0,https://isl.ics.forth.gr/parthenos_vocabularies/Concept/7118,[],[],"[""skos:Concept""]",true,false negative
dh,idai-parthenos,logmap-2026.tar.gz,[],[],"[""skos:Concept""]",http://thesauri.dainst.org/_1d839342,=,0.0,https://isl.ics.forth.gr/parthenos_vocabularies/Concept/7094,[],[],"[""skos:Concept""]",true,false negative
dh,idai-parthenos,logmap-2026.tar.gz,[],[],"[""skos:Concept""]",http://thesauri.dainst.org/_a0be179c,=,0.0,https://isl.ics.forth.gr/parthenos_vocabularies/Concept/7107,[],[],"[""skos:Concept""]",true,false negative
dh,idai-parthenos,logmap-2026.tar.gz,[],[],"[""skos:Concept""]",http://thesauri.dainst.org/_fcc3853f,=,0.0,https://isl.ics.forth.gr/parthenos_vocabularies/Concept/7116,[],[],"[""skos:Concept""]",true,false negative
dh,idai-parthenos,logmap-2026.tar.gz,[],[],"[""skos:Concept""]",http://thesauri.dainst.org/_6d528ffb,=,0.0,https://isl.ics.forth.gr/parthenos_vocabularies/Concept/7115,[],[],"[""skos:Concept""]",true,false negative
dh,idai-parthenos,logmap-2026.tar.gz,[],[],"[""skos:Concept""]",http://thesauri.dainst.org/_30ac6926,=,0.0,https://isl.ics.forth.gr/parthenos_vocabularies/Concept/7163,[],[],"[""skos:Concept""]",true,false negative
dh,idai-parthenos,logmap-2026.tar.gz,[],[],"[""skos:Concept""]",http://thesauri.dainst.org/_0117de29,=,0.0,https://isl.ics.forth.gr/parthenos_vocabularies/Concept/7111,[],[],"[""skos:Concept""]",true,false negative
dh,idai-parthenos,logmap-2026.tar.gz,[],[],"[""skos:Concept""]",http://thesauri.dainst.org/_afbdde2e,=,0.0,https://isl.ics.forth.gr/parthenos_vocabularies/Concept/7226,[],[],"[""skos:Concept""]",true,false negative
dh,idai-parthenos,logmap-2026.tar.gz,[],[],"[""skos:Concept""]",http://thesauri.dainst.org/_4d1bfe78,=,0.0,https://isl.ics.forth.gr/parthenos_vocabularies/Concept/7170,[],[],"[""skos:Concept""]",true,false negative
dh,idai-parthenos,logmap-2026.tar.gz,[],[],"[""skos:Concept""]",http://thesauri.dainst.org/_8bca4bf1,=,0.0,https://isl.ics.forth.gr/parthenos_vocabularies/Concept/7219,[],[],"[""skos:Concept""]",true,false negative
dh,idai-parthenos,logmap-2026.tar.gz,[],[],"[""skos:Concept""]",http://thesauri.dainst.org/_018b18d1,=,0.0,https://isl.ics.forth.gr/parthenos_vocabularies/Concept/7266,[],[],"[""skos:Concept""]",true,false negative
dh,idai-parthenos,logmap-2026.tar.gz,[],[],"[""skos:Concept""]",http://thesauri.dainst.org/_ed0828c5,=,0.0,https://isl.ics.forth.gr/parthenos_vocabularies/Concept/7249,[],[],"[""skos:Concept""]",true,false negative
dh,idai-parthenos,logmap-2026.tar.gz,[],[],"[""skos:Concept""]",http://thesauri.dainst.org/_0aa1995c,=,0.0,https://isl.ics.forth.gr/parthenos_vocabularies/Concept/7147,[],[],"[""skos:Concept""]",true,false negative
dh,idai-parthenos,logmap-2026.tar.gz,[],[],"[""skos:Concept""]",http://thesauri.dainst.org/_2eaf48c6,=,0.0,https://isl.ics.forth.gr/parthenos_vocabularies/Concept/7112,[],[],"[""skos:Concept""]",true,false negative
dh,idai-parthenos,logmap-2026.tar.gz,[],[],"[""skos:Concept""]",http://thesauri.dainst.org/_2b089ca4,=,0.0,https://isl.ics.forth.gr/parthenos_vocabularies/Concept/7142,[],[],"[""skos:Concept""]",true,false negative
dh,idai-parthenos,logmap-2026.tar.gz,[],[],"[""skos:Concept""]",http://thesauri.dainst.org/_0530b8a9,=,0.0,https://isl.ics.forth.gr/parthenos_vocabularies/Concept/7179,[],[],"[""skos:Concept""]",true,false negative
dh,idai-parthenos,logmap-2026.tar.gz,[],[],"[""skos:Concept""]",http://thesauri.dainst.org/_59a790d9,=,0.0,https://isl.ics.forth.gr/parthenos_vocabularies/Concept/7267,[],[],"[""skos:Concept""]",true,false negative
dh,idai-parthenos,logmap-2026.tar.gz,[],[],"[""skos:Concept""]",http://thesauri.dainst.org/_a4276388,=,0.0,https://isl.ics.forth.gr/parthenos_vocabularies/Concept/7171,[],[],"[""skos:Concept""]",true,false negative
dh,idai-parthenos,logmap-2026.tar.gz,[],[],"[""skos:Concept""]",http://thesauri.dainst.org/_acc90782,=,0.0,https://isl.ics.forth.gr/parthenos_vocabularies/Concept/7137,[],[],"[""skos:Concept""]",true,false negative
dh,idai-parthenos,logmap-2026.tar.gz,[],[],"[""skos:Concept""]",http://thesauri.dainst.org/_dac3529c,=,0.0,https://isl.ics.forth.gr/parthenos_vocabularies/Concept/7184,[],[],"[""skos:Concept""]",true,false negative
dh,idai-parthenos,logmap-2026.tar.gz,[],[],"[""skos:Concept""]",http://thesauri.dainst.org/_6d528ffb,=,0.0,https://isl.ics.forth.gr/parthenos_vocabularies/Concept/7199,[],[],"[""skos:Concept""]",true,false negative
dh,idai-parthenos,logmap-2026.tar.gz,[],[],"[""skos:Concept""]",http://thesauri.dainst.org/_5d1ac0ba,=,0.0,https://isl.ics.forth.gr/parthenos_vocabularies/Concept/7165,[],[],"[""skos:Concept""]",true,false negative
dh,idai-parthenos,logmap-2026.tar.gz,[],[],"[""skos:Concept""]",http://thesauri.dainst.org/_09106e2a,=,0.0,https://isl.ics.forth.gr/parthenos_vocabularies/Concept/7135,[],[],"[""skos:Concept""]",true,false negative
dh,idai-parthenos,logmap-2026.tar.gz,[],[],"[""skos:Concept""]",http://thesauri.dainst.org/_eee85fa3,=,0.0,https://isl.ics.forth.gr/parthenos_vocabularies/Concept/7201,[],[],"[""skos:Concept""]",true,false negative
dh,idai-parthenos,logmap-2026.tar.gz,[],[],"[""skos:Concept""]",http://thesauri.dainst.org/_3bff2fb5,=,0.0,https://isl.ics.forth.gr/parthenos_vocabularies/Concept/7247,[],[],"[""skos:Concept""]",true,false negative
dh,idai-parthenos,logmap-2026.tar.gz,[],[],"[""skos:Concept""]",http://thesauri.dainst.org/_cc22e013,=,0.0,https://isl.ics.forth.gr/parthenos_vocabularies/Concept/7216,[],[],"[""skos:Concept""]",true,false negative
dh,idai-parthenos,logmap-2026.tar.gz,[],[],"[""skos:Concept""]",http://thesauri.dainst.org/_6a167951,=,0.0,https://isl.ics.forth.gr/parthenos_vocabularies/Concept/7242,[],[],"[""skos:Concept""]",true,false negative
dh,idai-parthenos,logmap-2026.tar.gz,[],[],"[""skos:Concept""]",http://thesauri.dainst.org/_2b089ca4,=,0.0,https://isl.ics.forth.gr/parthenos_vocabularies/Concept/7223,[],[],"[""skos:Concept""]",true,false negative
dh,idai-parthenos,logmap-2026.tar.gz,[],[],"[""skos:Concept""]",http://thesauri.dainst.org/_cadb286c,=,0.0,https://isl.ics.forth.gr/parthenos_vocabularies/Concept/7162,[],[],"[""skos:Concept""]",true,false negative
dh,idai-parthenos,logmap-2026.tar.gz,[],[],"[""skos:Concept""]",http://thesauri.dainst.org/_c26d8599,=,0.0,https://isl.ics.forth.gr/parthenos_vocabularies/Concept/7246,[],[],"[""skos:Concept""]",true,false negative
dh,idai-parthenos,logmap-2026.tar.gz,[],[],"[""skos:Concept""]",http://thesauri.dainst.org/_8bb3692d,=,0.0,https://isl.ics.forth.gr/parthenos_vocabularies/Concept/7221,[],[],"[""skos:Concept""]",true,false negative
dh,idai-parthenos,logmap-2026.tar.gz,[],[],"[""skos:Concept""]",http://thesauri.dainst.org/_ccc4d1d5,=,0.0,https://isl.ics.forth.gr/parthenos_vocabularies/Concept/7240,[],[],"[""skos:Concept""]",true,false negative
dh,idai-parthenos,logmap-2026.tar.gz,[],[],"[""skos:Concept""]",http://thesauri.dainst.org/_fcc3853f,=,0.0,https://isl.ics.forth.gr/parthenos_vocabularies/Concept/7152,[],[],"[""skos:Concept""]",true,false negative
dh,idai-parthenos,logmap-2026.tar.gz,[],[],"[""skos:Concept""]",http://thesauri.dainst.org/_a4c97475,=,0.0,https://isl.ics.forth.gr/parthenos_vocabularies/Concept/7243,[],[],"[""skos:Concept""]",true,false negative
dh,idai-parthenos,logmap-2026.tar.gz,[],[],"[""skos:Concept""]",http://thesauri.dainst.org/_c1210d5a,=,0.0,https://isl.ics.forth.gr/parthenos_vocabularies/Concept/7161,[],[],"[""skos:Concept""]",true,false negative
dh,idai-parthenos,logmap-2026.tar.gz,[],[],"[""skos:Concept""]",http://thesauri.dainst.org/_0bbbd3c7,=,0.0,https://isl.ics.forth.gr/parthenos_vocabularies/Concept/7099,[],[],"[""skos:Concept""]",true,false negative
dh,idai-parthenos,logmap-2026.tar.gz,[],[],"[""skos:Concept""]",http://thesauri.dainst.org/_c332e252,=,0.0,https://isl.ics.forth.gr/parthenos_vocabularies/Concept/7213,[],[],"[""skos:Concept""]",true,false negative
dh,idai-parthenos,logmap-2026.tar.gz,[],[],"[""skos:Concept""]",http://thesauri.dainst.org/_fe470a76,=,0.0,https://isl.ics.forth.gr/parthenos_vocabularies/Concept/7194,[],[],"[""skos:Concept""]",true,false negative
dh,idai-parthenos,logmap-2026.tar.gz,[],[],"[""skos:Concept""]",http://thesauri.dainst.org/_a671d80c,=,0.0,https://isl.ics.forth.gr/parthenos_vocabularies/Concept/7146,[],[],"[""skos:Concept""]",true,false negative
dh,idai-parthenos,logmap-2026.tar.gz,[],[],"[""skos:Concept""]",http://thesauri.dainst.org/_b9892df7,=,0.0,https://isl.ics.forth.gr/parthenos_vocabularies/Concept/7243,[],[],"[""skos:Concept""]",true,false negative
dh,idai-parthenos,logmap-2026.tar.gz,[],[],"[""skos:Concept""]",http://thesauri.dainst.org/_0117de29,=,0.0,https://isl.ics.forth.gr/parthenos_vocabularies/Concept/7263,[],[],"[""skos:Concept""]",true,false negative
dh,idai-parthenos,logmap-2026.tar.gz,[],[],"[""skos:Concept""]",http://thesauri.dainst.org/_64e2871b,=,0.0,https://isl.ics.forth.gr/parthenos_vocabularies/Concept/7172,[],[],"[""skos:Concept""]",true,false negative
dh,idai-parthenos,logmap-2026.tar.gz,[],[],"[""skos:Concept""]",http://thesauri.dainst.org/_1591f7f8,=,0.0,https://isl.ics.forth.gr/parthenos_vocabularies/Concept/7222,[],[],"[""skos:Concept""]",true,false negative
dh,idai-parthenos,logmap-2026.tar.gz,[],[],"[""skos:Concept""]",http://thesauri.dainst.org/_0117de29,=,0.0,https://isl.ics.forth.gr/parthenos_vocabularies/Concept/7192,[],[],"[""skos:Concept""]",true,false negative
dh,idai-parthenos,logmap-2026.tar.gz,[],[],"[""skos:Concept""]",http://thesauri.dainst.org/_2b089ca4,=,0.0,https://isl.ics.forth.gr/parthenos_vocabularies/Concept/7214,[],[],"[""skos:Concept""]",true,false negative
dh,idai-parthenos,logmap-2026.tar.gz,[],[],"[""skos:Concept""]",http://thesauri.dainst.org/_4d1096fb,=,0.0,https://isl.ics.forth.gr/parthenos_vocabularies/Concept/7136,[],[],"[""skos:Concept""]",true,false negative
dh,idai-parthenos,logmap-2026.tar.gz,[],[],"[""skos:Concept""]",http://thesauri.dainst.org/_2e5fdad9,=,0.0,https://isl.ics.forth.gr/parthenos_vocabularies/Concept/7238,[],[],"[""skos:Concept""]",true,false negative
dh,idai-parthenos,logmap-2026.tar.gz,[],[],"[""skos:Concept""]",http://thesauri.dainst.org/_4184afc2,=,0.0,https://isl.ics.forth.gr/parthenos_vocabularies/Concept/7164,[],[],"[""skos:Concept""]",true,false negative
dh,idai-parthenos,logmap-2026.tar.gz,[],[],"[""skos:Concept""]",http://thesauri.dainst.org/_3daffa4b,=,0.0,https://isl.ics.forth.gr/parthenos_vocabularies/Concept/7190,[],[],"[""skos:Concept""]",true,false negative
dh,idai-parthenos,logmap-2026.tar.gz,[],[],"[""skos:Concept""]",http://thesauri.dainst.org/_b34a7579,=,0.0,https://isl.ics.forth.gr/parthenos_vocabularies/Concept/7154,[],[],"[""skos:Concept""]",true,false negative
dh,defc-pactols,lsmatch-2026.tar.gz,[],[],"[""skos:Concept""]",https://vocabs.acdh.oeaw.ac.at/defcthesaurus/pit/5.4,=,0.0,https://ark.frantiq.fr/ark:/26678/pcrtms2OAv82PY,[],[],"[""skos:Concept""]",true,false negative
dh,defc-pactols,lsmatch-2026.tar.gz,[],[],"[""skos:Concept""]",https://vocabs.acdh.oeaw.ac.at/defcthesaurus/hearth/5.3,=,0.0,https://ark.frantiq.fr/ark:/26678/pcrtJUwAaZ7Nz9,[],[],"[""skos:Concept""]",true,false negative
dh,defc-pactols,lsmatch-2026.tar.gz,[],[],"[""skos:Concept""]",https://vocabs.acdh.oeaw.ac.at/defcthesaurus/cairn/5.8,=,0.0,https://ark.frantiq.fr/ark:/26678/pcrtAqKgmvERHQ,[],[],"[""skos:Concept""]",true,false negative
dh,defc-pactols,lsmatch-2026.tar.gz,[],[],"[""skos:Concept""]",https://vocabs.acdh.oeaw.ac.at/defcthesaurus/fireplace/5.1,=,0.0,https://ark.frantiq.fr/ark:/26678/pcrtJUwAaZ7Nz9,[],[],"[""skos:Concept""]",true,false negative
dh,defc-pactols,lsmatch-2026.tar.gz,[],[],"[""skos:Concept""]",https://vocabs.acdh.oeaw.ac.at/defcthesaurus/pile_dwelling/5.4,=,0.0,https://ark.frantiq.fr/ark:/26678/pcrt5MQsnfNDTD,[],[],"[""skos:Concept""]",true,false negative
dh,defc-pactols,lsmatch-2026.tar.gz,[],[],"[""skos:Concept""]",https://vocabs.acdh.oeaw.ac.at/defcthesaurus/waste_pit/5.20,=,0.0,https://ark.frantiq.fr/ark:/26678/pcrtp5Wcpmp9I3,[],[],"[""skos:Concept""]",true,false negative
dh,defc-pactols,lsmatch-2026.tar.gz,[],[],"[""skos:Concept""]",https://vocabs.acdh.oeaw.ac.at/defcthesaurus/settlement_enclosure/4.073,=,0.0,https://ark.frantiq.fr/ark:/26678/pcrtKei7jxhn32,[],[],"[""skos:Concept""]",true,false negative
dh,defc-pactols,lsmatch-2026.tar.gz,"[""Concept""]",[],"[""owl:Class""]",http://www.w3.org/2004/02/skos/core#Concept,=,1.0,http://www.w3.org/2004/02/skos/core#Concept,"[""Concept""]",[],"[""owl:Class""]",false,false positive
dh,defc-pactols,lsmatch-2026.tar.gz,[],[],"[""skos:Concept""]",https://vocabs.acdh.oeaw.ac.at/defcthesaurus/cave/3.1,=,0.0,https://ark.frantiq.fr/ark:/26678/pcrtxKnfzXYMxK,[],[],"[""skos:Concept""]",true,false negative
dh,defc-pactols,lsmatch-2026.tar.gz,[],[],"[""skos:Concept""]",https://vocabs.acdh.oeaw.ac.at/defcthesaurus/rock_shelter/3.2,=,0.0,https://ark.frantiq.fr/ark:/26678/pcrtkeLpJpVN4t,[],[],"[""skos:Concept""]",true,false negative
dh,defc-pactols,lsmatch-2026.tar.gz,[],[],"[""skos:Concept""]",https://vocabs.acdh.oeaw.ac.at/defcthesaurus/tell/4.2,=,0.0,https://ark.frantiq.fr/ark:/26678/pcrtx4sFxmENjb,[],[],"[""skos:Concept""]",true,false negative
dh,oeai-parthenos,logmap-bio-2026.tar.gz,[],[],"[""skos:Concept""]",https://vocabs.acdh.oeaw.ac.at/oeai-cultural-periods/concept23528,=,0.0,https://isl.ics.forth.gr/parthenos_vocabularies/Concept/7099,[],[],"[""skos:Concept""]",true,false negative
dh,oeai-parthenos,logmap-bio-2026.tar.gz,[],[],"[""skos:Concept""]",https://vocabs.acdh.oeaw.ac.at/oeai-cultural-periods/concept23276,=,0.0,https://isl.ics.forth.gr/parthenos_vocabularies/Concept/7147,[],[],"[""skos:Concept""]",true,false negative
dh,oeai-parthenos,logmap-bio-2026.tar.gz,[],[],"[""skos:Concept""]",https://vocabs.acdh.oeaw.ac.at/oeai-cultural-periods/concept23560,=,0.0,https://isl.ics.forth.gr/parthenos_vocabularies/Concept/7107,[],[],"[""skos:Concept""]",true,false negative
dh,oeai-parthenos,logmap-bio-2026.tar.gz,[],[],"[""skos:Concept""]",https://vocabs.acdh.oeaw.ac.at/oeai-cultural-periods/concept23544,=,0.0,https://isl.ics.forth.gr/parthenos_vocabularies/Concept/7188,[],[],"[""skos:Concept""]",true,false negative
dh,oeai-parthenos,logmap-bio-2026.tar.gz,[],[],"[""skos:Concept""]",https://vocabs.acdh.oeaw.ac.at/oeai-cultural-periods/concept23194,=,0.0,https://isl.ics.forth.gr/parthenos_vocabularies/Concept/7215,[],[],"[""skos:Concept""]",true,false negative
dh,oeai-parthenos,logmap-bio-2026.tar.gz,[],[],"[""skos:Concept""]",https://vocabs.acdh.oeaw.ac.at/oeai-cultural-periods/concept23318,=,0.0,https://isl.ics.forth.gr/parthenos_vocabularies/Concept/7125,[],[],"[""skos:Concept""]",true,false negative
dh,oeai-parthenos,logmap-bio-2026.tar.gz,[],[],"[""skos:Concept""]",https://vocabs.acdh.oeaw.ac.at/oeai-cultural-periods/concept23317,=,0.0,https://isl.ics.forth.gr/parthenos_vocabularies/Concept/7115,[],[],"[""skos:Concept""]",true,false negative
dh,oeai-parthenos,logmap-bio-2026.tar.gz,[],[],"[""skos:Concept""]",https://vocabs.acdh.oeaw.ac.at/oeai-cultural-periods/concept23275,=,0.0,https://isl.ics.forth.gr/parthenos_vocabularies/Concept/7216,[],[],"[""skos:Concept""]",true,false negative
dh,oeai-parthenos,logmap-bio-2026.tar.gz,[],[],"[""skos:Concept""]",https://vocabs.acdh.oeaw.ac.at/oeai-cultural-periods/concept23274,=,0.0,https://isl.ics.forth.gr/parthenos_vocabularies/Concept/7194,[],[],"[""skos:Concept""]",true,false negative
dh,oeai-parthenos,logmap-bio-2026.tar.gz,[],[],"[""skos:Concept""]",https://vocabs.acdh.oeaw.ac.at/oeai-cultural-periods/concept23546,=,0.0,https://isl.ics.forth.gr/parthenos_vocabularies/Concept/7184,[],[],"[""skos:Concept""]",true,false negative
dh,oeai-parthenos,logmap-bio-2026.tar.gz,[],[],"[""skos:Concept""]",https://vocabs.acdh.oeaw.ac.at/oeai-cultural-periods/concept23558,=,0.0,https://isl.ics.forth.gr/parthenos_vocabularies/Concept/7118,[],[],"[""skos:Concept""]",true,false negative
dh,oeai-parthenos,logmap-bio-2026.tar.gz,[],[],"[""skos:Concept""]",https://vocabs.acdh.oeaw.ac.at/oeai-cultural-periods/concept23531,=,0.0,https://isl.ics.forth.gr/parthenos_vocabularies/Concept/7246,[],[],"[""skos:Concept""]",true,false negative
dh,oeai-parthenos,logmap-bio-2026.tar.gz,[],[],"[""skos:Concept""]",https://vocabs.acdh.oeaw.ac.at/oeai-cultural-periods/concept23272,=,0.0,https://isl.ics.forth.gr/parthenos_vocabularies/Concept/7266,[],[],"[""skos:Concept""]",true,false negative
dh,oeai-parthenos,logmap-bio-2026.tar.gz,[],[],"[""skos:Concept""]",https://vocabs.acdh.oeaw.ac.at/oeai-cultural-periods/concept23543,=,0.0,https://isl.ics.forth.gr/parthenos_vocabularies/Concept/7243,[],[],"[""skos:Concept""]",true,false negative
dh,oeai-parthenos,logmap-bio-2026.tar.gz,[],[],"[""skos:Concept""]",https://vocabs.acdh.oeaw.ac.at/oeai-cultural-periods/concept23316,=,0.0,https://isl.ics.forth.gr/parthenos_vocabularies/Concept/7237,[],[],"[""skos:Concept""]",true,false negative
dh,oeai-parthenos,logmap-bio-2026.tar.gz,[],[],"[""skos:Concept""]",https://vocabs.acdh.oeaw.ac.at/oeai-cultural-periods/concept23273,=,0.0,https://isl.ics.forth.gr/parthenos_vocabularies/Concept/7247,[],[],"[""skos:Concept""]",true,false negative
dh,oeai-parthenos,logmap-bio-2026.tar.gz,[],[],"[""skos:Concept""]",https://vocabs.acdh.oeaw.ac.at/oeai-cultural-periods/concept23225,=,0.0,https://isl.ics.forth.gr/parthenos_vocabularies/Concept/7094,[],[],"[""skos:Concept""]",true,false negative
dh,oeai-parthenos,logmap-bio-2026.tar.gz,[],[],"[""skos:Concept""]",https://vocabs.acdh.oeaw.ac.at/oeai-cultural-periods/concept23522,=,0.0,https://isl.ics.forth.gr/parthenos_vocabularies/Concept/7224,[],[],"[""skos:Concept""]",true,false negative
dh,oeai-parthenos,logmap-bio-2026.tar.gz,[],[],"[""skos:Concept""]",https://vocabs.acdh.oeaw.ac.at/oeai-cultural-periods/concept23559,=,0.0,https://isl.ics.forth.gr/parthenos_vocabularies/Concept/7227,[],[],"[""skos:Concept""]",true,false negative
dh,oeai-parthenos,logmap-bio-2026.tar.gz,[],[],"[""skos:Concept""]",https://vocabs.acdh.oeaw.ac.at/oeai-cultural-periods/concept23226,=,0.0,https://isl.ics.forth.gr/parthenos_vocabularies/Concept/7238,[],[],"[""skos:Concept""]",true,false negative
dh,oeai-parthenos,logmap-bio-2026.tar.gz,[],[],"[""skos:Concept""]",https://vocabs.acdh.oeaw.ac.at/oeai-cultural-periods/concept23316,=,0.0,https://isl.ics.forth.gr/parthenos_vocabularies/Concept/7169,[],[],"[""skos:Concept""]",true,false negative
dh,oeai-parthenos,logmap-bio-2026.tar.gz,[],[],"[""skos:Concept""]",https://vocabs.acdh.oeaw.ac.at/oeai-cultural-periods/concept23271,=,0.0,https://isl.ics.forth.gr/parthenos_vocabularies/Concept/7140,[],[],"[""skos:Concept""]",true,false negative
dh,oeai-parthenos,logmap-bio-2026.tar.gz,[],[],"[""skos:Concept""]",https://vocabs.acdh.oeaw.ac.at/oeai-cultural-periods/concept23314,=,0.0,https://isl.ics.forth.gr/parthenos_vocabularies/Concept/7114,[],[],"[""skos:Concept""]",true,false negative
dh,oeai-parthenos,logmap-bio-2026.tar.gz,[],[],"[""skos:Concept""]",https://vocabs.acdh.oeaw.ac.at/oeai-cultural-periods/concept23495,=,0.0,https://isl.ics.forth.gr/parthenos_vocabularies/Concept/7172,[],[],"[""skos:Concept""]",true,false negative
dh,oeai-parthenos,logmap-bio-2026.tar.gz,[],[],"[""skos:Concept""]",https://vocabs.acdh.oeaw.ac.at/oeai-cultural-periods/concept23315,=,0.0,https://isl.ics.forth.gr/parthenos_vocabularies/Concept/7116,[],[],"[""skos:Concept""]",true,false negative
dh,oeai-parthenos,logmap-bio-2026.tar.gz,[],[],"[""skos:Concept""]",https://vocabs.acdh.oeaw.ac.at/oeai-cultural-periods/concept23247,=,0.0,https://isl.ics.forth.gr/parthenos_vocabularies/Concept/7189,[],[],"[""skos:Concept""]",true,false negative
dh,oeai-parthenos,logmap-bio-2026.tar.gz,[],[],"[""skos:Concept""]",https://vocabs.acdh.oeaw.ac.at/oeai-cultural-periods/concept23532,=,0.0,https://isl.ics.forth.gr/parthenos_vocabularies/Concept/7179,[],[],"[""skos:Concept""]",true,false negative
dh,oeai-parthenos,logmap-bio-2026.tar.gz,[],[],"[""skos:Concept""]",https://vocabs.acdh.oeaw.ac.at/oeai-cultural-periods/concept23243,=,0.0,https://isl.ics.forth.gr/parthenos_vocabularies/Concept/7146,[],[],"[""skos:Concept""]",true,false negative
dh,oeai-parthenos,logmap-bio-2026.tar.gz,[],[],"[""skos:Concept""]",https://vocabs.acdh.oeaw.ac.at/oeai-cultural-periods/concept23256,=,0.0,https://isl.ics.forth.gr/parthenos_vocabularies/Concept/7130,[],[],"[""skos:Concept""]",true,false negative
dh,oeai-parthenos,logmap-bio-2026.tar.gz,[],[],"[""skos:Concept""]",https://vocabs.acdh.oeaw.ac.at/oeai-cultural-periods/concept23251,=,0.0,https://isl.ics.forth.gr/parthenos_vocabularies/Concept/7208,[],[],"[""skos:Concept""]",true,false negative
dh,oeai-parthenos,logmap-bio-2026.tar.gz,[],[],"[""skos:Concept""]",https://vocabs.acdh.oeaw.ac.at/oeai-cultural-periods/concept23530,=,0.0,https://isl.ics.forth.gr/parthenos_vocabularies/Concept/7219,[],[],"[""skos:Concept""]",true,false negative
dh,oeai-parthenos,logmap-bio-2026.tar.gz,[],[],"[""skos:Concept""]",https://vocabs.acdh.oeaw.ac.at/oeai-cultural-periods/concept23536,=,0.0,https://isl.ics.forth.gr/parthenos_vocabularies/Concept/7087,[],[],"[""skos:Concept""]",true,false negative
dh,oeai-parthenos,logmap-bio-2026.tar.gz,[],[],"[""skos:Concept""]",https://vocabs.acdh.oeaw.ac.at/oeai-cultural-periods/concept23317,=,0.0,https://isl.ics.forth.gr/parthenos_vocabularies/Concept/7199,[],[],"[""skos:Concept""]",true,false negative
dh,oeai-parthenos,logmap-bio-2026.tar.gz,[],[],"[""skos:Concept""]",https://vocabs.acdh.oeaw.ac.at/oeai-cultural-periods/concept23244,=,0.0,https://isl.ics.forth.gr/parthenos_vocabularies/Concept/7268,[],[],"[""skos:Concept""]",true,false negative
dh,oeai-parthenos,logmap-bio-2026.tar.gz,[],[],"[""skos:Concept""]",https://vocabs.acdh.oeaw.ac.at/oeai-cultural-periods/concept23502,=,0.0,https://isl.ics.forth.gr/parthenos_vocabularies/Concept/7233,[],[],"[""skos:Concept""]",true,false negative
dh,oeai-parthenos,logmap-bio-2026.tar.gz,[],[],"[""skos:Concept""]",https://vocabs.acdh.oeaw.ac.at/oeai-cultural-periods/concept23516,=,0.0,https://isl.ics.forth.gr/parthenos_vocabularies/Concept/7225,[],[],"[""skos:Concept""]",true,false negative
dh,oeai-parthenos,logmap-bio-2026.tar.gz,[],[],"[""skos:Concept""]",https://vocabs.acdh.oeaw.ac.at/oeai-cultural-periods/concept23260,=,0.0,https://isl.ics.forth.gr/parthenos_vocabularies/Concept/7239,[],[],"[""skos:Concept""]",true,false negative
dh,oeai-parthenos,logmap-bio-2026.tar.gz,[],[],"[""skos:Concept""]",https://vocabs.acdh.oeaw.ac.at/oeai-cultural-periods/concept23195,=,0.0,https://isl.ics.forth.gr/parthenos_vocabularies/Concept/7221,[],[],"[""skos:Concept""]",true,false negative
dh,oeai-parthenos,logmap-bio-2026.tar.gz,[],[],"[""skos:Concept""]",https://vocabs.acdh.oeaw.ac.at/oeai-cultural-periods/concept23553,=,0.0,https://isl.ics.forth.gr/parthenos_vocabularies/Concept/7142,[],[],"[""skos:Concept""]",true,false negative
dh,oeai-parthenos,logmap-bio-2026.tar.gz,[],[],"[""skos:Concept""]",https://vocabs.acdh.oeaw.ac.at/oeai-cultural-periods/concept23315,=,0.0,https://isl.ics.forth.gr/parthenos_vocabularies/Concept/7152,[],[],"[""skos:Concept""]",true,false negative
dh,oeai-parthenos,logmap-bio-2026.tar.gz,[],[],"[""skos:Concept""]",https://vocabs.acdh.oeaw.ac.at/oeai-cultural-periods/concept23195,=,0.0,https://isl.ics.forth.gr/parthenos_vocabularies/Concept/7236,[],[],"[""skos:Concept""]",true,false negative
dh,oeai-parthenos,logmap-bio-2026.tar.gz,[],[],"[""skos:Concept""]",https://vocabs.acdh.oeaw.ac.at/oeai-cultural-periods/concept23531,=,0.0,https://isl.ics.forth.gr/parthenos_vocabularies/Concept/7207,[],[],"[""skos:Concept""]",true,false negative
dh,oeai-parthenos,logmap-bio-2026.tar.gz,[],[],"[""skos:Concept""]",https://vocabs.acdh.oeaw.ac.at/oeai-cultural-periods/concept23514,=,0.0,https://isl.ics.forth.gr/parthenos_vocabularies/Concept/7200,[],[],"[""skos:Concept""]",true,false negative
dh,oeai-parthenos,logmap-bio-2026.tar.gz,[],[],"[""skos:Concept""]",https://vocabs.acdh.oeaw.ac.at/oeai-cultural-periods/concept23545,=,0.0,https://isl.ics.forth.gr/parthenos_vocabularies/Concept/7145,[],[],"[""skos:Concept""]",true,false negative
dh,oeai-parthenos,logmap-bio-2026.tar.gz,[],[],"[""skos:Concept""]",https://vocabs.acdh.oeaw.ac.at/oeai-cultural-periods/concept23196,=,0.0,https://isl.ics.forth.gr/parthenos_vocabularies/Concept/7139,[],[],"[""skos:Concept""]",true,false negative
dh,oeai-parthenos,logmap-bio-2026.tar.gz,[],[],"[""skos:Concept""]",https://vocabs.acdh.oeaw.ac.at/oeai-cultural-periods/concept23498,=,0.0,https://isl.ics.forth.gr/parthenos_vocabularies/Concept/7171,[],[],"[""skos:Concept""]",true,false negative
dh,oeai-parthenos,logmap-bio-2026.tar.gz,[],[],"[""skos:Concept""]",https://vocabs.acdh.oeaw.ac.at/oeai-cultural-periods/concept23503,=,0.0,https://isl.ics.forth.gr/parthenos_vocabularies/Concept/7249,[],[],"[""skos:Concept""]",true,false negative
dh,ironagedanube-pactols,logmap-kg-2026.tar.gz,[],[],"[""skos:Concept""]",https://vocabs.acdh.oeaw.ac.at/iadthesaurus/scheme/concept382,=,0.87,https://ark.frantiq.fr/ark:/26678/pcrt7XYoF5la6b,[],[],"[""skos:Concept""]",false,false positive
dh,ironagedanube-pactols,logmap-kg-2026.tar.gz,[],[],"[""skos:Concept""]",https://vocabs.acdh.oeaw.ac.at/iadthesaurus/scheme/concept341,=,1.0,https://ark.frantiq.fr/ark:/26678/pcrts62Z2hl4ux,[],[],"[""skos:Concept""]",true,true positive
dh,ironagedanube-pactols,logmap-kg-2026.tar.gz,[],[],"[""skos:Concept""]",https://vocabs.acdh.oeaw.ac.at/iadthesaurus/scheme/concept336,=,1.0,https://ark.frantiq.fr/ark:/26678/pcrthcbe2XySTb,[],[],"[""skos:Concept""]",true,true positive
dh,ironagedanube-pactols,logmap-kg-2026.tar.gz,[],[],"[""skos:Concept""]",https://vocabs.acdh.oeaw.ac.at/iadthesaurus/scheme/concept340,=,1.0,https://ark.frantiq.fr/ark:/26678/pcrtkeLpJpVN4t,[],[],"[""skos:Concept""]",false,false positive
dh,ironagedanube-pactols,logmap-kg-2026.tar.gz,[],[],"[""skos:Concept""]",https://vocabs.acdh.oeaw.ac.at/iadthesaurus/scheme/concept369,=,1.0,https://ark.frantiq.fr/ark:/26678/pcrtms2OAv82PY,[],[],"[""skos:Concept""]",false,false positive
dh,ironagedanube-pactols,logmap-kg-2026.tar.gz,[],[],"[""skos:Concept""]",https://vocabs.acdh.oeaw.ac.at/iadthesaurus/scheme/concept308,=,0.83,https://ark.frantiq.fr/ark:/26678/pcrtRIPguI6ugI,[],[],"[""skos:Concept""]",false,false positive
dh,ironagedanube-pactols,logmap-kg-2026.tar.gz,[],[],"[""skos:Concept""]",https://vocabs.acdh.oeaw.ac.at/iadthesaurus/scheme/concept322,=,1.0,https://ark.frantiq.fr/ark:/26678/pcrtms2OAv82PY,[],[],"[""skos:Concept""]",false,false positive
dh,ironagedanube-pactols,logmap-kg-2026.tar.gz,[],[],"[""skos:Concept""]",https://vocabs.acdh.oeaw.ac.at/iadthesaurus/scheme/concept319,=,0.0,https://ark.frantiq.fr/ark:/26678/pcrtSu7E2Qh0Xv,[],[],"[""skos:Concept""]",true,false negative
dh,ironagedanube-pactols,logmap-kg-2026.tar.gz,[],[],"[""skos:Concept""]",https://vocabs.acdh.oeaw.ac.at/iadthesaurus/scheme/concept387,=,1.0,https://ark.frantiq.fr/ark:/26678/pcrtxKnfzXYMxK,[],[],"[""skos:Concept""]",true,true positive
dh,ironagedanube-pactols,logmap-kg-2026.tar.gz,[],[],"[""skos:Concept""]",https://vocabs.acdh.oeaw.ac.at/iadthesaurus/scheme/concept495,=,0.83,https://ark.frantiq.fr/ark:/26678/pcrt9PJh9aTXv4,[],[],"[""skos:Concept""]",false,false positive
dh,ironagedanube-pactols,logmap-kg-2026.tar.gz,[],[],"[""skos:Concept""]",https://vocabs.acdh.oeaw.ac.at/iadthesaurus/scheme/concept338,=,1.0,https://ark.frantiq.fr/ark:/26678/pcrtF9P4mbuyGk,[],[],"[""skos:Concept""]",true,true positive
dh,pactols-parthenos,lsmatch-2026.tar.gz,[],[],"[""skos:Concept""]",https://ark.frantiq.fr/ark:/26678/pcrtxKnfzXYMxK,=,0.0,https://isl.ics.forth.gr/parthenos_vocabularies/Concept/32324,[],[],"[""skos:Concept""]",true,false negative
dh,pactols-parthenos,lsmatch-2026.tar.gz,[],[],"[""skos:Concept""]",https://ark.frantiq.fr/ark:/26678/pcrtfUWF9GVr4q,=,0.0,https://isl.ics.forth.gr/parthenos_vocabularies/Concept/32290,[],[],"[""skos:Concept""]",true,false negative
dh,pactols-parthenos,lsmatch-2026.tar.gz,[],[],"[""skos:Concept""]",https://ark.frantiq.fr/ark:/26678/pcrtVhTRix41ic,=,0.0,https://isl.ics.forth.gr/parthenos_vocabularies/Concept/32286,[],[],"[""skos:Concept""]",true,false negative
dh,pactols-parthenos,lsmatch-2026.tar.gz,[],[],"[""skos:Concept""]",https://ark.frantiq.fr/ark:/26678/pcrt9PJh9aTXv4,=,0.0,https://isl.ics.forth.gr/parthenos_vocabularies/Concept/32349,[],[],"[""skos:Concept""]",true,false negative
dh,pactols-parthenos,lsmatch-2026.tar.gz,[],[],"[""skos:Concept""]",https://ark.frantiq.fr/ark:/26678/pcrtx4sFxmENjb,=,0.0,https://isl.ics.forth.gr/parthenos_vocabularies/Concept/32867,[],[],"[""skos:Concept""]",true,false negative
dh,pactols-parthenos,lsmatch-2026.tar.gz,[],[],"[""skos:Concept""]",https://ark.frantiq.fr/ark:/26678/pcrtAqKgmvERHQ,=,0.0,https://isl.ics.forth.gr/parthenos_vocabularies/Concept/32641,[],[],"[""skos:Concept""]",true,false negative
dh,pactols-parthenos,lsmatch-2026.tar.gz,[],[],"[""skos:Concept""]",https://ark.frantiq.fr/ark:/26678/pcrtF9P4mbuyGk,=,0.0,https://isl.ics.forth.gr/parthenos_vocabularies/Concept/32655,[],[],"[""skos:Concept""]",true,false negative
dh,pactols-parthenos,lsmatch-2026.tar.gz,[],[],"[""skos:Concept""]",https://ark.frantiq.fr/ark:/26678/pcrtHIjtOg1P75,=,0.0,https://isl.ics.forth.gr/parthenos_vocabularies/Concept/32228,[],[],"[""skos:Concept""]",true,false negative
dh,pactols-parthenos,lsmatch-2026.tar.gz,[],[],"[""skos:Concept""]",https://ark.frantiq.fr/ark:/26678/pcrtkeLpJpVN4t,=,0.0,https://isl.ics.forth.gr/parthenos_vocabularies/Concept/32490,[],[],"[""skos:Concept""]",true,false negative
dh,pactols-parthenos,lsmatch-2026.tar.gz,[],[],"[""skos:Concept""]",https://ark.frantiq.fr/ark:/26678/pcrtXGgQa70ZVU,=,0.0,https://isl.ics.forth.gr/parthenos_vocabularies/Concept/32971,[],[],"[""skos:Concept""]",true,false negative
dh,pactols-parthenos,lsmatch-2026.tar.gz,"[""Concept""]",[],"[""owl:Class""]",http://www.w3.org/2004/02/skos/core#Concept,=,1.0,http://www.w3.org/2004/02/skos/core#Concept,"[""Concept""]",[],"[""owl:Class""]",false,false positive
dh,pactols-parthenos,lsmatch-2026.tar.gz,[],[],"[""skos:Concept""]",https://ark.frantiq.fr/ark:/26678/crtdVpqD9Y6ym,=,0.0,https://isl.ics.forth.gr/parthenos_vocabularies/Concept/32318,[],[],"[""skos:Concept""]",true,false negative
dh,pactols-parthenos,lsmatch-2026.tar.gz,[],[],"[""skos:Concept""]",https://ark.frantiq.fr/ark:/26678/pcrts62Z2hl4ux,=,0.0,https://isl.ics.forth.gr/parthenos_vocabularies/Concept/32910,[],[],"[""skos:Concept""]",true,false negative
dh,oeai-parthenos,logmap-lite-2026.tar.gz,[],[],"[""skos:Concept""]",https://vocabs.acdh.oeaw.ac.at/oeai-cultural-periods/concept23528,=,0.0,https://isl.ics.forth.gr/parthenos_vocabularies/Concept/7099,[],[],"[""skos:Concept""]",true,false negative
dh,oeai-parthenos,logmap-lite-2026.tar.gz,[],[],"[""skos:Concept""]",https://vocabs.acdh.oeaw.ac.at/oeai-cultural-periods/concept23318,=,0.0,https://isl.ics.forth.gr/parthenos_vocabularies/Concept/7125,[],[],"[""skos:Concept""]",true,false negative
dh,oeai-parthenos,logmap-lite-2026.tar.gz,[],[],"[""skos:Concept""]",https://vocabs.acdh.oeaw.ac.at/oeai-cultural-periods/concept23275,=,0.0,https://isl.ics.forth.gr/parthenos_vocabularies/Concept/7216,[],[],"[""skos:Concept""]",true,false negative
dh,oeai-parthenos,logmap-lite-2026.tar.gz,[],[],"[""skos:Concept""]",https://vocabs.acdh.oeaw.ac.at/oeai-cultural-periods/concept23274,=,0.0,https://isl.ics.forth.gr/parthenos_vocabularies/Concept/7194,[],[],"[""skos:Concept""]",true,false negative
dh,oeai-parthenos,logmap-lite-2026.tar.gz,[],[],"[""skos:Concept""]",https://vocabs.acdh.oeaw.ac.at/oeai-cultural-periods/concept23546,=,0.0,https://isl.ics.forth.gr/parthenos_vocabularies/Concept/7184,[],[],"[""skos:Concept""]",true,false negative
dh,oeai-parthenos,logmap-lite-2026.tar.gz,[],[],"[""skos:Concept""]",https://vocabs.acdh.oeaw.ac.at/oeai-cultural-periods/concept23272,=,0.0,https://isl.ics.forth.gr/parthenos_vocabularies/Concept/7266,[],[],"[""skos:Concept""]",true,false negative
dh,oeai-parthenos,logmap-lite-2026.tar.gz,[],[],[],http://www.w3.org/2004/02/skos/core#ConceptScheme,=,1.0,http://www.w3.org/2004/02/skos/core#ConceptScheme,[],[],[],false,false positive
dh,oeai-parthenos,logmap-lite-2026.tar.gz,[],[],"[""skos:Concept""]",https://vocabs.acdh.oeaw.ac.at/oeai-cultural-periods/concept23225,=,0.0,https://isl.ics.forth.gr/parthenos_vocabularies/Concept/7094,[],[],"[""skos:Concept""]",true,false negative
dh,oeai-parthenos,logmap-lite-2026.tar.gz,[],[],"[""skos:Concept""]",https://vocabs.acdh.oeaw.ac.at/oeai-cultural-periods/concept23316,=,0.0,https://isl.ics.forth.gr/parthenos_vocabularies/Concept/7169,[],[],"[""skos:Concept""]",true,false negative
dh,oeai-parthenos,logmap-lite-2026.tar.gz,[],[],"[""skos:Concept""]",https://vocabs.acdh.oeaw.ac.at/oeai-cultural-periods/concept23315,=,0.0,https://isl.ics.forth.gr/parthenos_vocabularies/Concept/7116,[],[],"[""skos:Concept""]",true,false negative
dh,oeai-parthenos,logmap-lite-2026.tar.gz,[],[],"[""skos:Concept""]",https://vocabs.acdh.oeaw.ac.at/oeai-cultural-periods/concept23247,=,0.0,https://isl.ics.forth.gr/parthenos_vocabularies/Concept/7189,[],[],"[""skos:Concept""]",true,false negative
dh,oeai-parthenos,logmap-lite-2026.tar.gz,[],[],"[""skos:Concept""]",https://vocabs.acdh.oeaw.ac.at/oeai-cultural-periods/concept23243,=,0.0,https://isl.ics.forth.gr/parthenos_vocabularies/Concept/7146,[],[],"[""skos:Concept""]",true,false negative
dh,oeai-parthenos,logmap-lite-2026.tar.gz,[],[],"[""skos:Concept""]",https://vocabs.acdh.oeaw.ac.at/oeai-cultural-periods/concept23536,=,0.0,https://isl.ics.forth.gr/parthenos_vocabularies/Concept/7087,[],[],"[""skos:Concept""]",true,false negative
dh,oeai-parthenos,logmap-lite-2026.tar.gz,[],[],"[""skos:Concept""]",https://vocabs.acdh.oeaw.ac.at/oeai-cultural-periods/concept23317,=,0.0,https://isl.ics.forth.gr/parthenos_vocabularies/Concept/7199,[],[],"[""skos:Concept""]",true,false negative
dh,oeai-parthenos,logmap-lite-2026.tar.gz,[],[],"[""skos:Concept""]",https://vocabs.acdh.oeaw.ac.at/oeai-cultural-periods/concept23244,=,0.0,https://isl.ics.forth.gr/parthenos_vocabularies/Concept/7268,[],[],"[""skos:Concept""]",true,false negative
dh,oeai-parthenos,logmap-lite-2026.tar.gz,[],[],"[""skos:Concept""]",https://vocabs.acdh.oeaw.ac.at/oeai-cultural-periods/concept23516,=,0.0,https://isl.ics.forth.gr/parthenos_vocabularies/Concept/7225,[],[],"[""skos:Concept""]",true,false negative
dh,oeai-parthenos,logmap-lite-2026.tar.gz,[],[],"[""skos:Concept""]",https://vocabs.acdh.oeaw.ac.at/oeai-cultural-periods/concept23260,=,0.0,https://isl.ics.forth.gr/parthenos_vocabularies/Concept/7239,[],[],"[""skos:Concept""]",true,false negative
dh,oeai-parthenos,logmap-lite-2026.tar.gz,[],[],"[""skos:Concept""]",https://vocabs.acdh.oeaw.ac.at/oeai-cultural-periods/concept23553,=,0.0,https://isl.ics.forth.gr/parthenos_vocabularies/Concept/7142,[],[],"[""skos:Concept""]",true,false negative
dh,oeai-parthenos,logmap-lite-2026.tar.gz,[],[],"[""skos:Concept""]",https://vocabs.acdh.oeaw.ac.at/oeai-cultural-periods/concept23514,=,0.0,https://isl.ics.forth.gr/parthenos_vocabularies/Concept/7200,[],[],"[""skos:Concept""]",true,false negative
dh,oeai-parthenos,logmap-lite-2026.tar.gz,[],[],"[""skos:Concept""]",https://vocabs.acdh.oeaw.ac.at/oeai-cultural-periods/concept23498,=,0.0,https://isl.ics.forth.gr/parthenos_vocabularies/Concept/7171,[],[],"[""skos:Concept""]",true,false negative
dh,oeai-parthenos,logmap-lite-2026.tar.gz,[],[],"[""skos:Concept""]",https://vocabs.acdh.oeaw.ac.at/oeai-cultural-periods/concept23276,=,0.0,https://isl.ics.forth.gr/parthenos_vocabularies/Concept/7147,[],[],"[""skos:Concept""]",true,false negative
dh,oeai-parthenos,logmap-lite-2026.tar.gz,[],[],"[""skos:Concept""]",https://vocabs.acdh.oeaw.ac.at/oeai-cultural-periods/concept23560,=,0.0,https://isl.ics.forth.gr/parthenos_vocabularies/Concept/7107,[],[],"[""skos:Concept""]",true,false negative
dh,oeai-parthenos,logmap-lite-2026.tar.gz,[],[],"[""skos:Concept""]",https://vocabs.acdh.oeaw.ac.at/oeai-cultural-periods/concept23544,=,0.0,https://isl.ics.forth.gr/parthenos_vocabularies/Concept/7188,[],[],"[""skos:Concept""]",true,false negative
dh,oeai-parthenos,logmap-lite-2026.tar.gz,[],[],"[""skos:Concept""]",https://vocabs.acdh.oeaw.ac.at/oeai-cultural-periods/concept23194,=,0.0,https://isl.ics.forth.gr/parthenos_vocabularies/Concept/7215,[],[],"[""skos:Concept""]",true,false negative
dh,oeai-parthenos,logmap-lite-2026.tar.gz,[],[],"[""skos:Concept""]",https://vocabs.acdh.oeaw.ac.at/oeai-cultural-periods/concept23317,=,0.0,https://isl.ics.forth.gr/parthenos_vocabularies/Concept/7115,[],[],"[""skos:Concept""]",true,false negative
dh,oeai-parthenos,logmap-lite-2026.tar.gz,[],[],"[""skos:Concept""]",https://vocabs.acdh.oeaw.ac.at/oeai-cultural-periods/concept23558,=,0.0,https://isl.ics.forth.gr/parthenos_vocabularies/Concept/7118,[],[],"[""skos:Concept""]",true,false negative
dh,oeai-parthenos,logmap-lite-2026.tar.gz,[],[],"[""skos:Concept""]",https://vocabs.acdh.oeaw.ac.at/oeai-cultural-periods/concept23531,=,0.0,https://isl.ics.forth.gr/parthenos_vocabularies/Concept/7246,[],[],"[""skos:Concept""]",true,false negative
dh,oeai-parthenos,logmap-lite-2026.tar.gz,[],[],"[""skos:Concept""]",https://vocabs.acdh.oeaw.ac.at/oeai-cultural-periods/concept23543,=,0.0,https://isl.ics.forth.gr/parthenos_vocabularies/Concept/7243,[],[],"[""skos:Concept""]",true,false negative
dh,oeai-parthenos,logmap-lite-2026.tar.gz,[],[],"[""skos:Concept""]",https://vocabs.acdh.oeaw.ac.at/oeai-cultural-periods/concept23316,=,0.0,https://isl.ics.forth.gr/parthenos_vocabularies/Concept/7237,[],[],"[""skos:Concept""]",true,false negative
dh,oeai-parthenos,logmap-lite-2026.tar.gz,[],[],"[""skos:Concept""]",https://vocabs.acdh.oeaw.ac.at/oeai-cultural-periods/concept23273,=,0.0,https://isl.ics.forth.gr/parthenos_vocabularies/Concept/7247,[],[],"[""skos:Concept""]",true,false negative
dh,oeai-parthenos,logmap-lite-2026.tar.gz,[],[],"[""skos:Concept""]",https://vocabs.acdh.oeaw.ac.at/oeai-cultural-periods/concept23522,=,0.0,https://isl.ics.forth.gr/parthenos_vocabularies/Concept/7224,[],[],"[""skos:Concept""]",true,false negative
dh,oeai-parthenos,logmap-lite-2026.tar.gz,[],[],"[""skos:Concept""]",https://vocabs.acdh.oeaw.ac.at/oeai-cultural-periods/concept23559,=,0.0,https://isl.ics.forth.gr/parthenos_vocabularies/Concept/7227,[],[],"[""skos:Concept""]",true,false negative
dh,oeai-parthenos,logmap-lite-2026.tar.gz,[],[],"[""skos:Concept""]",https://vocabs.acdh.oeaw.ac.at/oeai-cultural-periods/concept23226,=,0.0,https://isl.ics.forth.gr/parthenos_vocabularies/Concept/7238,[],[],"[""skos:Concept""]",true,false negative
dh,oeai-parthenos,logmap-lite-2026.tar.gz,[],[],"[""skos:Concept""]",https://vocabs.acdh.oeaw.ac.at/oeai-cultural-periods/concept23271,=,0.0,https://isl.ics.forth.gr/parthenos_vocabularies/Concept/7140,[],[],"[""skos:Concept""]",true,false negative
dh,oeai-parthenos,logmap-lite-2026.tar.gz,[],[],"[""skos:Concept""]",https://vocabs.acdh.oeaw.ac.at/oeai-cultural-periods/concept23314,=,0.0,https://isl.ics.forth.gr/parthenos_vocabularies/Concept/7114,[],[],"[""skos:Concept""]",true,false negative
dh,oeai-parthenos,logmap-lite-2026.tar.gz,[],[],"[""skos:Concept""]",https://vocabs.acdh.oeaw.ac.at/oeai-cultural-periods/concept23495,=,0.0,https://isl.ics.forth.gr/parthenos_vocabularies/Concept/7172,[],[],"[""skos:Concept""]",true,false negative
dh,oeai-parthenos,logmap-lite-2026.tar.gz,[],[],"[""skos:Concept""]",https://vocabs.acdh.oeaw.ac.at/oeai-cultural-periods/concept23532,=,0.0,https://isl.ics.forth.gr/parthenos_vocabularies/Concept/7179,[],[],"[""skos:Concept""]",true,false negative
dh,oeai-parthenos,logmap-lite-2026.tar.gz,[],[],"[""skos:Concept""]",https://vocabs.acdh.oeaw.ac.at/oeai-cultural-periods/concept23256,=,0.0,https://isl.ics.forth.gr/parthenos_vocabularies/Concept/7130,[],[],"[""skos:Concept""]",true,false negative
dh,oeai-parthenos,logmap-lite-2026.tar.gz,[],[],"[""skos:Concept""]",https://vocabs.acdh.oeaw.ac.at/oeai-cultural-periods/concept23251,=,0.0,https://isl.ics.forth.gr/parthenos_vocabularies/Concept/7208,[],[],"[""skos:Concept""]",true,false negative
dh,oeai-parthenos,logmap-lite-2026.tar.gz,[],[],"[""skos:Concept""]",https://vocabs.acdh.oeaw.ac.at/oeai-cultural-periods/concept23530,=,0.0,https://isl.ics.forth.gr/parthenos_vocabularies/Concept/7219,[],[],"[""skos:Concept""]",true,false negative
dh,oeai-parthenos,logmap-lite-2026.tar.gz,[],[],"[""skos:Concept""]",https://vocabs.acdh.oeaw.ac.at/oeai-cultural-periods/concept23502,=,0.0,https://isl.ics.forth.gr/parthenos_vocabularies/Concept/7233,[],[],"[""skos:Concept""]",true,false negative
dh,oeai-parthenos,logmap-lite-2026.tar.gz,[],[],"[""skos:Concept""]",https://vocabs.acdh.oeaw.ac.at/oeai-cultural-periods/concept23195,=,0.0,https://isl.ics.forth.gr/parthenos_vocabularies/Concept/7221,[],[],"[""skos:Concept""]",true,false negative
dh,oeai-parthenos,logmap-lite-2026.tar.gz,[],[],"[""skos:Concept""]",https://vocabs.acdh.oeaw.ac.at/oeai-cultural-periods/concept23315,=,0.0,https://isl.ics.forth.gr/parthenos_vocabularies/Concept/7152,[],[],"[""skos:Concept""]",true,false negative
dh,oeai-parthenos,logmap-lite-2026.tar.gz,[],[],"[""skos:Concept""]",https://vocabs.acdh.oeaw.ac.at/oeai-cultural-periods/concept23195,=,0.0,https://isl.ics.forth.gr/parthenos_vocabularies/Concept/7236,[],[],"[""skos:Concept""]",true,false negative
dh,oeai-parthenos,logmap-lite-2026.tar.gz,"[""Concept""]",[],"[""owl:Class""]",http://www.w3.org/2004/02/skos/core#Concept,=,1.0,http://www.w3.org/2004/02/skos/core#Concept,"[""Concept""]",[],"[""owl:Class""]",false,false positive
dh,oeai-parthenos,logmap-lite-2026.tar.gz,[],[],"[""skos:Concept""]",https://vocabs.acdh.oeaw.ac.at/oeai-cultural-periods/concept23531,=,0.0,https://isl.ics.forth.gr/parthenos_vocabularies/Concept/7207,[],[],"[""skos:Concept""]",true,false negative
dh,oeai-parthenos,logmap-lite-2026.tar.gz,[],[],"[""skos:Concept""]",https://vocabs.acdh.oeaw.ac.at/oeai-cultural-periods/concept23545,=,0.0,https://isl.ics.forth.gr/parthenos_vocabularies/Concept/7145,[],[],"[""skos:Concept""]",true,false negative
dh,oeai-parthenos,logmap-lite-2026.tar.gz,[],[],"[""skos:Concept""]",https://vocabs.acdh.oeaw.ac.at/oeai-cultural-periods/concept23196,=,0.0,https://isl.ics.forth.gr/parthenos_vocabularies/Concept/7139,[],[],"[""skos:Concept""]",true,false negative
dh,oeai-parthenos,logmap-lite-2026.tar.gz,[],[],"[""skos:Concept""]",https://vocabs.acdh.oeaw.ac.at/oeai-cultural-periods/concept23503,=,0.0,https://isl.ics.forth.gr/parthenos_vocabularies/Concept/7249,[],[],"[""skos:Concept""]",true,false negative
dh,tadirah-unesco,logmap-kg-2026.tar.gz,[],[],"[""owl:NamedIndividual"",""skos:Concept""]",https://vocabs.dariah.eu/tadirah/pseudoCoding,=,0.8,http://vocabularies.unesco.org/thesaurus/concept3058,[],[],"[""skos:Concept""]",false,false positive
dh,tadirah-unesco,logmap-kg-2026.tar.gz,[],[],"[""owl:NamedIndividual"",""skos:Concept""]",https://vocabs.dariah.eu/tadirah/audioRecording,=,0.0,http://vocabularies.unesco.org/thesaurus/concept9812,[],[],"[""skos:Concept""]",true,false negative
dh,tadirah-unesco,logmap-kg-2026.tar.gz,[],[],"[""owl:NamedIndividual"",""skos:Concept""]",https://vocabs.dariah.eu/tadirah/cataloging,=,1.0,http://vocabularies.unesco.org/thesaurus/concept3799,[],[],"[""skos:Concept""]",true,true positive
dh,tadirah-unesco,logmap-kg-2026.tar.gz,[],[],"[""owl:NamedIndividual"",""skos:Concept""]",https://vocabs.dariah.eu/tadirah/editing,=,1.0,http://vocabularies.unesco.org/thesaurus/concept3810,[],[],"[""skos:Concept""]",false,false positive
dh,tadirah-unesco,logmap-kg-2026.tar.gz,[],[],"[""owl:NamedIndividual"",""skos:Concept""]",https://vocabs.dariah.eu/tadirah/drawing,=,0.96,http://vocabularies.unesco.org/thesaurus/concept4716,[],[],"[""skos:Concept""]",true,true positive
dh,tadirah-unesco,logmap-kg-2026.tar.gz,[],[],"[""owl:NamedIndividual"",""skos:Concept""]",https://vocabs.dariah.eu/tadirah/patternRecognition,=,1.0,http://vocabularies.unesco.org/thesaurus/concept3054,[],[],"[""skos:Concept""]",true,true positive
dh,tadirah-unesco,logmap-kg-2026.tar.gz,[],[],"[""owl:NamedIndividual"",""skos:Concept""]",https://vocabs.dariah.eu/tadirah/capturing,=,0.91,http://vocabularies.unesco.org/thesaurus/concept7387,[],[],"[""skos:Concept""]",false,false positive
dh,tadirah-unesco,logmap-kg-2026.tar.gz,[],[],"[""owl:NamedIndividual"",""skos:Concept""]",https://vocabs.dariah.eu/tadirah/writing,=,1.0,http://vocabularies.unesco.org/thesaurus/concept5829,[],[],"[""skos:Concept""]",true,true positive
dh,tadirah-unesco,logmap-kg-2026.tar.gz,[],[],"[""owl:NamedIndividual"",""skos:Concept""]",https://vocabs.dariah.eu/tadirah/programming,=,0.0,http://vocabularies.unesco.org/thesaurus/concept521,[],[],"[""skos:Concept""]",true,false negative
dh,tadirah-unesco,logmap-kg-2026.tar.gz,[],[],"[""owl:NamedIndividual"",""skos:Concept""]",https://vocabs.dariah.eu/tadirah/contentAnalysis,=,1.0,http://vocabularies.unesco.org/thesaurus/concept3321,[],[],"[""skos:Concept""]",false,false positive
dh,tadirah-unesco,logmap-kg-2026.tar.gz,[],[],"[""owl:NamedIndividual"",""skos:Concept""]",https://vocabs.dariah.eu/tadirah/editing,=,1.0,http://vocabularies.unesco.org/thesaurus/concept4200,[],[],"[""skos:Concept""]",true,true positive
dh,tadirah-unesco,logmap-kg-2026.tar.gz,[],[],"[""owl:NamedIndividual"",""skos:Concept""]",https://vocabs.dariah.eu/tadirah/disseminating,=,0.0,http://vocabularies.unesco.org/thesaurus/concept512,[],[],"[""skos:Concept""]",true,false negative
dh,tadirah-unesco,logmap-kg-2026.tar.gz,[],[],"[""owl:NamedIndividual"",""skos:Concept""]",https://vocabs.dariah.eu/tadirah/recording,=,1.0,http://vocabularies.unesco.org/thesaurus/concept505,[],[],"[""skos:Concept""]",true,true positive
dh,tadirah-unesco,logmap-kg-2026.tar.gz,[],[],"[""owl:NamedIndividual"",""skos:Concept""]",https://vocabs.dariah.eu/tadirah/publishing,=,1.0,http://vocabularies.unesco.org/thesaurus/concept3810,[],[],"[""skos:Concept""]",true,true positive
dh,tadirah-unesco,logmap-kg-2026.tar.gz,[],[],"[""owl:NamedIndividual"",""skos:Concept""]",https://vocabs.dariah.eu/tadirah/digitalPublishing,=,0.0,http://vocabularies.unesco.org/thesaurus/concept6021,[],[],"[""skos:Concept""]",true,false negative
dh,tadirah-unesco,logmap-kg-2026.tar.gz,[],[],"[""owl:NamedIndividual"",""skos:Concept""]",https://vocabs.dariah.eu/tadirah/informationRetrieval,=,1.0,http://vocabularies.unesco.org/thesaurus/concept514,[],[],"[""skos:Concept""]",true,true positive
dh,tadirah-unesco,logmap-kg-2026.tar.gz,[],[],"[""owl:NamedIndividual"",""skos:Concept""]",https://vocabs.dariah.eu/tadirah/searching,=,0.85,http://vocabularies.unesco.org/thesaurus/concept4479,[],[],"[""skos:Concept""]",false,false positive
dh,tadirah-unesco,logmap-kg-2026.tar.gz,[],[],"[""owl:NamedIndividual"",""skos:Concept""]",https://vocabs.dariah.eu/tadirah/communicating,=,1.0,http://vocabularies.unesco.org/thesaurus/concept460,[],[],"[""skos:Concept""]",false,false positive
dh,tadirah-unesco,logmap-kg-2026.tar.gz,[],[],"[""owl:NamedIndividual"",""skos:Concept""]",https://vocabs.dariah.eu/tadirah/encoding,=,1.0,http://vocabularies.unesco.org/thesaurus/concept5530,[],[],"[""skos:Concept""]",true,true positive
dh,tadirah-unesco,logmap-kg-2026.tar.gz,[],[],"[""owl:NamedIndividual"",""skos:Concept""]",https://vocabs.dariah.eu/tadirah/translating,=,0.8,http://vocabularies.unesco.org/thesaurus/concept3410,[],[],"[""skos:Concept""]",false,false positive
dh,tadirah-unesco,logmap-kg-2026.tar.gz,[],[],"[""owl:NamedIndividual"",""skos:Concept""]",https://vocabs.dariah.eu/tadirah/videoCapture,=,0.0,http://vocabularies.unesco.org/thesaurus/concept3354,[],[],"[""skos:Concept""]",true,false negative
dh,tadirah-unesco,logmap-kg-2026.tar.gz,[],[],"[""owl:NamedIndividual"",""skos:Concept""]",https://vocabs.dariah.eu/tadirah/opticalCharacterRecognition,=,1.0,http://vocabularies.unesco.org/thesaurus/concept4954,[],[],"[""skos:Concept""]",true,true positive
dh,tadirah-unesco,logmap-kg-2026.tar.gz,[],[],"[""owl:NamedIndividual"",""skos:Concept""]",https://vocabs.dariah.eu/tadirah/eMailing,=,0.88,http://vocabularies.unesco.org/thesaurus/concept6661,[],[],"[""skos:Concept""]",false,false positive
dh,tadirah-unesco,logmap-kg-2026.tar.gz,[],[],"[""owl:NamedIndividual"",""skos:Concept""]",https://vocabs.dariah.eu/tadirah/collecting,=,0.9,http://vocabularies.unesco.org/thesaurus/concept3802,[],[],"[""skos:Concept""]",false,false positive
dh,oeai-parthenos,logmap-2026.tar.gz,[],[],"[""skos:Concept""]",https://vocabs.acdh.oeaw.ac.at/oeai-cultural-periods/concept23528,=,0.0,https://isl.ics.forth.gr/parthenos_vocabularies/Concept/7099,[],[],"[""skos:Concept""]",true,false negative
dh,oeai-parthenos,logmap-2026.tar.gz,[],[],"[""skos:Concept""]",https://vocabs.acdh.oeaw.ac.at/oeai-cultural-periods/concept23276,=,0.0,https://isl.ics.forth.gr/parthenos_vocabularies/Concept/7147,[],[],"[""skos:Concept""]",true,false negative
dh,oeai-parthenos,logmap-2026.tar.gz,[],[],"[""skos:Concept""]",https://vocabs.acdh.oeaw.ac.at/oeai-cultural-periods/concept23560,=,0.0,https://isl.ics.forth.gr/parthenos_vocabularies/Concept/7107,[],[],"[""skos:Concept""]",true,false negative
dh,oeai-parthenos,logmap-2026.tar.gz,[],[],"[""skos:Concept""]",https://vocabs.acdh.oeaw.ac.at/oeai-cultural-periods/concept23544,=,0.0,https://isl.ics.forth.gr/parthenos_vocabularies/Concept/7188,[],[],"[""skos:Concept""]",true,false negative
dh,oeai-parthenos,logmap-2026.tar.gz,[],[],"[""skos:Concept""]",https://vocabs.acdh.oeaw.ac.at/oeai-cultural-periods/concept23194,=,0.0,https://isl.ics.forth.gr/parthenos_vocabularies/Concept/7215,[],[],"[""skos:Concept""]",true,false negative
dh,oeai-parthenos,logmap-2026.tar.gz,[],[],"[""skos:Concept""]",https://vocabs.acdh.oeaw.ac.at/oeai-cultural-periods/concept23318,=,0.0,https://isl.ics.forth.gr/parthenos_vocabularies/Concept/7125,[],[],"[""skos:Concept""]",true,false negative
dh,oeai-parthenos,logmap-2026.tar.gz,[],[],"[""skos:Concept""]",https://vocabs.acdh.oeaw.ac.at/oeai-cultural-periods/concept23317,=,0.0,https://isl.ics.forth.gr/parthenos_vocabularies/Concept/7115,[],[],"[""skos:Concept""]",true,false negative
dh,oeai-parthenos,logmap-2026.tar.gz,[],[],"[""skos:Concept""]",https://vocabs.acdh.oeaw.ac.at/oeai-cultural-periods/concept23275,=,0.0,https://isl.ics.forth.gr/parthenos_vocabularies/Concept/7216,[],[],"[""skos:Concept""]",true,false negative
dh,oeai-parthenos,logmap-2026.tar.gz,[],[],"[""skos:Concept""]",https://vocabs.acdh.oeaw.ac.at/oeai-cultural-periods/concept23274,=,0.0,https://isl.ics.forth.gr/parthenos_vocabularies/Concept/7194,[],[],"[""skos:Concept""]",true,false negative
dh,oeai-parthenos,logmap-2026.tar.gz,[],[],"[""skos:Concept""]",https://vocabs.acdh.oeaw.ac.at/oeai-cultural-periods/concept23546,=,0.0,https://isl.ics.forth.gr/parthenos_vocabularies/Concept/7184,[],[],"[""skos:Concept""]",true,false negative
dh,oeai-parthenos,logmap-2026.tar.gz,[],[],"[""skos:Concept""]",https://vocabs.acdh.oeaw.ac.at/oeai-cultural-periods/concept23558,=,0.0,https://isl.ics.forth.gr/parthenos_vocabularies/Concept/7118,[],[],"[""skos:Concept""]",true,false negative
dh,oeai-parthenos,logmap-2026.tar.gz,[],[],"[""skos:Concept""]",https://vocabs.acdh.oeaw.ac.at/oeai-cultural-periods/concept23531,=,0.0,https://isl.ics.forth.gr/parthenos_vocabularies/Concept/7246,[],[],"[""skos:Concept""]",true,false negative
dh,oeai-parthenos,logmap-2026.tar.gz,[],[],"[""skos:Concept""]",https://vocabs.acdh.oeaw.ac.at/oeai-cultural-periods/concept23272,=,0.0,https://isl.ics.forth.gr/parthenos_vocabularies/Concept/7266,[],[],"[""skos:Concept""]",true,false negative
dh,oeai-parthenos,logmap-2026.tar.gz,[],[],"[""skos:Concept""]",https://vocabs.acdh.oeaw.ac.at/oeai-cultural-periods/concept23543,=,0.0,https://isl.ics.forth.gr/parthenos_vocabularies/Concept/7243,[],[],"[""skos:Concept""]",true,false negative
dh,oeai-parthenos,logmap-2026.tar.gz,[],[],"[""skos:Concept""]",https://vocabs.acdh.oeaw.ac.at/oeai-cultural-periods/concept23316,=,0.0,https://isl.ics.forth.gr/parthenos_vocabularies/Concept/7237,[],[],"[""skos:Concept""]",true,false negative
dh,oeai-parthenos,logmap-2026.tar.gz,[],[],"[""skos:Concept""]",https://vocabs.acdh.oeaw.ac.at/oeai-cultural-periods/concept23273,=,0.0,https://isl.ics.forth.gr/parthenos_vocabularies/Concept/7247,[],[],"[""skos:Concept""]",true,false negative
dh,oeai-parthenos,logmap-2026.tar.gz,[],[],"[""skos:Concept""]",https://vocabs.acdh.oeaw.ac.at/oeai-cultural-periods/concept23225,=,0.0,https://isl.ics.forth.gr/parthenos_vocabularies/Concept/7094,[],[],"[""skos:Concept""]",true,false negative
dh,oeai-parthenos,logmap-2026.tar.gz,[],[],"[""skos:Concept""]",https://vocabs.acdh.oeaw.ac.at/oeai-cultural-periods/concept23522,=,0.0,https://isl.ics.forth.gr/parthenos_vocabularies/Concept/7224,[],[],"[""skos:Concept""]",true,false negative
dh,oeai-parthenos,logmap-2026.tar.gz,[],[],"[""skos:Concept""]",https://vocabs.acdh.oeaw.ac.at/oeai-cultural-periods/concept23559,=,0.0,https://isl.ics.forth.gr/parthenos_vocabularies/Concept/7227,[],[],"[""skos:Concept""]",true,false negative
dh,oeai-parthenos,logmap-2026.tar.gz,[],[],"[""skos:Concept""]",https://vocabs.acdh.oeaw.ac.at/oeai-cultural-periods/concept23226,=,0.0,https://isl.ics.forth.gr/parthenos_vocabularies/Concept/7238,[],[],"[""skos:Concept""]",true,false negative
dh,oeai-parthenos,logmap-2026.tar.gz,[],[],"[""skos:Concept""]",https://vocabs.acdh.oeaw.ac.at/oeai-cultural-periods/concept23316,=,0.0,https://isl.ics.forth.gr/parthenos_vocabularies/Concept/7169,[],[],"[""skos:Concept""]",true,false negative
dh,oeai-parthenos,logmap-2026.tar.gz,[],[],"[""skos:Concept""]",https://vocabs.acdh.oeaw.ac.at/oeai-cultural-periods/concept23271,=,0.0,https://isl.ics.forth.gr/parthenos_vocabularies/Concept/7140,[],[],"[""skos:Concept""]",true,false negative
dh,oeai-parthenos,logmap-2026.tar.gz,[],[],"[""skos:Concept""]",https://vocabs.acdh.oeaw.ac.at/oeai-cultural-periods/concept23314,=,0.0,https://isl.ics.forth.gr/parthenos_vocabularies/Concept/7114,[],[],"[""skos:Concept""]",true,false negative
dh,oeai-parthenos,logmap-2026.tar.gz,[],[],"[""skos:Concept""]",https://vocabs.acdh.oeaw.ac.at/oeai-cultural-periods/concept23495,=,0.0,https://isl.ics.forth.gr/parthenos_vocabularies/Concept/7172,[],[],"[""skos:Concept""]",true,false negative
dh,oeai-parthenos,logmap-2026.tar.gz,[],[],"[""skos:Concept""]",https://vocabs.acdh.oeaw.ac.at/oeai-cultural-periods/concept23315,=,0.0,https://isl.ics.forth.gr/parthenos_vocabularies/Concept/7116,[],[],"[""skos:Concept""]",true,false negative
dh,oeai-parthenos,logmap-2026.tar.gz,[],[],"[""skos:Concept""]",https://vocabs.acdh.oeaw.ac.at/oeai-cultural-periods/concept23247,=,0.0,https://isl.ics.forth.gr/parthenos_vocabularies/Concept/7189,[],[],"[""skos:Concept""]",true,false negative
dh,oeai-parthenos,logmap-2026.tar.gz,[],[],"[""skos:Concept""]",https://vocabs.acdh.oeaw.ac.at/oeai-cultural-periods/concept23532,=,0.0,https://isl.ics.forth.gr/parthenos_vocabularies/Concept/7179,[],[],"[""skos:Concept""]",true,false negative
dh,oeai-parthenos,logmap-2026.tar.gz,[],[],"[""skos:Concept""]",https://vocabs.acdh.oeaw.ac.at/oeai-cultural-periods/concept23243,=,0.0,https://isl.ics.forth.gr/parthenos_vocabularies/Concept/7146,[],[],"[""skos:Concept""]",true,false negative
dh,oeai-parthenos,logmap-2026.tar.gz,[],[],"[""skos:Concept""]",https://vocabs.acdh.oeaw.ac.at/oeai-cultural-periods/concept23256,=,0.0,https://isl.ics.forth.gr/parthenos_vocabularies/Concept/7130,[],[],"[""skos:Concept""]",true,false negative
dh,oeai-parthenos,logmap-2026.tar.gz,[],[],"[""skos:Concept""]",https://vocabs.acdh.oeaw.ac.at/oeai-cultural-periods/concept23251,=,0.0,https://isl.ics.forth.gr/parthenos_vocabularies/Concept/7208,[],[],"[""skos:Concept""]",true,false negative
dh,oeai-parthenos,logmap-2026.tar.gz,[],[],"[""skos:Concept""]",https://vocabs.acdh.oeaw.ac.at/oeai-cultural-periods/concept23530,=,0.0,https://isl.ics.forth.gr/parthenos_vocabularies/Concept/7219,[],[],"[""skos:Concept""]",true,false negative
dh,oeai-parthenos,logmap-2026.tar.gz,[],[],"[""skos:Concept""]",https://vocabs.acdh.oeaw.ac.at/oeai-cultural-periods/concept23536,=,0.0,https://isl.ics.forth.gr/parthenos_vocabularies/Concept/7087,[],[],"[""skos:Concept""]",true,false negative
dh,oeai-parthenos,logmap-2026.tar.gz,[],[],"[""skos:Concept""]",https://vocabs.acdh.oeaw.ac.at/oeai-cultural-periods/concept23317,=,0.0,https://isl.ics.forth.gr/parthenos_vocabularies/Concept/7199,[],[],"[""skos:Concept""]",true,false negative
dh,oeai-parthenos,logmap-2026.tar.gz,[],[],"[""skos:Concept""]",https://vocabs.acdh.oeaw.ac.at/oeai-cultural-periods/concept23244,=,0.0,https://isl.ics.forth.gr/parthenos_vocabularies/Concept/7268,[],[],"[""skos:Concept""]",true,false negative
dh,oeai-parthenos,logmap-2026.tar.gz,[],[],"[""skos:Concept""]",https://vocabs.acdh.oeaw.ac.at/oeai-cultural-periods/concept23502,=,0.0,https://isl.ics.forth.gr/parthenos_vocabularies/Concept/7233,[],[],"[""skos:Concept""]",true,false negative
dh,oeai-parthenos,logmap-2026.tar.gz,[],[],"[""skos:Concept""]",https://vocabs.acdh.oeaw.ac.at/oeai-cultural-periods/concept23516,=,0.0,https://isl.ics.forth.gr/parthenos_vocabularies/Concept/7225,[],[],"[""skos:Concept""]",true,false negative
dh,oeai-parthenos,logmap-2026.tar.gz,[],[],"[""skos:Concept""]",https://vocabs.acdh.oeaw.ac.at/oeai-cultural-periods/concept23260,=,0.0,https://isl.ics.forth.gr/parthenos_vocabularies/Concept/7239,[],[],"[""skos:Concept""]",true,false negative
dh,oeai-parthenos,logmap-2026.tar.gz,[],[],"[""skos:Concept""]",https://vocabs.acdh.oeaw.ac.at/oeai-cultural-periods/concept23195,=,0.0,https://isl.ics.forth.gr/parthenos_vocabularies/Concept/7221,[],[],"[""skos:Concept""]",true,false negative
dh,oeai-parthenos,logmap-2026.tar.gz,[],[],"[""skos:Concept""]",https://vocabs.acdh.oeaw.ac.at/oeai-cultural-periods/concept23553,=,0.0,https://isl.ics.forth.gr/parthenos_vocabularies/Concept/7142,[],[],"[""skos:Concept""]",true,false negative
dh,oeai-parthenos,logmap-2026.tar.gz,[],[],"[""skos:Concept""]",https://vocabs.acdh.oeaw.ac.at/oeai-cultural-periods/concept23315,=,0.0,https://isl.ics.forth.gr/parthenos_vocabularies/Concept/7152,[],[],"[""skos:Concept""]",true,false negative
dh,oeai-parthenos,logmap-2026.tar.gz,[],[],"[""skos:Concept""]",https://vocabs.acdh.oeaw.ac.at/oeai-cultural-periods/concept23195,=,0.0,https://isl.ics.forth.gr/parthenos_vocabularies/Concept/7236,[],[],"[""skos:Concept""]",true,false negative
dh,oeai-parthenos,logmap-2026.tar.gz,[],[],"[""skos:Concept""]",https://vocabs.acdh.oeaw.ac.at/oeai-cultural-periods/concept23531,=,0.0,https://isl.ics.forth.gr/parthenos_vocabularies/Concept/7207,[],[],"[""skos:Concept""]",true,false negative
dh,oeai-parthenos,logmap-2026.tar.gz,[],[],"[""skos:Concept""]",https://vocabs.acdh.oeaw.ac.at/oeai-cultural-periods/concept23514,=,0.0,https://isl.ics.forth.gr/parthenos_vocabularies/Concept/7200,[],[],"[""skos:Concept""]",true,false negative
dh,oeai-parthenos,logmap-2026.tar.gz,[],[],"[""skos:Concept""]",https://vocabs.acdh.oeaw.ac.at/oeai-cultural-periods/concept23545,=,0.0,https://isl.ics.forth.gr/parthenos_vocabularies/Concept/7145,[],[],"[""skos:Concept""]",true,false negative
dh,oeai-parthenos,logmap-2026.tar.gz,[],[],"[""skos:Concept""]",https://vocabs.acdh.oeaw.ac.at/oeai-cultural-periods/concept23196,=,0.0,https://isl.ics.forth.gr/parthenos_vocabularies/Concept/7139,[],[],"[""skos:Concept""]",true,false negative
dh,oeai-parthenos,logmap-2026.tar.gz,[],[],"[""skos:Concept""]",https://vocabs.acdh.oeaw.ac.at/oeai-cultural-periods/concept23498,=,0.0,https://isl.ics.forth.gr/parthenos_vocabularies/Concept/7171,[],[],"[""skos:Concept""]",true,false negative
dh,oeai-parthenos,logmap-2026.tar.gz,[],[],"[""skos:Concept""]",https://vocabs.acdh.oeaw.ac.at/oeai-cultural-periods/concept23503,=,0.0,https://isl.ics.forth.gr/parthenos_vocabularies/Concept/7249,[],[],"[""skos:Concept""]",true,false negative
dh,ironagedanube-pactols,logmap-lite-2026.tar.gz,[],[],"[""skos:Concept""]",https://vocabs.acdh.oeaw.ac.at/iadthesaurus/scheme/concept341,=,0.0,https://ark.frantiq.fr/ark:/26678/pcrts62Z2hl4ux,[],[],"[""skos:Concept""]",true,false negative
dh,ironagedanube-pactols,logmap-lite-2026.tar.gz,[],[],"[""skos:Concept""]",https://vocabs.acdh.oeaw.ac.at/iadthesaurus/scheme/concept336,=,0.0,https://ark.frantiq.fr/ark:/26678/pcrthcbe2XySTb,[],[],"[""skos:Concept""]",true,false negative
dh,ironagedanube-pactols,logmap-lite-2026.tar.gz,[],[],[],http://www.w3.org/2004/02/skos/core#ConceptScheme,=,1.0,http://www.w3.org/2004/02/skos/core#ConceptScheme,[],[],[],false,false positive
dh,ironagedanube-pactols,logmap-lite-2026.tar.gz,[],[],"[""skos:Concept""]",https://vocabs.acdh.oeaw.ac.at/iadthesaurus/scheme/concept319,=,0.0,https://ark.frantiq.fr/ark:/26678/pcrtSu7E2Qh0Xv,[],[],"[""skos:Concept""]",true,false negative
dh,ironagedanube-pactols,logmap-lite-2026.tar.gz,[],[],"[""skos:Concept""]",https://vocabs.acdh.oeaw.ac.at/iadthesaurus/scheme/concept387,=,0.0,https://ark.frantiq.fr/ark:/26678/pcrtxKnfzXYMxK,[],[],"[""skos:Concept""]",true,false negative
dh,ironagedanube-pactols,logmap-lite-2026.tar.gz,"[""Concept""]",[],"[""owl:Class""]",http://www.w3.org/2004/02/skos/core#Concept,=,1.0,http://www.w3.org/2004/02/skos/core#Concept,"[""Concept""]",[],"[""owl:Class""]",false,false positive
dh,ironagedanube-pactols,logmap-lite-2026.tar.gz,[],[],"[""skos:Concept""]",https://vocabs.acdh.oeaw.ac.at/iadthesaurus/scheme/concept338,=,0.0,https://ark.frantiq.fr/ark:/26678/pcrtF9P4mbuyGk,[],[],"[""skos:Concept""]",true,false negative
dh,ironagedanube-pactols,lsmatch-multilingual-2026.tar.gz,[],[],"[""skos:Concept""]",https://vocabs.acdh.oeaw.ac.at/iadthesaurus/scheme/concept341,=,0.0,https://ark.frantiq.fr/ark:/26678/pcrts62Z2hl4ux,[],[],"[""skos:Concept""]",true,false negative
dh,ironagedanube-pactols,lsmatch-multilingual-2026.tar.gz,[],[],"[""skos:Concept""]",https://vocabs.acdh.oeaw.ac.at/iadthesaurus/scheme/concept336,=,0.0,https://ark.frantiq.fr/ark:/26678/pcrthcbe2XySTb,[],[],"[""skos:Concept""]",true,false negative
dh,ironagedanube-pactols,lsmatch-multilingual-2026.tar.gz,[],[],"[""skos:Concept""]",https://vocabs.acdh.oeaw.ac.at/iadthesaurus/scheme/concept319,=,0.0,https://ark.frantiq.fr/ark:/26678/pcrtSu7E2Qh0Xv,[],[],"[""skos:Concept""]",true,false negative
dh,ironagedanube-pactols,lsmatch-multilingual-2026.tar.gz,[],[],"[""skos:Concept""]",https://vocabs.acdh.oeaw.ac.at/iadthesaurus/scheme/concept387,=,0.0,https://ark.frantiq.fr/ark:/26678/pcrtxKnfzXYMxK,[],[],"[""skos:Concept""]",true,false negative
dh,ironagedanube-pactols,lsmatch-multilingual-2026.tar.gz,"[""Concept""]",[],"[""owl:Class""]",http://www.w3.org/2004/02/skos/core#Concept,=,1.0,http://www.w3.org/2004/02/skos/core#Concept,"[""Concept""]",[],"[""owl:Class""]",false,false positive
dh,ironagedanube-pactols,lsmatch-multilingual-2026.tar.gz,[],[],"[""skos:Concept""]",https://vocabs.acdh.oeaw.ac.at/iadthesaurus/scheme/concept338,=,0.0,https://ark.frantiq.fr/ark:/26678/pcrtF9P4mbuyGk,[],[],"[""skos:Concept""]",true,false negative
dh,pactols-parthenos,matcha-2026.tar.gz,[],[],"[""skos:Concept""]",https://ark.frantiq.fr/ark:/26678/pcrtxKnfzXYMxK,=,0.8271999999999998,https://isl.ics.forth.gr/parthenos_vocabularies/Concept/32324,[],[],"[""skos:Concept""]",true,true positive
dh,pactols-parthenos,matcha-2026.tar.gz,[],[],"[""skos:Concept""]",https://ark.frantiq.fr/ark:/26678/pcrtfUWF9GVr4q,=,0.0,https://isl.ics.forth.gr/parthenos_vocabularies/Concept/32290,[],[],"[""skos:Concept""]",true,false negative
dh,pactols-parthenos,matcha-2026.tar.gz,[],[],"[""skos:Concept""]",https://ark.frantiq.fr/ark:/26678/pcrtKei7jxhn32,=,0.8189279999999999,https://isl.ics.forth.gr/parthenos_vocabularies/Concept/32207,[],[],"[""skos:Concept""]",false,false positive
dh,pactols-parthenos,matcha-2026.tar.gz,[],[],"[""skos:Concept""]",https://ark.frantiq.fr/ark:/26678/pcrtVhTRix41ic,=,0.8366,https://isl.ics.forth.gr/parthenos_vocabularies/Concept/32286,[],[],"[""skos:Concept""]",true,true positive
dh,pactols-parthenos,matcha-2026.tar.gz,[],[],"[""skos:Concept""]",https://ark.frantiq.fr/ark:/26678/pcrt9PJh9aTXv4,=,0.8271999999999998,https://isl.ics.forth.gr/parthenos_vocabularies/Concept/32349,[],[],"[""skos:Concept""]",true,true positive
dh,pactols-parthenos,matcha-2026.tar.gz,[],[],"[""skos:Concept""]",https://ark.frantiq.fr/ark:/26678/pcrtx4sFxmENjb,=,0.8741999999999999,https://isl.ics.forth.gr/parthenos_vocabularies/Concept/32867,[],[],"[""skos:Concept""]",true,true positive
dh,pactols-parthenos,matcha-2026.tar.gz,[],[],"[""skos:Concept""]",https://ark.frantiq.fr/ark:/26678/pcrtAqKgmvERHQ,=,0.8561519999999999,https://isl.ics.forth.gr/parthenos_vocabularies/Concept/32641,[],[],"[""skos:Concept""]",true,true positive
dh,pactols-parthenos,matcha-2026.tar.gz,[],[],"[""skos:Concept""]",https://ark.frantiq.fr/ark:/26678/pcrtF9P4mbuyGk,=,0.8365999999999999,https://isl.ics.forth.gr/parthenos_vocabularies/Concept/32655,[],[],"[""skos:Concept""]",true,true positive
dh,pactols-parthenos,matcha-2026.tar.gz,[],[],"[""skos:Concept""]",https://ark.frantiq.fr/ark:/26678/pcrtHIjtOg1P75,=,0.8271999999999999,https://isl.ics.forth.gr/parthenos_vocabularies/Concept/32228,[],[],"[""skos:Concept""]",true,true positive
dh,pactols-parthenos,matcha-2026.tar.gz,[],[],"[""skos:Concept""]",https://ark.frantiq.fr/ark:/26678/pcrtkeLpJpVN4t,=,0.8271999999999998,https://isl.ics.forth.gr/parthenos_vocabularies/Concept/32490,[],[],"[""skos:Concept""]",true,true positive
dh,pactols-parthenos,matcha-2026.tar.gz,[],[],"[""skos:Concept""]",https://ark.frantiq.fr/ark:/26678/pcrtNU9yWjKe6U,=,0.8189279999999999,https://isl.ics.forth.gr/parthenos_vocabularies/Concept/32636,[],[],"[""skos:Concept""]",false,false positive
dh,pactols-parthenos,matcha-2026.tar.gz,[],[],"[""skos:Concept""]",https://ark.frantiq.fr/ark:/26678/pcrtXGgQa70ZVU,=,0.0,https://isl.ics.forth.gr/parthenos_vocabularies/Concept/32971,[],[],"[""skos:Concept""]",true,false negative
dh,pactols-parthenos,matcha-2026.tar.gz,[],[],"[""skos:Concept""]",https://ark.frantiq.fr/ark:/26678/crtdVpqD9Y6ym,=,0.8741999999999999,https://isl.ics.forth.gr/parthenos_vocabularies/Concept/32318,[],[],"[""skos:Concept""]",true,true positive
dh,pactols-parthenos,matcha-2026.tar.gz,[],[],"[""skos:Concept""]",https://ark.frantiq.fr/ark:/26678/pcrts62Z2hl4ux,=,0.8282339999999998,https://isl.ics.forth.gr/parthenos_vocabularies/Concept/32910,[],[],"[""skos:Concept""]",true,true positive
dh,pactols-parthenos,secea-2026.tar.gz,[],[],"[""skos:Concept""]",https://ark.frantiq.fr/ark:/26678/pcrtAYfItWHoOV,=,1.0,https://isl.ics.forth.gr/parthenos_vocabularies/Concept/32372,[],[],"[""skos:Concept""]",false,false positive
dh,pactols-parthenos,secea-2026.tar.gz,[],[],"[""skos:Concept""]",https://ark.frantiq.fr/ark:/26678/pcrtfUWF9GVr4q,=,0.0,https://isl.ics.forth.gr/parthenos_vocabularies/Concept/32290,[],[],"[""skos:Concept""]",true,false negative
dh,pactols-parthenos,secea-2026.tar.gz,[],[],[],http://purl.org/dc/terms/description,=,1.0,http://purl.org/dc/terms/description,[],[],[],false,false positive
dh,pactols-parthenos,secea-2026.tar.gz,[],[],[],http://www.w3.org/2004/02/skos/core#topConceptOf,=,1.0,http://www.w3.org/2004/02/skos/core#topConceptOf,[],[],[],false,false positive
dh,pactols-parthenos,secea-2026.tar.gz,[],[],[],https://vocabs.dariah.eu/bbt/Concept/000019,=,1.0,https://vocabs.dariah.eu/bbt/Concept/000019,[],[],[],false,false positive
dh,pactols-parthenos,secea-2026.tar.gz,[],[],"[""skos:Concept""]",https://ark.frantiq.fr/ark:/26678/pcrt1FD59O4eTz,=,1.0,https://isl.ics.forth.gr/parthenos_vocabularies/Concept/32610,[],[],"[""skos:Concept""]",false,false positive
dh,pactols-parthenos,secea-2026.tar.gz,[],[],"[""skos:Concept""]",https://ark.frantiq.fr/ark:/26678/pcrtKei7jxhn32,=,1.0,https://isl.ics.forth.gr/parthenos_vocabularies/Concept/32207,[],[],"[""skos:Concept""]",false,false positive
dh,pactols-parthenos,secea-2026.tar.gz,[],[],[],http://www.w3.org/2000/01/rdf-schema#type,=,1.0,http://www.w3.org/2000/01/rdf-schema#type,[],[],[],false,false positive
dh,pactols-parthenos,secea-2026.tar.gz,[],[],"[""skos:Concept""]",https://ark.frantiq.fr/ark:/26678/pcrt9PJh9aTXv4,=,1.0,https://isl.ics.forth.gr/parthenos_vocabularies/Concept/32349,[],[],"[""skos:Concept""]",true,true positive
dh,pactols-parthenos,secea-2026.tar.gz,[],[],[],http://www.w3.org/2000/01/rdf-schema#label,=,1.0,http://www.w3.org/2000/01/rdf-schema#label,[],[],[],false,false positive
dh,pactols-parthenos,secea-2026.tar.gz,[],[],"[""skos:Concept""]",https://ark.frantiq.fr/ark:/26678/pcrtx4sFxmENjb,=,1.0,https://isl.ics.forth.gr/parthenos_vocabularies/Concept/32867,[],[],"[""skos:Concept""]",true,true positive
dh,pactols-parthenos,secea-2026.tar.gz,[],[],"[""skos:Concept""]",https://ark.frantiq.fr/ark:/26678/pcrtF9P4mbuyGk,=,1.0,https://isl.ics.forth.gr/parthenos_vocabularies/Concept/32655,[],[],"[""skos:Concept""]",true,true positive
dh,pactols-parthenos,secea-2026.tar.gz,[],[],[],http://www.w3.org/2004/02/skos/core#inScheme,=,1.0,http://www.w3.org/2004/02/skos/core#inScheme,[],[],[],false,false positive
dh,pactols-parthenos,secea-2026.tar.gz,[],[],"[""skos:Concept""]",https://ark.frantiq.fr/ark:/26678/pcrtXGgQa70ZVU,=,1.0,https://isl.ics.forth.gr/parthenos_vocabularies/Concept/32771,[],[],"[""skos:Concept""]",false,false positive
dh,pactols-parthenos,secea-2026.tar.gz,[],[],[],http://www.w3.org/2004/02/skos/core#broader,=,1.0,http://www.w3.org/2004/02/skos/core#broader,[],[],[],false,false positive
dh,pactols-parthenos,secea-2026.tar.gz,[],[],[],http://www.w3.org/2004/02/skos/core#ConceptScheme,=,1.0,http://www.w3.org/2004/02/skos/core#ConceptScheme,[],[],[],false,false positive
dh,pactols-parthenos,secea-2026.tar.gz,[],[],"[""skos:ConceptScheme""]",https://ark.frantiq.fr/ark:/TH_1,=,1.0,https://isl.ics.forth.gr/parthenos_vocabularies,[],[],"[""skos:ConceptScheme""]",false,false positive
dh,pactols-parthenos,secea-2026.tar.gz,[],[],"[""skos:Concept""]",https://ark.frantiq.fr/ark:/26678/crtdVpqD9Y6ym,=,1.0,https://isl.ics.forth.gr/parthenos_vocabularies/Concept/32318,[],[],"[""skos:Concept""]",true,true positive
dh,pactols-parthenos,secea-2026.tar.gz,[],[],"[""skos:Concept""]",https://ark.frantiq.fr/ark:/26678/pcrts62Z2hl4ux,=,0.0,https://isl.ics.forth.gr/parthenos_vocabularies/Concept/32910,[],[],"[""skos:Concept""]",true,false negative
dh,pactols-parthenos,secea-2026.tar.gz,[],[],"[""skos:Concept""]",https://ark.frantiq.fr/ark:/26678/pcrtxKnfzXYMxK,=,1.0,https://isl.ics.forth.gr/parthenos_vocabularies/Concept/32324,[],[],"[""skos:Concept""]",true,true positive
dh,pactols-parthenos,secea-2026.tar.gz,[],[],[],http://www.w3.org/2004/02/skos/core#altLabel,=,1.0,http://www.w3.org/2004/02/skos/core#hiddenLabel,[],[],[],false,false positive
dh,pactols-parthenos,secea-2026.tar.gz,[],[],"[""skos:Concept""]",https://ark.frantiq.fr/ark:/26678/pcrt3FTqaIdbpb,=,1.0,https://isl.ics.forth.gr/parthenos_vocabularies/Concept/32779,[],[],"[""skos:Concept""]",false,false positive
dh,pactols-parthenos,secea-2026.tar.gz,[],[],[],http://purl.org/dc/terms/creator,=,1.0,http://purl.org/dc/terms/creator,[],[],[],false,false positive
dh,pactols-parthenos,secea-2026.tar.gz,[],[],"[""skos:Concept""]",https://ark.frantiq.fr/ark:/26678/pcrtVhTRix41ic,=,1.0,https://isl.ics.forth.gr/parthenos_vocabularies/Concept/32286,[],[],"[""skos:Concept""]",true,true positive
dh,pactols-parthenos,secea-2026.tar.gz,[],[],"[""skos:Concept""]",https://ark.frantiq.fr/ark:/26678/pcrtjMFrjr1utW,=,1.0,https://isl.ics.forth.gr/parthenos_vocabularies/Concept/32199,[],[],"[""skos:Concept""]",false,false positive
dh,pactols-parthenos,secea-2026.tar.gz,[],[],[],http://www.w3.org/2004/02/skos/core#broadMatch,=,1.0,http://www.w3.org/2004/02/skos/core#broadMatch,[],[],[],false,false positive
dh,pactols-parthenos,secea-2026.tar.gz,[],[],"[""skos:Concept""]",https://ark.frantiq.fr/ark:/26678/pcrtAqKgmvERHQ,=,1.0,https://isl.ics.forth.gr/parthenos_vocabularies/Concept/32641,[],[],"[""skos:Concept""]",true,true positive
dh,pactols-parthenos,secea-2026.tar.gz,[],[],"[""skos:Concept""]",https://ark.frantiq.fr/ark:/26678/pcrtHIjtOg1P75,=,1.0,https://isl.ics.forth.gr/parthenos_vocabularies/Concept/32228,[],[],"[""skos:Concept""]",true,true positive
dh,pactols-parthenos,secea-2026.tar.gz,[],[],[],http://www.w3.org/2004/02/skos/core#narrower,=,1.0,http://www.w3.org/2004/02/skos/core#narrower,[],[],[],false,false positive
dh,pactols-parthenos,secea-2026.tar.gz,[],[],"[""skos:Concept""]",https://ark.frantiq.fr/ark:/26678/pcrtkeLpJpVN4t,=,1.0,https://isl.ics.forth.gr/parthenos_vocabularies/Concept/32490,[],[],"[""skos:Concept""]",true,true positive
dh,pactols-parthenos,secea-2026.tar.gz,[],[],[],http://www.w3.org/1999/02/22-rdf-syntax-ns#type,=,1.0,http://www.w3.org/1999/02/22-rdf-syntax-ns#type,[],[],[],false,false positive
dh,pactols-parthenos,secea-2026.tar.gz,[],[],[],http://www.w3.org/2004/02/skos/core,=,1.0,http://www.w3.org/2004/02/skos/core,[],[],[],false,false positive
dh,pactols-parthenos,secea-2026.tar.gz,[],[],[],http://www.w3.org/2000/01/rdf-schema#isDefinedBy,=,1.0,http://www.w3.org/2000/01/rdf-schema#isDefinedBy,[],[],[],false,false positive
dh,pactols-parthenos,secea-2026.tar.gz,[],[],"[""skos:Concept""]",https://ark.frantiq.fr/ark:/26678/pcrtXGgQa70ZVU,=,0.0,https://isl.ics.forth.gr/parthenos_vocabularies/Concept/32971,[],[],"[""skos:Concept""]",true,false negative
dh,pactols-parthenos,secea-2026.tar.gz,"[""Concept""]",[],"[""owl:Class""]",http://www.w3.org/2004/02/skos/core#Concept,=,1.0,http://www.w3.org/2004/02/skos/core#Concept,"[""Concept""]",[],"[""owl:Class""]",false,false positive
dh,pactols-parthenos,secea-2026.tar.gz,[],[],[],http://www.w3.org/2002/07/owl#Class,=,1.0,http://www.w3.org/2002/07/owl#Class,[],[],[],false,false positive
dh,pactols-parthenos,secea-2026.tar.gz,[],[],[],http://purl.org/dc/terms/created,=,1.0,http://purl.org/dc/terms/created,[],[],[],false,false positive
dh,pactols-parthenos,secea-2026.tar.gz,[],[],[],http://www.w3.org/2004/02/skos/core#definition,=,1.0,http://www.w3.org/2004/02/skos/core#definition,[],[],[],false,false positive
dh,pactols-parthenos,secea-2026.tar.gz,[],[],[],http://www.w3.org/2004/02/skos/core#prefLabel,=,1.0,http://www.w3.org/2004/02/skos/core#prefLabel,[],[],[],false,false positive
dh,idai-parthenos,lsmatch-multilingual-2026.tar.gz,[],[],"[""skos:Concept""]",http://thesauri.dainst.org/_1f524e33,=,0.0,https://isl.ics.forth.gr/parthenos_vocabularies/Concept/7114,[],[],"[""skos:Concept""]",true,false negative
dh,idai-parthenos,lsmatch-multilingual-2026.tar.gz,[],[],"[""skos:Concept""]",http://thesauri.dainst.org/_4b0d451a,=,0.0,https://isl.ics.forth.gr/parthenos_vocabularies/Concept/7107,[],[],"[""skos:Concept""]",true,false negative
dh,idai-parthenos,lsmatch-multilingual-2026.tar.gz,[],[],"[""skos:Concept""]",http://thesauri.dainst.org/_697dc279,=,0.0,https://isl.ics.forth.gr/parthenos_vocabularies/Concept/7118,[],[],"[""skos:Concept""]",true,false negative
dh,idai-parthenos,lsmatch-multilingual-2026.tar.gz,[],[],"[""skos:Concept""]",http://thesauri.dainst.org/_1d839342,=,0.0,https://isl.ics.forth.gr/parthenos_vocabularies/Concept/7094,[],[],"[""skos:Concept""]",true,false negative
dh,idai-parthenos,lsmatch-multilingual-2026.tar.gz,[],[],"[""skos:Concept""]",http://thesauri.dainst.org/_a0be179c,=,0.0,https://isl.ics.forth.gr/parthenos_vocabularies/Concept/7107,[],[],"[""skos:Concept""]",true,false negative
dh,idai-parthenos,lsmatch-multilingual-2026.tar.gz,[],[],"[""skos:Concept""]",http://thesauri.dainst.org/_fcc3853f,=,0.0,https://isl.ics.forth.gr/parthenos_vocabularies/Concept/7116,[],[],"[""skos:Concept""]",true,false negative
dh,idai-parthenos,lsmatch-multilingual-2026.tar.gz,[],[],"[""skos:Concept""]",http://thesauri.dainst.org/_6d528ffb,=,0.0,https://isl.ics.forth.gr/parthenos_vocabularies/Concept/7115,[],[],"[""skos:Concept""]",true,false negative
dh,idai-parthenos,lsmatch-multilingual-2026.tar.gz,[],[],"[""skos:Concept""]",http://thesauri.dainst.org/_30ac6926,=,0.0,https://isl.ics.forth.gr/parthenos_vocabularies/Concept/7163,[],[],"[""skos:Concept""]",true,false negative
dh,idai-parthenos,lsmatch-multilingual-2026.tar.gz,[],[],"[""skos:Concept""]",http://thesauri.dainst.org/_0117de29,=,0.0,https://isl.ics.forth.gr/parthenos_vocabularies/Concept/7111,[],[],"[""skos:Concept""]",true,false negative
dh,idai-parthenos,lsmatch-multilingual-2026.tar.gz,[],[],"[""skos:Concept""]",http://thesauri.dainst.org/_afbdde2e,=,0.0,https://isl.ics.forth.gr/parthenos_vocabularies/Concept/7226,[],[],"[""skos:Concept""]",true,false negative
dh,idai-parthenos,lsmatch-multilingual-2026.tar.gz,[],[],"[""skos:Concept""]",http://thesauri.dainst.org/_4d1bfe78,=,0.0,https://isl.ics.forth.gr/parthenos_vocabularies/Concept/7170,[],[],"[""skos:Concept""]",true,false negative
dh,idai-parthenos,lsmatch-multilingual-2026.tar.gz,[],[],"[""skos:Concept""]",http://thesauri.dainst.org/_8bca4bf1,=,0.0,https://isl.ics.forth.gr/parthenos_vocabularies/Concept/7219,[],[],"[""skos:Concept""]",true,false negative
dh,idai-parthenos,lsmatch-multilingual-2026.tar.gz,[],[],"[""skos:Concept""]",http://thesauri.dainst.org/_018b18d1,=,0.0,https://isl.ics.forth.gr/parthenos_vocabularies/Concept/7266,[],[],"[""skos:Concept""]",true,false negative
dh,idai-parthenos,lsmatch-multilingual-2026.tar.gz,[],[],"[""skos:Concept""]",http://thesauri.dainst.org/_ed0828c5,=,0.0,https://isl.ics.forth.gr/parthenos_vocabularies/Concept/7249,[],[],"[""skos:Concept""]",true,false negative
dh,idai-parthenos,lsmatch-multilingual-2026.tar.gz,[],[],"[""skos:Concept""]",http://thesauri.dainst.org/_0aa1995c,=,0.0,https://isl.ics.forth.gr/parthenos_vocabularies/Concept/7147,[],[],"[""skos:Concept""]",true,false negative
dh,idai-parthenos,lsmatch-multilingual-2026.tar.gz,[],[],"[""skos:Concept""]",http://thesauri.dainst.org/_2eaf48c6,=,0.0,https://isl.ics.forth.gr/parthenos_vocabularies/Concept/7112,[],[],"[""skos:Concept""]",true,false negative
dh,idai-parthenos,lsmatch-multilingual-2026.tar.gz,[],[],"[""skos:Concept""]",http://thesauri.dainst.org/_2b089ca4,=,0.0,https://isl.ics.forth.gr/parthenos_vocabularies/Concept/7142,[],[],"[""skos:Concept""]",true,false negative
dh,idai-parthenos,lsmatch-multilingual-2026.tar.gz,[],[],"[""skos:Concept""]",http://thesauri.dainst.org/_0530b8a9,=,0.0,https://isl.ics.forth.gr/parthenos_vocabularies/Concept/7179,[],[],"[""skos:Concept""]",true,false negative
dh,idai-parthenos,lsmatch-multilingual-2026.tar.gz,[],[],"[""skos:Concept""]",http://thesauri.dainst.org/_59a790d9,=,0.0,https://isl.ics.forth.gr/parthenos_vocabularies/Concept/7267,[],[],"[""skos:Concept""]",true,false negative
dh,idai-parthenos,lsmatch-multilingual-2026.tar.gz,[],[],"[""skos:Concept""]",http://thesauri.dainst.org/_a4276388,=,0.0,https://isl.ics.forth.gr/parthenos_vocabularies/Concept/7171,[],[],"[""skos:Concept""]",true,false negative
dh,idai-parthenos,lsmatch-multilingual-2026.tar.gz,[],[],"[""skos:Concept""]",http://thesauri.dainst.org/_acc90782,=,0.0,https://isl.ics.forth.gr/parthenos_vocabularies/Concept/7137,[],[],"[""skos:Concept""]",true,false negative
dh,idai-parthenos,lsmatch-multilingual-2026.tar.gz,[],[],"[""skos:Concept""]",http://thesauri.dainst.org/_dac3529c,=,0.0,https://isl.ics.forth.gr/parthenos_vocabularies/Concept/7184,[],[],"[""skos:Concept""]",true,false negative
dh,idai-parthenos,lsmatch-multilingual-2026.tar.gz,[],[],"[""skos:Concept""]",http://thesauri.dainst.org/_6d528ffb,=,0.0,https://isl.ics.forth.gr/parthenos_vocabularies/Concept/7199,[],[],"[""skos:Concept""]",true,false negative
dh,idai-parthenos,lsmatch-multilingual-2026.tar.gz,[],[],"[""skos:Concept""]",http://thesauri.dainst.org/_5d1ac0ba,=,0.0,https://isl.ics.forth.gr/parthenos_vocabularies/Concept/7165,[],[],"[""skos:Concept""]",true,false negative
dh,idai-parthenos,lsmatch-multilingual-2026.tar.gz,[],[],"[""skos:Concept""]",http://thesauri.dainst.org/_09106e2a,=,0.0,https://isl.ics.forth.gr/parthenos_vocabularies/Concept/7135,[],[],"[""skos:Concept""]",true,false negative
dh,idai-parthenos,lsmatch-multilingual-2026.tar.gz,[],[],"[""skos:Concept""]",http://thesauri.dainst.org/_eee85fa3,=,0.0,https://isl.ics.forth.gr/parthenos_vocabularies/Concept/7201,[],[],"[""skos:Concept""]",true,false negative
dh,idai-parthenos,lsmatch-multilingual-2026.tar.gz,[],[],"[""skos:Concept""]",http://thesauri.dainst.org/_3bff2fb5,=,0.0,https://isl.ics.forth.gr/parthenos_vocabularies/Concept/7247,[],[],"[""skos:Concept""]",true,false negative
dh,idai-parthenos,lsmatch-multilingual-2026.tar.gz,[],[],"[""skos:Concept""]",http://thesauri.dainst.org/_cc22e013,=,0.0,https://isl.ics.forth.gr/parthenos_vocabularies/Concept/7216,[],[],"[""skos:Concept""]",true,false negative
dh,idai-parthenos,lsmatch-multilingual-2026.tar.gz,[],[],"[""skos:Concept""]",http://thesauri.dainst.org/_6a167951,=,0.0,https://isl.ics.forth.gr/parthenos_vocabularies/Concept/7242,[],[],"[""skos:Concept""]",true,false negative
dh,idai-parthenos,lsmatch-multilingual-2026.tar.gz,[],[],"[""skos:Concept""]",http://thesauri.dainst.org/_2b089ca4,=,0.0,https://isl.ics.forth.gr/parthenos_vocabularies/Concept/7223,[],[],"[""skos:Concept""]",true,false negative
dh,idai-parthenos,lsmatch-multilingual-2026.tar.gz,[],[],"[""skos:Concept""]",http://thesauri.dainst.org/_cadb286c,=,0.0,https://isl.ics.forth.gr/parthenos_vocabularies/Concept/7162,[],[],"[""skos:Concept""]",true,false negative
dh,idai-parthenos,lsmatch-multilingual-2026.tar.gz,[],[],"[""skos:Concept""]",http://thesauri.dainst.org/_c26d8599,=,0.0,https://isl.ics.forth.gr/parthenos_vocabularies/Concept/7246,[],[],"[""skos:Concept""]",true,false negative
dh,idai-parthenos,lsmatch-multilingual-2026.tar.gz,[],[],"[""skos:Concept""]",http://thesauri.dainst.org/_8bb3692d,=,0.0,https://isl.ics.forth.gr/parthenos_vocabularies/Concept/7221,[],[],"[""skos:Concept""]",true,false negative
dh,idai-parthenos,lsmatch-multilingual-2026.tar.gz,[],[],"[""skos:Concept""]",http://thesauri.dainst.org/_ccc4d1d5,=,0.0,https://isl.ics.forth.gr/parthenos_vocabularies/Concept/7240,[],[],"[""skos:Concept""]",true,false negative
dh,idai-parthenos,lsmatch-multilingual-2026.tar.gz,[],[],"[""skos:Concept""]",http://thesauri.dainst.org/_fcc3853f,=,0.0,https://isl.ics.forth.gr/parthenos_vocabularies/Concept/7152,[],[],"[""skos:Concept""]",true,false negative
dh,idai-parthenos,lsmatch-multilingual-2026.tar.gz,[],[],"[""skos:Concept""]",http://thesauri.dainst.org/_a4c97475,=,0.0,https://isl.ics.forth.gr/parthenos_vocabularies/Concept/7243,[],[],"[""skos:Concept""]",true,false negative
dh,idai-parthenos,lsmatch-multilingual-2026.tar.gz,[],[],"[""skos:Concept""]",http://thesauri.dainst.org/_c1210d5a,=,0.0,https://isl.ics.forth.gr/parthenos_vocabularies/Concept/7161,[],[],"[""skos:Concept""]",true,false negative
dh,idai-parthenos,lsmatch-multilingual-2026.tar.gz,[],[],"[""skos:Concept""]",http://thesauri.dainst.org/_0bbbd3c7,=,0.0,https://isl.ics.forth.gr/parthenos_vocabularies/Concept/7099,[],[],"[""skos:Concept""]",true,false negative
dh,idai-parthenos,lsmatch-multilingual-2026.tar.gz,[],[],"[""skos:Concept""]",http://thesauri.dainst.org/_c332e252,=,0.0,https://isl.ics.forth.gr/parthenos_vocabularies/Concept/7213,[],[],"[""skos:Concept""]",true,false negative
dh,idai-parthenos,lsmatch-multilingual-2026.tar.gz,[],[],"[""skos:Concept""]",http://thesauri.dainst.org/_fe470a76,=,0.0,https://isl.ics.forth.gr/parthenos_vocabularies/Concept/7194,[],[],"[""skos:Concept""]",true,false negative
dh,idai-parthenos,lsmatch-multilingual-2026.tar.gz,[],[],"[""skos:Concept""]",http://thesauri.dainst.org/_a671d80c,=,0.0,https://isl.ics.forth.gr/parthenos_vocabularies/Concept/7146,[],[],"[""skos:Concept""]",true,false negative
dh,idai-parthenos,lsmatch-multilingual-2026.tar.gz,[],[],"[""skos:Concept""]",http://thesauri.dainst.org/_b9892df7,=,0.0,https://isl.ics.forth.gr/parthenos_vocabularies/Concept/7243,[],[],"[""skos:Concept""]",true,false negative
dh,idai-parthenos,lsmatch-multilingual-2026.tar.gz,[],[],"[""skos:Concept""]",http://thesauri.dainst.org/_0117de29,=,0.0,https://isl.ics.forth.gr/parthenos_vocabularies/Concept/7263,[],[],"[""skos:Concept""]",true,false negative
dh,idai-parthenos,lsmatch-multilingual-2026.tar.gz,[],[],"[""skos:Concept""]",http://thesauri.dainst.org/_64e2871b,=,0.0,https://isl.ics.forth.gr/parthenos_vocabularies/Concept/7172,[],[],"[""skos:Concept""]",true,false negative
dh,idai-parthenos,lsmatch-multilingual-2026.tar.gz,[],[],"[""skos:Concept""]",http://thesauri.dainst.org/_1591f7f8,=,0.0,https://isl.ics.forth.gr/parthenos_vocabularies/Concept/7222,[],[],"[""skos:Concept""]",true,false negative
dh,idai-parthenos,lsmatch-multilingual-2026.tar.gz,[],[],"[""skos:Concept""]",http://thesauri.dainst.org/_0117de29,=,0.0,https://isl.ics.forth.gr/parthenos_vocabularies/Concept/7192,[],[],"[""skos:Concept""]",true,false negative
dh,idai-parthenos,lsmatch-multilingual-2026.tar.gz,[],[],"[""skos:Concept""]",http://thesauri.dainst.org/_2b089ca4,=,0.0,https://isl.ics.forth.gr/parthenos_vocabularies/Concept/7214,[],[],"[""skos:Concept""]",true,false negative
dh,idai-parthenos,lsmatch-multilingual-2026.tar.gz,[],[],"[""skos:Concept""]",http://thesauri.dainst.org/_4d1096fb,=,0.0,https://isl.ics.forth.gr/parthenos_vocabularies/Concept/7136,[],[],"[""skos:Concept""]",true,false negative
dh,idai-parthenos,lsmatch-multilingual-2026.tar.gz,[],[],"[""skos:Concept""]",http://thesauri.dainst.org/_2e5fdad9,=,0.0,https://isl.ics.forth.gr/parthenos_vocabularies/Concept/7238,[],[],"[""skos:Concept""]",true,false negative
dh,idai-parthenos,lsmatch-multilingual-2026.tar.gz,[],[],"[""skos:Concept""]",http://thesauri.dainst.org/_4184afc2,=,0.0,https://isl.ics.forth.gr/parthenos_vocabularies/Concept/7164,[],[],"[""skos:Concept""]",true,false negative
dh,idai-parthenos,lsmatch-multilingual-2026.tar.gz,[],[],"[""skos:Concept""]",http://thesauri.dainst.org/_3daffa4b,=,0.0,https://isl.ics.forth.gr/parthenos_vocabularies/Concept/7190,[],[],"[""skos:Concept""]",true,false negative
dh,idai-parthenos,lsmatch-multilingual-2026.tar.gz,"[""Concept""]",[],"[""owl:Class""]",http://www.w3.org/2004/02/skos/core#Concept,=,1.0,http://www.w3.org/2004/02/skos/core#Concept,"[""Concept""]",[],"[""owl:Class""]",false,false positive
dh,idai-parthenos,lsmatch-multilingual-2026.tar.gz,[],[],"[""skos:Concept""]",http://thesauri.dainst.org/_b34a7579,=,0.0,https://isl.ics.forth.gr/parthenos_vocabularies/Concept/7154,[],[],"[""skos:Concept""]",true,false negative
dh,dha-unesco,secea-2026.tar.gz,[],[],"[""skos:Concept""]",https://vocabs.acdh.oeaw.ac.at/dhataxonomy/Concept2,=,1.0,http://vocabularies.unesco.org/thesaurus/concept2,[],[],[],false,false positive
dh,dha-unesco,secea-2026.tar.gz,[],[],"[""skos:Concept""]",https://vocabs.acdh.oeaw.ac.at/dhataxonomy/Concept34,=,1.0,http://vocabularies.unesco.org/thesaurus/concept3354,[],[],"[""skos:Concept""]",true,true positive
dh,dha-unesco,secea-2026.tar.gz,[],[],"[""skos:Concept""]",https://vocabs.acdh.oeaw.ac.at/dhataxonomy/Concept40.04,=,1.0,http://vocabularies.unesco.org/thesaurus/concept520,[],[],"[""skos:Concept""]",false,false positive
dh,dha-unesco,secea-2026.tar.gz,[],[],[],http://www.w3.org/2004/02/skos/core#notation,=,1.0,http://www.w3.org/2004/02/skos/core#notation,[],[],[],false,false positive
dh,dha-unesco,secea-2026.tar.gz,[],[],[],http://www.w3.org/2004/02/skos/core#altLabel,=,1.0,http://www.w3.org/2004/02/skos/core#altLabel,[],[],[],false,false positive
dh,dha-unesco,secea-2026.tar.gz,[],[],[],http://purl.org/dc/elements/1.1/format,=,1.0,http://purl.org/dc/terms/format,[],[],[],false,false positive
dh,dha-unesco,secea-2026.tar.gz,[],[],"[""skos:Concept""]",https://vocabs.acdh.oeaw.ac.at/dhataxonomy/Concept4,=,1.0,http://vocabularies.unesco.org/thesaurus/concept4,[],[],[],false,false positive
dh,dha-unesco,secea-2026.tar.gz,[],[],"[""skos:Concept""]",https://vocabs.acdh.oeaw.ac.at/dhataxonomy/Concept48,=,1.0,http://vocabularies.unesco.org/thesaurus/concept522,[],[],"[""skos:Concept""]",false,false positive
dh,dha-unesco,secea-2026.tar.gz,[],[],"[""skos:Collection""]",https://vocabs.acdh.oeaw.ac.at/dhataxonomy/Collection03,=,1.0,http://vocabularies.unesco.org/thesaurus/mt5.30,[],[],"[""http://purl.org/iso25964/skos-thes#ConceptGroup"",""http://vocabularies.unesco.org/ontology#MicroThesaurus"",""skos:Collection""]",false,false positive
dh,dha-unesco,secea-2026.tar.gz,[],[],"[""skos:Collection""]",https://vocabs.acdh.oeaw.ac.at/dhataxonomy/Collection01,=,1.0,http://vocabularies.unesco.org/thesaurus/mt5.35,[],[],"[""http://purl.org/iso25964/skos-thes#ConceptGroup"",""http://vocabularies.unesco.org/ontology#MicroThesaurus"",""skos:Collection""]",false,false positive
dh,dha-unesco,secea-2026.tar.gz,[],[],[],http://www.w3.org/2004/02/skos/core#ConceptScheme,=,1.0,http://www.w3.org/2004/02/skos/core#ConceptScheme,[],[],[],false,false positive
dh,dha-unesco,secea-2026.tar.gz,[],[],"[""skos:Concept""]",https://vocabs.acdh.oeaw.ac.at/dhataxonomy/Concept3,=,1.0,http://vocabularies.unesco.org/thesaurus/concept3,[],[],[],false,false positive
dh,dha-unesco,secea-2026.tar.gz,[],[],[],http://www.w3.org/2004/02/skos/core#scopeNote,=,1.0,http://www.w3.org/2004/02/skos/core#scopeNote,[],[],[],false,false positive
dh,dha-unesco,secea-2026.tar.gz,[],[],[],http://purl.org/dc/terms/modified,=,1.0,http://purl.org/dc/terms/modified,[],[],[],false,false positive
dh,dha-unesco,secea-2026.tar.gz,[],[],"[""skos:Concept""]",https://vocabs.acdh.oeaw.ac.at/dhataxonomy/Concept60,=,1.0,http://vocabularies.unesco.org/thesaurus/concept17127,[],[],"[""skos:Concept""]",true,true positive
dh,dha-unesco,secea-2026.tar.gz,[],[],"[""skos:Concept""]",https://vocabs.acdh.oeaw.ac.at/dhataxonomy/Concept66,=,1.0,http://vocabularies.unesco.org/thesaurus/concept4327,[],[],"[""skos:Concept""]",false,false positive
dh,dha-unesco,secea-2026.tar.gz,[],[],"[""skos:Concept""]",https://vocabs.acdh.oeaw.ac.at/dhataxonomy/Concept8,=,1.0,http://vocabularies.unesco.org/thesaurus/concept8,[],[],[],false,false positive
dh,dha-unesco,secea-2026.tar.gz,[],[],"[""skos:Concept""]",https://vocabs.acdh.oeaw.ac.at/dhataxonomy/Concept51.01,=,0.0,http://vocabularies.unesco.org/thesaurus/concept11605,[],[],"[""skos:Concept""]",true,false negative
dh,dha-unesco,secea-2026.tar.gz,[],[],"[""skos:Concept""]",https://vocabs.acdh.oeaw.ac.at/dhataxonomy/Concept68,=,0.0,http://vocabularies.unesco.org/thesaurus/concept7411,[],[],"[""skos:Concept""]",true,false negative
dh,dha-unesco,secea-2026.tar.gz,[],[],[],http://www.w3.org/2000/01/rdf-schema#isDefinedBy,=,1.0,http://www.w3.org/2000/01/rdf-schema#isDefinedBy,[],[],[],false,false positive
dh,dha-unesco,secea-2026.tar.gz,[],[],"[""skos:Collection""]",https://vocabs.acdh.oeaw.ac.at/dhataxonomy/Collection05,=,1.0,http://vocabularies.unesco.org/thesaurus/mt5.10,[],[],"[""http://purl.org/iso25964/skos-thes#ConceptGroup"",""http://vocabularies.unesco.org/ontology#MicroThesaurus"",""skos:Collection""]",false,false positive
dh,dha-unesco,secea-2026.tar.gz,[],[],[],http://www.w3.org/2004/02/skos/core#topConceptOf,=,1.0,http://www.w3.org/2004/02/skos/core#topConceptOf,[],[],[],false,false positive
dh,dha-unesco,secea-2026.tar.gz,[],[],"[""skos:Concept""]",https://vocabs.acdh.oeaw.ac.at/dhataxonomy/Concept48.01,=,1.0,http://vocabularies.unesco.org/thesaurus/concept7411,[],[],"[""skos:Concept""]",false,false positive
dh,dha-unesco,secea-2026.tar.gz,[],[],"[""skos:Concept""]",https://vocabs.acdh.oeaw.ac.at/dhataxonomy/Concept9,=,1.0,http://vocabularies.unesco.org/thesaurus/concept9,[],[],[],false,false positive
dh,dha-unesco,secea-2026.tar.gz,[],[],"[""skos:Concept""]",https://vocabs.acdh.oeaw.ac.at/dhataxonomy/Concept18,=,1.0,http://vocabularies.unesco.org/thesaurus/concept497,[],[],"[""skos:Concept""]",false,false positive
dh,dha-unesco,secea-2026.tar.gz,[],[],"[""skos:Concept""]",https://vocabs.acdh.oeaw.ac.at/dhataxonomy/Concept48.05,=,1.0,http://vocabularies.unesco.org/thesaurus/concept3054,[],[],"[""skos:Concept""]",false,false positive
dh,dha-unesco,secea-2026.tar.gz,[],[],"[""skos:Concept""]",https://vocabs.acdh.oeaw.ac.at/dhataxonomy/Concept29,=,1.0,http://vocabularies.unesco.org/thesaurus/concept29,[],[],[],false,false positive
dh,dha-unesco,secea-2026.tar.gz,[],[],[],http://www.w3.org/2004/02/skos/core#member,=,1.0,http://www.w3.org/2004/02/skos/core#member,[],[],[],false,false positive
dh,dha-unesco,secea-2026.tar.gz,[],[],"[""skos:Concept""]",https://vocabs.acdh.oeaw.ac.at/dhataxonomy/Concept46,=,1.0,http://vocabularies.unesco.org/thesaurus/concept3410,[],[],"[""skos:Concept""]",true,true positive
dh,dha-unesco,secea-2026.tar.gz,[],[],"[""skos:Concept""]",https://vocabs.acdh.oeaw.ac.at/dhataxonomy/Concept33,=,0.0,http://vocabularies.unesco.org/thesaurus/concept9812,[],[],"[""skos:Concept""]",true,false negative
dh,dha-unesco,secea-2026.tar.gz,[],[],[],http://www.w3.org/2004/02/skos/core#broader,=,1.0,http://www.w3.org/2004/02/skos/core#broader,[],[],[],false,false positive
dh,dha-unesco,secea-2026.tar.gz,[],[],[],http://www.w3.org/2004/02/skos/core#Collection,=,1.0,http://www.w3.org/2004/02/skos/core#Collection,[],[],[],false,false positive
dh,dha-unesco,secea-2026.tar.gz,[],[],"[""skos:Concept""]",https://vocabs.acdh.oeaw.ac.at/dhataxonomy/Concept59.01,=,1.0,http://vocabularies.unesco.org/thesaurus/concept17128,[],[],"[""skos:Concept""]",false,false positive
dh,dha-unesco,secea-2026.tar.gz,[],[],"[""skos:Concept""]",https://vocabs.acdh.oeaw.ac.at/dhataxonomy/Concept5,=,1.0,http://vocabularies.unesco.org/thesaurus/domain5,[],[],"[""http://purl.org/iso25964/skos-thes#ConceptGroup"",""http://vocabularies.unesco.org/ontology#Domain"",""skos:Collection""]",false,false positive
dh,dha-unesco,secea-2026.tar.gz,[],[],"[""skos:Collection""]",https://vocabs.acdh.oeaw.ac.at/dhataxonomy/Collection04,=,1.0,http://vocabularies.unesco.org/thesaurus/mt5.40,[],[],"[""http://purl.org/iso25964/skos-thes#ConceptGroup"",""http://vocabularies.unesco.org/ontology#MicroThesaurus"",""skos:Collection""]",false,false positive
dh,dha-unesco,secea-2026.tar.gz,[],[],[],http://purl.org/dc/terms/rightsHolder,=,1.0,http://purl.org/dc/terms/rightsHolder,[],[],[],false,false positive
dh,dha-unesco,secea-2026.tar.gz,[],[],"[""skos:Concept""]",https://vocabs.acdh.oeaw.ac.at/dhataxonomy/Concept6,=,1.0,http://vocabularies.unesco.org/thesaurus/concept3799,[],[],"[""skos:Concept""]",false,false positive
dh,dha-unesco,secea-2026.tar.gz,[],[],[],http://www.w3.org/1999/02/22-rdf-syntax-ns#type,=,1.0,http://www.w3.org/1999/02/22-rdf-syntax-ns#type,[],[],[],false,false positive
dh,dha-unesco,secea-2026.tar.gz,[],[],[],http://purl.org/dc/elements/1.1/description,=,1.0,http://purl.org/dc/terms/description,[],[],[],false,false positive
dh,dha-unesco,secea-2026.tar.gz,[],[],[],http://www.w3.org/2004/02/skos/core,=,1.0,http://www.w3.org/2004/02/skos/core,[],[],[],false,false positive
dh,dha-unesco,secea-2026.tar.gz,[],[],[],http://purl.org/dc/terms/publisher,=,1.0,http://purl.org/dc/elements/1.1/publisher,[],[],[],false,false positive
dh,dha-unesco,secea-2026.tar.gz,"[""Concept""]",[],"[""owl:Class""]",http://www.w3.org/2004/02/skos/core#Concept,=,1.0,http://www.w3.org/2004/02/skos/core#Concept,"[""Concept""]",[],"[""owl:Class""]",false,false positive
dh,dha-unesco,secea-2026.tar.gz,[],[],[],http://www.w3.org/2002/07/owl#Class,=,1.0,http://www.w3.org/2002/07/owl#Class,[],[],[],false,false positive
dh,dha-unesco,secea-2026.tar.gz,[],[],"[""skos:Concept""]",https://vocabs.acdh.oeaw.ac.at/dhataxonomy/Concept41,=,1.0,http://vocabularies.unesco.org/thesaurus/concept4954,[],[],"[""skos:Concept""]",true,true positive
dh,dha-unesco,secea-2026.tar.gz,[],[],[],http://purl.org/dc/terms/created,=,1.0,http://purl.org/dc/terms/created,[],[],[],false,false positive
dh,dha-unesco,secea-2026.tar.gz,[],[],[],http://www.w3.org/2004/02/skos/core#prefLabel,=,1.0,http://www.w3.org/2004/02/skos/core#prefLabel,[],[],[],false,false positive
dh,dha-unesco,secea-2026.tar.gz,[],[],[],http://purl.org/dc/elements/1.1/title,=,1.0,http://purl.org/dc/terms/title,[],[],[],false,false positive
dh,dha-unesco,secea-2026.tar.gz,[],[],"[""skos:Concept""]",https://vocabs.acdh.oeaw.ac.at/dhataxonomy/Concept43,=,1.0,http://vocabularies.unesco.org/thesaurus/concept43,[],[],[],false,false positive
dh,dha-unesco,secea-2026.tar.gz,[],[],"[""skos:Concept""]",https://vocabs.acdh.oeaw.ac.at/dhataxonomy/Concept64,=,1.0,http://vocabularies.unesco.org/thesaurus/concept64,[],[],[],false,false positive
dh,dha-unesco,secea-2026.tar.gz,[],[],"[""skos:Concept""]",https://vocabs.acdh.oeaw.ac.at/dhataxonomy/Concept32,=,1.0,http://vocabularies.unesco.org/thesaurus/concept32,[],[],[],false,false positive
dh,dha-unesco,secea-2026.tar.gz,[],[],"[""skos:Concept""]",https://vocabs.acdh.oeaw.ac.at/dhataxonomy/Concept54,=,1.0,http://vocabularies.unesco.org/thesaurus/concept54,[],[],[],false,false positive
dh,dha-unesco,secea-2026.tar.gz,[],[],"[""skos:Concept""]",https://vocabs.acdh.oeaw.ac.at/dhataxonomy/Concept22,=,1.0,http://vocabularies.unesco.org/thesaurus/concept22,[],[],[],false,false positive
dh,dha-unesco,secea-2026.tar.gz,[],[],"[""skos:Concept""]",https://vocabs.acdh.oeaw.ac.at/dhataxonomy/Concept44,=,1.0,http://vocabularies.unesco.org/thesaurus/concept44,[],[],[],false,false positive
dh,dha-unesco,secea-2026.tar.gz,[],[],[],http://www.w3.org/2000/01/rdf-schema#label,=,1.0,http://www.w3.org/2000/01/rdf-schema#label,[],[],[],false,false positive
dh,dha-unesco,secea-2026.tar.gz,[],[],"[""skos:Concept""]",https://vocabs.acdh.oeaw.ac.at/dhataxonomy/Concept63,=,1.0,http://vocabularies.unesco.org/thesaurus/concept63,[],[],[],false,false positive
dh,dha-unesco,secea-2026.tar.gz,[],[],"[""skos:Concept""]",https://vocabs.acdh.oeaw.ac.at/dhataxonomy/Concept33,=,1.0,http://vocabularies.unesco.org/thesaurus/concept33,[],[],[],false,false positive
dh,dha-unesco,secea-2026.tar.gz,[],[],"[""skos:Concept""]",https://vocabs.acdh.oeaw.ac.at/dhataxonomy/Concept55,=,1.0,http://vocabularies.unesco.org/thesaurus/concept55,[],[],[],false,false positive
dh,dha-unesco,secea-2026.tar.gz,[],[],"[""skos:Concept""]",https://vocabs.acdh.oeaw.ac.at/dhataxonomy/Concept21,=,1.0,http://vocabularies.unesco.org/thesaurus/concept21,[],[],[],false,false positive
dh,dha-unesco,secea-2026.tar.gz,[],[],"[""skos:Concept""]",https://vocabs.acdh.oeaw.ac.at/dhataxonomy/Concept10,=,1.0,http://vocabularies.unesco.org/thesaurus/concept10,[],[],[],false,false positive
dh,dha-unesco,secea-2026.tar.gz,[],[],"[""skos:Concept""]",https://vocabs.acdh.oeaw.ac.at/dhataxonomy/Concept45,=,1.0,http://vocabularies.unesco.org/thesaurus/concept45,[],[],[],false,false positive
dh,dha-unesco,secea-2026.tar.gz,[],[],"[""skos:Concept""]",https://vocabs.acdh.oeaw.ac.at/dhataxonomy/Concept62,=,1.0,http://vocabularies.unesco.org/thesaurus/concept62,[],[],[],false,false positive
dh,dha-unesco,secea-2026.tar.gz,[],[],"[""skos:Concept""]",https://vocabs.acdh.oeaw.ac.at/dhataxonomy/Concept67,=,1.0,http://vocabularies.unesco.org/thesaurus/concept3814,[],[],"[""skos:Concept""]",false,false positive
dh,dha-unesco,secea-2026.tar.gz,[],[],[],http://purl.org/dc/elements/1.1/creator,=,1.0,http://purl.org/dc/elements/1.1/creator,[],[],[],false,false positive
dh,dha-unesco,secea-2026.tar.gz,[],[],"[""skos:Concept""]",https://vocabs.acdh.oeaw.ac.at/dhataxonomy/Concept56,=,1.0,http://vocabularies.unesco.org/thesaurus/concept56,[],[],[],false,false positive
dh,dha-unesco,secea-2026.tar.gz,[],[],"[""skos:Concept""]",https://vocabs.acdh.oeaw.ac.at/dhataxonomy/Concept24,=,1.0,http://vocabularies.unesco.org/thesaurus/concept24,[],[],[],false,false positive
dh,dha-unesco,secea-2026.tar.gz,[],[],"[""skos:Concept""]",https://vocabs.acdh.oeaw.ac.at/dhataxonomy/Concept13,=,1.0,http://vocabularies.unesco.org/thesaurus/concept13,[],[],[],false,false positive
dh,dha-unesco,secea-2026.tar.gz,[],[],"[""skos:Concept""]",https://vocabs.acdh.oeaw.ac.at/dhataxonomy/Concept72,=,1.0,http://vocabularies.unesco.org/thesaurus/concept72,[],[],[],false,false positive
dh,dha-unesco,secea-2026.tar.gz,[],[],"[""skos:Concept""]",https://vocabs.acdh.oeaw.ac.at/dhataxonomy/Concept61,=,1.0,http://vocabularies.unesco.org/thesaurus/concept61,[],[],[],false,false positive
dh,dha-unesco,secea-2026.tar.gz,[],[],"[""skos:Concept""]",https://vocabs.acdh.oeaw.ac.at/dhataxonomy/Concept12,=,1.0,http://vocabularies.unesco.org/thesaurus/concept3055,[],[],"[""skos:Concept""]",false,false positive
dh,dha-unesco,secea-2026.tar.gz,[],[],"[""skos:Concept""]",https://vocabs.acdh.oeaw.ac.at/dhataxonomy/Concept23,=,1.0,http://vocabularies.unesco.org/thesaurus/concept23,[],[],[],false,false positive
dh,dha-unesco,secea-2026.tar.gz,[],[],"[""skos:Concept""]",https://vocabs.acdh.oeaw.ac.at/dhataxonomy/Concept57,=,1.0,http://vocabularies.unesco.org/thesaurus/concept57,[],[],[],false,false positive
dh,dha-unesco,secea-2026.tar.gz,[],[],"[""skos:Concept""]",https://vocabs.acdh.oeaw.ac.at/dhataxonomy/Concept71,=,1.0,http://vocabularies.unesco.org/thesaurus/concept71,[],[],[],false,false positive
dh,dha-unesco,secea-2026.tar.gz,[],[],"[""skos:Concept""]",https://vocabs.acdh.oeaw.ac.at/dhataxonomy/Concept61,=,0.0,http://vocabularies.unesco.org/thesaurus/concept17094,[],[],"[""skos:Concept""]",true,false negative
dh,dha-unesco,secea-2026.tar.gz,[],[],"[""skos:Concept""]",https://vocabs.acdh.oeaw.ac.at/dhataxonomy/Concept36,=,1.0,http://vocabularies.unesco.org/thesaurus/concept36,[],[],[],false,false positive
dh,dha-unesco,secea-2026.tar.gz,[],[],"[""skos:Concept""]",https://vocabs.acdh.oeaw.ac.at/dhataxonomy/Concept58,=,1.0,http://vocabularies.unesco.org/thesaurus/concept58,[],[],[],false,false positive
dh,dha-unesco,secea-2026.tar.gz,[],[],"[""skos:Concept""]",https://vocabs.acdh.oeaw.ac.at/dhataxonomy/Concept15,=,1.0,http://vocabularies.unesco.org/thesaurus/concept15,[],[],[],false,false positive
dh,dha-unesco,secea-2026.tar.gz,[],[],"[""skos:Concept""]",https://vocabs.acdh.oeaw.ac.at/dhataxonomy/Concept7,=,1.0,http://vocabularies.unesco.org/thesaurus/concept1557,[],[],"[""skos:Concept""]",false,false positive
dh,dha-unesco,secea-2026.tar.gz,[],[],"[""skos:Concept""]",https://vocabs.acdh.oeaw.ac.at/dhataxonomy/Concept70,=,1.0,http://vocabularies.unesco.org/thesaurus/concept70,[],[],[],false,false positive
dh,dha-unesco,secea-2026.tar.gz,[],[],"[""skos:Concept""]",https://vocabs.acdh.oeaw.ac.at/dhataxonomy/Concept3.04,=,1.0,http://vocabularies.unesco.org/thesaurus/concept4194,[],[],"[""skos:Concept""]",false,false positive
dh,dha-unesco,secea-2026.tar.gz,[],[],"[""skos:Concept""]",https://vocabs.acdh.oeaw.ac.at/dhataxonomy/Concept37,=,1.0,http://vocabularies.unesco.org/thesaurus/concept37,[],[],[],false,false positive
dh,dha-unesco,secea-2026.tar.gz,[],[],"[""skos:Concept""]",https://vocabs.acdh.oeaw.ac.at/dhataxonomy/Concept59,=,1.0,http://vocabularies.unesco.org/thesaurus/concept59,[],[],[],false,false positive
dh,dha-unesco,secea-2026.tar.gz,[],[],"[""skos:Concept""]",https://vocabs.acdh.oeaw.ac.at/dhataxonomy/Concept25,=,1.0,http://vocabularies.unesco.org/thesaurus/concept25,[],[],[],false,false positive
dh,dha-unesco,secea-2026.tar.gz,[],[],"[""skos:Concept""]",https://vocabs.acdh.oeaw.ac.at/dhataxonomy/Concept66.01,=,1.0,http://vocabularies.unesco.org/thesaurus/concept17142,[],[],"[""skos:Concept""]",false,false positive
dh,dha-unesco,secea-2026.tar.gz,[],[],"[""skos:Concept""]",https://vocabs.acdh.oeaw.ac.at/dhataxonomy/Concept14,=,1.0,http://vocabularies.unesco.org/thesaurus/concept14,[],[],[],false,false positive
dh,dha-unesco,secea-2026.tar.gz,[],[],"[""skos:Concept""]",https://vocabs.acdh.oeaw.ac.at/dhataxonomy/Concept6.01,=,1.0,http://vocabularies.unesco.org/thesaurus/concept3759,[],[],"[""skos:Concept""]",false,false positive
dh,dha-unesco,secea-2026.tar.gz,[],[],"[""skos:Concept""]",https://vocabs.acdh.oeaw.ac.at/dhataxonomy/Concept38,=,1.0,http://vocabularies.unesco.org/thesaurus/concept38,[],[],[],false,false positive
dh,dha-unesco,secea-2026.tar.gz,[],[],"[""skos:Concept""]",https://vocabs.acdh.oeaw.ac.at/dhataxonomy/Concept28,=,1.0,http://vocabularies.unesco.org/thesaurus/concept28,[],[],[],false,false positive
dh,dha-unesco,secea-2026.tar.gz,[],[],"[""skos:Concept""]",https://vocabs.acdh.oeaw.ac.at/dhataxonomy/Concept17,=,1.0,http://vocabularies.unesco.org/thesaurus/concept17,[],[],[],false,false positive
dh,dha-unesco,secea-2026.tar.gz,[],[],"[""skos:Concept""]",https://vocabs.acdh.oeaw.ac.at/dhataxonomy/Concept49,=,1.0,http://vocabularies.unesco.org/thesaurus/concept49,[],[],[],false,false positive
dh,dha-unesco,secea-2026.tar.gz,[],[],"[""skos:Concept""]",https://vocabs.acdh.oeaw.ac.at/dhataxonomy/Concept39.04,=,1.0,http://vocabularies.unesco.org/thesaurus/concept6218,[],[],"[""skos:Concept""]",false,false positive
dh,dha-unesco,secea-2026.tar.gz,[],[],"[""skos:Concept""]",https://vocabs.acdh.oeaw.ac.at/dhataxonomy/Concept39,=,1.0,http://vocabularies.unesco.org/thesaurus/concept39,[],[],[],false,false positive
dh,dha-unesco,secea-2026.tar.gz,[],[],"[""skos:Concept""]",https://vocabs.acdh.oeaw.ac.at/dhataxonomy/Concept27,=,1.0,http://vocabularies.unesco.org/thesaurus/concept27,[],[],[],false,false positive
dh,dha-unesco,secea-2026.tar.gz,[],[],"[""skos:Concept""]",https://vocabs.acdh.oeaw.ac.at/dhataxonomy/Concept16,=,1.0,http://vocabularies.unesco.org/thesaurus/concept16,[],[],[],false,false positive
dh,dha-unesco,secea-2026.tar.gz,"[""DHA Taxonomy""]",[],"[""skos:ConceptScheme""]",https://vocabs.acdh.oeaw.ac.at/dhataxonomy/ConceptScheme,=,1.0,http://vocabularies.unesco.org/thesaurus,[],[],"[""skos:ConceptScheme""]",false,false positive
dh,dha-unesco,secea-2026.tar.gz,[],[],"[""skos:Concept""]",https://vocabs.acdh.oeaw.ac.at/dhataxonomy/Concept11,=,1.0,http://vocabularies.unesco.org/thesaurus/concept6127,[],[],"[""skos:Concept""]",false,false positive
dh,dha-unesco,secea-2026.tar.gz,[],[],"[""skos:Collection""]",https://vocabs.acdh.oeaw.ac.at/dhataxonomy/Collection02,=,1.0,http://vocabularies.unesco.org/thesaurus/concept6523,[],[],"[""skos:Concept""]",false,false positive
dh,dha-unesco,secea-2026.tar.gz,[],[],[],http://purl.org/dc/terms/license,=,1.0,http://purl.org/dc/terms/license,[],[],[],false,false positive
dh,dha-unesco,secea-2026.tar.gz,[],[],"[""skos:Concept""]",https://vocabs.acdh.oeaw.ac.at/dhataxonomy/Concept47,=,1.0,http://vocabularies.unesco.org/thesaurus/concept17000,[],[],"[""skos:Concept""]",true,true positive
dh,dha-unesco,secea-2026.tar.gz,[],[],[],http://www.w3.org/2004/02/skos/core#inScheme,=,1.0,http://www.w3.org/2004/02/skos/core#inScheme,[],[],[],false,false positive
dh,dha-unesco,secea-2026.tar.gz,[],[],"[""skos:Concept""]",https://vocabs.acdh.oeaw.ac.at/dhataxonomy/Concept7.04,=,1.0,http://vocabularies.unesco.org/thesaurus/concept6086,[],[],"[""skos:Concept""]",false,false positive
dh,dha-unesco,secea-2026.tar.gz,[],[],[],http://purl.org/dc/terms/contributor,=,1.0,http://purl.org/dc/elements/1.1/contributor,[],[],[],false,false positive
dh,dha-unesco,secea-2026.tar.gz,[],[],[],http://purl.org/dc/elements/1.1/subject,=,1.0,http://purl.org/dc/elements/1.1/subject,[],[],[],false,false positive
dh,dha-unesco,secea-2026.tar.gz,[],[],"[""skos:Concept""]",https://vocabs.acdh.oeaw.ac.at/dhataxonomy/Concept69,=,1.0,http://vocabularies.unesco.org/thesaurus/concept69,[],[],[],false,false positive
dh,dha-unesco,secea-2026.tar.gz,[],[],[],http://www.w3.org/2004/02/skos/core#hasTopConcept,=,1.0,http://www.w3.org/2004/02/skos/core#hasTopConcept,[],[],[],false,false positive
dh,dha-unesco,secea-2026.tar.gz,[],[],"[""skos:Concept""]",https://vocabs.acdh.oeaw.ac.at/dhataxonomy/Concept68,=,1.0,http://vocabularies.unesco.org/thesaurus/concept68,[],[],[],false,false positive
dh,dha-unesco,secea-2026.tar.gz,[],[],"[""skos:Concept""]",https://vocabs.acdh.oeaw.ac.at/dhataxonomy/Concept37,=,0.0,http://vocabularies.unesco.org/thesaurus/concept3270,[],[],"[""skos:Concept""]",true,false negative
dh,dha-unesco,secea-2026.tar.gz,[],[],"[""skos:Concept""]",https://vocabs.acdh.oeaw.ac.at/dhataxonomy/Concept39.05,=,1.0,http://vocabularies.unesco.org/thesaurus/concept452,[],[],"[""skos:Concept""]",false,false positive
dh,dha-unesco,secea-2026.tar.gz,[],[],"[""skos:Concept""]",https://vocabs.acdh.oeaw.ac.at/dhataxonomy/Concept50,=,1.0,http://vocabularies.unesco.org/thesaurus/concept50,[],[],[],false,false positive
dh,dha-unesco,secea-2026.tar.gz,[],[],"[""skos:Concept""]",https://vocabs.acdh.oeaw.ac.at/dhataxonomy/Concept52,=,1.0,http://vocabularies.unesco.org/thesaurus/concept11704,[],[],"[""skos:Concept""]",false,false positive
dh,dha-unesco,secea-2026.tar.gz,[],[],"[""skos:Concept""]",https://vocabs.acdh.oeaw.ac.at/dhataxonomy/Concept40,=,1.0,http://vocabularies.unesco.org/thesaurus/concept40,[],[],[],false,false positive
dh,dha-unesco,secea-2026.tar.gz,[],[],[],http://purl.org/dc/elements/1.1/language,=,1.0,http://purl.org/dc/terms/language,[],[],[],false,false positive
dh,dha-unesco,secea-2026.tar.gz,[],[],[],http://purl.org/dc/elements/1.1/source,=,1.0,http://purl.org/dc/terms/source,[],[],[],false,false positive
dh,dha-unesco,secea-2026.tar.gz,[],[],[],http://www.w3.org/2004/02/skos/core#narrower,=,1.0,http://www.w3.org/2004/02/skos/core#narrower,[],[],[],false,false positive
dh,dha-unesco,secea-2026.tar.gz,[],[],"[""skos:Concept""]",https://vocabs.acdh.oeaw.ac.at/dhataxonomy/Concept65,=,1.0,http://vocabularies.unesco.org/thesaurus/concept6973,[],[],"[""skos:Concept""]",false,false positive
dh,dha-unesco,secea-2026.tar.gz,[],[],"[""skos:Concept""]",https://vocabs.acdh.oeaw.ac.at/dhataxonomy/Concept26,=,1.0,http://vocabularies.unesco.org/thesaurus/concept1548,[],[],"[""skos:Concept""]",false,false positive
dh,dha-unesco,secea-2026.tar.gz,[],[],"[""skos:Concept""]",https://vocabs.acdh.oeaw.ac.at/dhataxonomy/Concept30,=,1.0,http://vocabularies.unesco.org/thesaurus/concept30,[],[],[],false,false positive
dh,dha-unesco,secea-2026.tar.gz,[],[],"[""skos:Concept""]",https://vocabs.acdh.oeaw.ac.at/dhataxonomy/Concept20,=,1.0,http://vocabularies.unesco.org/thesaurus/concept2969,[],[],"[""skos:Concept""]",false,false positive
dh,dha-unesco,secea-2026.tar.gz,[],[],"[""skos:Concept""]",https://vocabs.acdh.oeaw.ac.at/dhataxonomy/Concept48.07,=,1.0,http://vocabularies.unesco.org/thesaurus/concept5722,[],[],"[""skos:Concept""]",false,false positive
dh,dha-unesco,secea-2026.tar.gz,[],[],"[""skos:Concept""]",https://vocabs.acdh.oeaw.ac.at/dhataxonomy/Concept31,=,1.0,http://vocabularies.unesco.org/thesaurus/concept31,[],[],[],false,false positive
dh,dha-unesco,secea-2026.tar.gz,[],[],"[""skos:Concept""]",https://vocabs.acdh.oeaw.ac.at/dhataxonomy/Concept66.04,=,1.0,http://vocabularies.unesco.org/thesaurus/concept14050,[],[],"[""skos:Concept""]",false,false positive
dh,dha-unesco,secea-2026.tar.gz,[],[],"[""skos:Concept""]",https://vocabs.acdh.oeaw.ac.at/dhataxonomy/Concept53,=,1.0,http://vocabularies.unesco.org/thesaurus/concept53,[],[],[],false,false positive
dh,dha-unesco,secea-2026.tar.gz,[],[],"[""skos:Concept""]",https://vocabs.acdh.oeaw.ac.at/dhataxonomy/Concept51,=,1.0,http://vocabularies.unesco.org/thesaurus/concept5530,[],[],"[""skos:Concept""]",false,false positive
dh,dha-unesco,secea-2026.tar.gz,[],[],[],http://www.w3.org/2004/02/skos/core#definition,=,1.0,http://www.w3.org/2004/02/skos/core#definition,[],[],[],false,false positive
dh,idai-pactols,lsmatch-multilingual-2026.tar.gz,[],[],"[""skos:Concept""]",http://thesauri.dainst.org/_68e1bd31,=,0.0,https://ark.frantiq.fr/ark:/26678/pcrt1FD59O4eTz,[],[],"[""skos:Concept""]",true,false negative
dh,idai-pactols,lsmatch-multilingual-2026.tar.gz,[],[],"[""skos:Concept""]",http://thesauri.dainst.org/_c40b4a1d,=,0.0,https://ark.frantiq.fr/ark:/26678/pcrtrMvNrtSOHs,[],[],"[""skos:Concept""]",true,false negative
dh,idai-pactols,lsmatch-multilingual-2026.tar.gz,[],[],"[""skos:Concept""]",http://thesauri.dainst.org/_af2f2dad,=,0.0,https://ark.frantiq.fr/ark:/26678/pcrtVgXu5JJGUg,[],[],"[""skos:Concept""]",true,false negative
dh,idai-pactols,lsmatch-multilingual-2026.tar.gz,[],[],"[""skos:Concept""]",http://thesauri.dainst.org/_1adf0150,=,0.0,https://ark.frantiq.fr/ark:/26678/pcrtpbgzj4c0da,[],[],"[""skos:Concept""]",true,false negative
dh,idai-pactols,lsmatch-multilingual-2026.tar.gz,[],[],"[""skos:Concept""]",http://thesauri.dainst.org/_dafb0ad8,=,0.0,https://ark.frantiq.fr/ark:/26678/pcrtfOjLfceAZ0,[],[],"[""skos:Concept""]",true,false negative
dh,idai-pactols,lsmatch-multilingual-2026.tar.gz,[],[],"[""skos:Concept""]",http://thesauri.dainst.org/_49462e56,=,0.0,https://ark.frantiq.fr/ark:/26678/pcrtVmQTWhdSkJ,[],[],"[""skos:Concept""]",true,false negative
dh,idai-pactols,lsmatch-multilingual-2026.tar.gz,[],[],"[""skos:Concept""]",http://thesauri.dainst.org/_bd4d65a8,=,0.0,https://ark.frantiq.fr/ark:/26678/pcrtgWbicZTgZe,[],[],"[""skos:Concept""]",true,false negative
dh,idai-pactols,lsmatch-multilingual-2026.tar.gz,[],[],"[""skos:Concept""]",http://thesauri.dainst.org/_49517e78,=,0.0,https://ark.frantiq.fr/ark:/26678/pcrt36pke8yWxW,[],[],"[""skos:Concept""]",true,false negative
dh,idai-pactols,lsmatch-multilingual-2026.tar.gz,[],[],"[""skos:Concept""]",http://thesauri.dainst.org/_4688b7a6,=,0.0,https://ark.frantiq.fr/ark:/26678/pcrtF9P4mbuyGk,[],[],"[""skos:Concept""]",true,false negative
dh,idai-pactols,lsmatch-multilingual-2026.tar.gz,[],[],"[""skos:Concept""]",http://thesauri.dainst.org/_a9e10cab,=,0.0,https://ark.frantiq.fr/ark:/26678/pcrtp5Wcpmp9I3,[],[],"[""skos:Concept""]",true,false negative
dh,idai-pactols,lsmatch-multilingual-2026.tar.gz,[],[],"[""skos:Concept""]",http://thesauri.dainst.org/_d321ff61,=,0.0,https://ark.frantiq.fr/ark:/26678/pcrtgWbicZTgZe,[],[],"[""skos:Concept""]",true,false negative
dh,idai-pactols,lsmatch-multilingual-2026.tar.gz,[],[],"[""skos:Concept""]",http://thesauri.dainst.org/_3ec72d64,=,0.0,https://ark.frantiq.fr/ark:/26678/pcrt7UXeYrS8Nb,[],[],"[""skos:Concept""]",true,false negative
dh,idai-pactols,lsmatch-multilingual-2026.tar.gz,"[""Concept""]",[],"[""owl:Class""]",http://www.w3.org/2004/02/skos/core#Concept,=,1.0,http://www.w3.org/2004/02/skos/core#Concept,"[""Concept""]",[],"[""owl:Class""]",false,false positive
dh,idai-pactols,lsmatch-multilingual-2026.tar.gz,[],[],"[""skos:Concept""]",http://thesauri.dainst.org/_f09b41b4,=,0.0,https://ark.frantiq.fr/ark:/26678/pcrt0Krn6QJlhU,[],[],"[""skos:Concept""]",true,false negative
dh,idai-pactols,lsmatch-multilingual-2026.tar.gz,[],[],"[""skos:Concept""]",http://thesauri.dainst.org/_2c06eae5,=,0.0,https://ark.frantiq.fr/ark:/26678/pcrtJUwAaZ7Nz9,[],[],"[""skos:Concept""]",true,false negative
dh,idai-pactols,lsmatch-multilingual-2026.tar.gz,[],[],"[""skos:Concept""]",http://thesauri.dainst.org/_d3b9f438,=,0.0,https://ark.frantiq.fr/ark:/26678/pcrtKZYwYOkWlK,[],[],"[""skos:Concept""]",true,false negative
dh,idai-pactols,lsmatch-multilingual-2026.tar.gz,[],[],"[""skos:Concept""]",http://thesauri.dainst.org/_8b38cf01,=,0.0,https://ark.frantiq.fr/ark:/26678/pcrt0Krn6QJlhU,[],[],"[""skos:Concept""]",true,false negative
dh,idai-pactols,lsmatch-multilingual-2026.tar.gz,[],[],"[""skos:Concept""]",http://thesauri.dainst.org/_b02158bd,=,0.0,https://ark.frantiq.fr/ark:/26678/pcrtJUwAaZ7Nz9,[],[],"[""skos:Concept""]",true,false negative
dh,defc-pactols,tim-2026.tar.gz,[],[],[],http://purl.org/dc/elements/1.1/creator,=,1.0,http://purl.org/dc/terms/creator,[],[],[],false,false positive
dh,defc-pactols,tim-2026.tar.gz,[],[],[],http://purl.org/dc/elements/1.1/language,=,1.0,http://purl.org/dc/terms/language,[],[],[],false,false positive
dh,defc-pactols,tim-2026.tar.gz,[],[],"[""skos:Concept""]",https://vocabs.acdh.oeaw.ac.at/defcthesaurus/settlement_enclosure/4.073,=,0.0,https://ark.frantiq.fr/ark:/26678/pcrtKei7jxhn32,[],[],"[""skos:Concept""]",true,false negative
dh,defc-pactols,tim-2026.tar.gz,[],[],"[""skos:Concept""]",https://vocabs.acdh.oeaw.ac.at/defcthesaurus/cave/3.1,=,1.0,https://ark.frantiq.fr/ark:/26678/pcrtxKnfzXYMxK,[],[],"[""skos:Concept""]",true,true positive
dh,defc-pactols,tim-2026.tar.gz,[],[],[],http://purl.org/dc/elements/1.1/format,=,1.0,http://purl.org/dc/terms/format,[],[],[],false,false positive
dh,defc-pactols,tim-2026.tar.gz,[],[],"[""skos:Concept""]",https://vocabs.acdh.oeaw.ac.at/defcthesaurus/pit/5.4,=,1.0,https://ark.frantiq.fr/ark:/26678/pcrtms2OAv82PY,[],[],"[""skos:Concept""]",true,true positive
dh,defc-pactols,tim-2026.tar.gz,[],[],[],http://purl.org/dc/elements/1.1/rights,=,1.0,http://purl.org/dc/terms/rights,[],[],[],false,false positive
dh,defc-pactols,tim-2026.tar.gz,[],[],"[""skos:Concept""]",https://vocabs.acdh.oeaw.ac.at/defcthesaurus/hearth/5.3,=,0.0,https://ark.frantiq.fr/ark:/26678/pcrtJUwAaZ7Nz9,[],[],"[""skos:Concept""]",true,false negative
dh,defc-pactols,tim-2026.tar.gz,[],[],"[""skos:Concept""]",https://vocabs.acdh.oeaw.ac.at/defcthesaurus/cairn/5.8,=,1.0,https://ark.frantiq.fr/ark:/26678/pcrtAqKgmvERHQ,[],[],"[""skos:Concept""]",true,true positive
dh,defc-pactols,tim-2026.tar.gz,[],[],[],http://purl.org/dc/elements/1.1/description,=,1.0,http://purl.org/dc/terms/description,[],[],[],false,false positive
dh,defc-pactols,tim-2026.tar.gz,[],[],"[""skos:Concept""]",https://vocabs.acdh.oeaw.ac.at/defcthesaurus/fireplace/5.1,=,1.0,https://ark.frantiq.fr/ark:/26678/pcrtJUwAaZ7Nz9,[],[],"[""skos:Concept""]",true,true positive
dh,defc-pactols,tim-2026.tar.gz,[],[],"[""skos:Concept""]",https://vocabs.acdh.oeaw.ac.at/defcthesaurus/pile_dwelling/5.4,=,1.0,https://ark.frantiq.fr/ark:/26678/pcrt5MQsnfNDTD,[],[],"[""skos:Concept""]",true,true positive
dh,defc-pactols,tim-2026.tar.gz,[],[],"[""skos:Concept""]",https://vocabs.acdh.oeaw.ac.at/defcthesaurus/waste_pit/5.20,=,1.0,https://ark.frantiq.fr/ark:/26678/pcrtp5Wcpmp9I3,[],[],"[""skos:Concept""]",true,true positive
dh,defc-pactols,tim-2026.tar.gz,[],[],[],http://purl.org/dc/elements/1.1/subject,=,1.0,http://purl.org/dc/terms/subject,[],[],[],false,false positive
dh,defc-pactols,tim-2026.tar.gz,"[""Concept""]",[],"[""owl:Class""]",http://www.w3.org/2004/02/skos/core#Concept,=,1.0,http://www.w3.org/2004/02/skos/core#Concept,"[""Concept""]",[],"[""owl:Class""]",false,false positive
dh,defc-pactols,tim-2026.tar.gz,[],[],"[""skos:Concept""]",https://vocabs.acdh.oeaw.ac.at/defcthesaurus/rock_shelter/3.2,=,1.0,https://ark.frantiq.fr/ark:/26678/pcrtkeLpJpVN4t,[],[],"[""skos:Concept""]",true,true positive
dh,defc-pactols,tim-2026.tar.gz,[],[],"[""skos:Concept""]",https://vocabs.acdh.oeaw.ac.at/defcthesaurus/tell/4.2,=,1.0,https://ark.frantiq.fr/ark:/26678/pcrtx4sFxmENjb,[],[],"[""skos:Concept""]",true,true positive
dh,defc-pactols,tim-2026.tar.gz,[],[],[],http://purl.org/dc/elements/1.1/title,=,1.0,http://purl.org/dc/terms/title,[],[],[],false,false positive
dh,defc-pactols,secea-2026.tar.gz,[],[],"[""skos:Concept""]",https://vocabs.acdh.oeaw.ac.at/defcthesaurus/grave_type/4.083,=,1.0,https://ark.frantiq.fr/ark:/26678/pcrtjMFrjr1utW,[],[],"[""skos:Concept""]",false,false positive
dh,defc-pactols,secea-2026.tar.gz,[],[],"[""skos:Concept""]",https://vocabs.acdh.oeaw.ac.at/defcthesaurus/figurine/3.3,=,1.0,https://ark.frantiq.fr/ark:/26678/pcrtrMvNrtSOHs,[],[],"[""skos:Concept""]",false,false positive
dh,defc-pactols,secea-2026.tar.gz,"[""DEFC Schema""]",[],"[""skos:ConceptScheme""]",https://vocabs.acdh.oeaw.ac.at/defcthesaurus/DefcSchema,=,1.0,https://pactols.frantiq.fr/opentheso/?idt=TH_1,[],[],"[""skos:ConceptScheme""]",false,false positive
dh,defc-pactols,secea-2026.tar.gz,[],[],"[""skos:Concept""]",https://vocabs.acdh.oeaw.ac.at/defcthesaurus/small_finds/2.5,=,1.0,https://ark.frantiq.fr/ark:/26678/pcrtD19Y1kxWR4,[],[],"[""skos:Concept""]",false,false positive
dh,defc-pactols,secea-2026.tar.gz,[],[],[],http://www.w3.org/2000/01/rdf-schema#label,=,1.0,http://www.w3.org/2000/01/rdf-schema#label,[],[],[],false,false positive
dh,defc-pactols,secea-2026.tar.gz,[],[],[],http://www.w3.org/2004/02/skos/core#altLabel,=,1.0,http://www.w3.org/2004/02/skos/core#altLabel,[],[],[],false,false positive
dh,defc-pactols,secea-2026.tar.gz,[],[],[],http://www.w3.org/2004/02/skos/core#related,=,1.0,http://www.w3.org/2004/02/skos/core#related,[],[],[],false,false positive
dh,defc-pactols,secea-2026.tar.gz,[],[],[],http://purl.org/dc/elements/1.1/format,=,1.0,http://purl.org/dc/terms/format,[],[],[],false,false positive
dh,defc-pactols,secea-2026.tar.gz,[],[],"[""skos:Concept""]",https://vocabs.acdh.oeaw.ac.at/defcthesaurus/flint/4.11,=,1.0,https://ark.frantiq.fr/ark:/26678/pcrtGYzRry8HxI,[],[],"[""skos:Concept""]",false,false positive
dh,defc-pactols,secea-2026.tar.gz,[],[],"[""skos:Concept""]",https://vocabs.acdh.oeaw.ac.at/defcthesaurus/building_shape/4.076,=,1.0,https://ark.frantiq.fr/ark:/26678/pcrtKei7jxhn32,[],[],"[""skos:Concept""]",false,false positive
dh,defc-pactols,secea-2026.tar.gz,[],[],[],http://www.w3.org/2004/02/skos/core#ConceptScheme,=,1.0,http://www.w3.org/2004/02/skos/core#ConceptScheme,[],[],[],false,false positive
dh,defc-pactols,secea-2026.tar.gz,[],[],[],http://www.w3.org/2004/02/skos/core#scopeNote,=,1.0,http://www.w3.org/2004/02/skos/core#scopeNote,[],[],[],false,false positive
dh,defc-pactols,secea-2026.tar.gz,[],[],"[""skos:Concept""]",https://vocabs.acdh.oeaw.ac.at/defcthesaurus/chert/3.12,=,1.0,https://ark.frantiq.fr/ark:/26678/pcrtSu7E2Qh0Xv,[],[],"[""skos:Concept""]",false,false positive
dh,defc-pactols,secea-2026.tar.gz,[],[],[],http://purl.org/dc/elements/1.1/subject,=,1.0,http://purl.org/dc/terms/subject,[],[],[],false,false positive
dh,defc-pactols,secea-2026.tar.gz,[],[],"[""skos:Concept""]",https://vocabs.acdh.oeaw.ac.at/defcthesaurus/rock_shelter/3.2,=,1.0,https://ark.frantiq.fr/ark:/26678/pcrtkeLpJpVN4t,[],[],"[""skos:Concept""]",true,true positive
dh,defc-pactols,secea-2026.tar.gz,[],[],"[""skos:Concept""]",https://vocabs.acdh.oeaw.ac.at/defcthesaurus/river_delta/2.8,=,1.0,https://ark.frantiq.fr/ark:/26678/pcrtoeb7huexQ8,[],[],"[""skos:Concept""]",false,false positive
dh,defc-pactols,secea-2026.tar.gz,[],[],[],http://purl.org/dc/elements/1.1/creator,=,1.0,http://purl.org/dc/terms/creator,[],[],[],false,false positive
dh,defc-pactols,secea-2026.tar.gz,[],[],"[""skos:Concept""]",https://vocabs.acdh.oeaw.ac.at/defcthesaurus/ritual/4.079,=,1.0,https://ark.frantiq.fr/ark:/26678/pcrthcbe2XySTb,[],[],"[""skos:Concept""]",false,false positive
dh,defc-pactols,secea-2026.tar.gz,[],[],"[""skos:Concept""]",https://vocabs.acdh.oeaw.ac.at/defcthesaurus/quarry/2.3,=,1.0,https://ark.frantiq.fr/ark:/26678/pcrtfUWF9GVr4q,[],[],"[""skos:Concept""]",false,false positive
dh,defc-pactols,secea-2026.tar.gz,[],[],"[""skos:Concept""]",https://vocabs.acdh.oeaw.ac.at/defcthesaurus/cairn/5.8,=,1.0,https://ark.frantiq.fr/ark:/26678/pcrtAqKgmvERHQ,[],[],"[""skos:Concept""]",true,true positive
dh,defc-pactols,secea-2026.tar.gz,[],[],"[""skos:Concept""]",https://vocabs.acdh.oeaw.ac.at/defcthesaurus/gold/3.34,=,1.0,https://ark.frantiq.fr/ark:/26678/pcrteJiI6BxaFN,[],[],"[""skos:Concept""]",false,false positive
dh,defc-pactols,secea-2026.tar.gz,[],[],"[""skos:Concept""]",https://vocabs.acdh.oeaw.ac.at/defcthesaurus/waste_pit/5.20,=,1.0,https://ark.frantiq.fr/ark:/26678/pcrtp5Wcpmp9I3,[],[],"[""skos:Concept""]",true,true positive
dh,defc-pactols,secea-2026.tar.gz,[],[],[],http://www.w3.org/2000/01/rdf-schema#isDefinedBy,=,1.0,http://www.w3.org/2000/01/rdf-schema#isDefinedBy,[],[],[],false,false positive
dh,defc-pactols,secea-2026.tar.gz,[],[],"[""skos:Concept""]",https://vocabs.acdh.oeaw.ac.at/defcthesaurus/bone_tool_production/2.6,=,1.0,https://ark.frantiq.fr/ark:/26678/pcrtXOuO8FKGbe,[],[],"[""skos:Concept""]",false,false positive
dh,defc-pactols,secea-2026.tar.gz,[],[],[],http://www.w3.org/2004/02/skos/core#topConceptOf,=,1.0,http://www.w3.org/2004/02/skos/core#topConceptOf,[],[],[],false,false positive
dh,defc-pactols,secea-2026.tar.gz,[],[],"[""skos:Concept""]",https://vocabs.acdh.oeaw.ac.at/defcthesaurus/y_blade/4.5,=,1.0,https://ark.frantiq.fr/ark:/26678/pcrtMZpgRPheIJ,[],[],"[""skos:Concept""]",false,false positive
dh,defc-pactols,secea-2026.tar.gz,[],[],"[""skos:Concept""]",https://vocabs.acdh.oeaw.ac.at/defcthesaurus/terrazzo_floor/6.15,=,1.0,https://ark.frantiq.fr/ark:/26678/pcrtQpKQcDolxc,[],[],"[""skos:Concept""]",false,false positive
dh,defc-pactols,secea-2026.tar.gz,[],[],"[""skos:Concept""]",https://vocabs.acdh.oeaw.ac.at/defcthesaurus/settlement_enclosure/4.073,=,0.0,https://ark.frantiq.fr/ark:/26678/pcrtKei7jxhn32,[],[],"[""skos:Concept""]",true,false negative
dh,defc-pactols,secea-2026.tar.gz,[],[],"[""skos:Concept""]",https://vocabs.acdh.oeaw.ac.at/defcthesaurus/undefined/2.5,=,1.0,https://ark.frantiq.fr/ark:/26678/pcrtHIjtOg1P75,[],[],"[""skos:Concept""]",false,false positive
dh,defc-pactols,secea-2026.tar.gz,[],[],"[""skos:Concept""]",https://vocabs.acdh.oeaw.ac.at/defcthesaurus/building_type/4.077,=,1.0,https://ark.frantiq.fr/ark:/26678/pcrtRIPguI6ugI,[],[],"[""skos:Concept""]",false,false positive
dh,defc-pactols,secea-2026.tar.gz,[],"[""A concept schema for terms that are not present in the database, but are essential for hierarchy of terms related to the period (Area class)"",""A concept schema related to the particular Area properties."",""A concept schema related to the particular Finds properties."",""A concept schema related to the particular Interpretation properties."",""A concept schema related to the particular Site properties."",""A concept schema related to the particular properties of Research Event in the database."",""A concept schema related to the particular properties of Research Event."",""A concept scheme related to the particular Research Event properties""]","[""skos:ConceptScheme""]",https://vocabs.acdh.oeaw.ac.at/defcthesaurus/NotInDatabase,=,1.0,https://ark.frantiq.fr/ark:/TH_1,[],[],"[""skos:ConceptScheme""]",false,false positive
dh,defc-pactols,secea-2026.tar.gz,[],[],[],http://www.w3.org/2004/02/skos/core#exactMatch,=,1.0,http://www.w3.org/2004/02/skos/core#exactMatch,[],[],[],false,false positive
dh,defc-pactols,secea-2026.tar.gz,[],[],[],http://purl.org/dc/elements/1.1/rights,=,1.0,http://purl.org/dc/terms/rights,[],[],[],false,false positive
dh,defc-pactols,secea-2026.tar.gz,[],[],[],http://www.w3.org/2004/02/skos/core#inScheme,=,1.0,http://www.w3.org/2004/02/skos/core#inScheme,[],[],[],false,false positive
dh,defc-pactols,secea-2026.tar.gz,[],[],[],http://www.w3.org/2004/02/skos/core#broader,=,1.0,http://www.w3.org/2004/02/skos/core#broader,[],[],[],false,false positive
dh,defc-pactols,secea-2026.tar.gz,[],[],"[""skos:Concept""]",https://vocabs.acdh.oeaw.ac.at/defcthesaurus/occupation_evidence/4.088,=,1.0,https://ark.frantiq.fr/ark:/26678/pcrtXGgQa70ZVU,[],[],"[""skos:Concept""]",false,false positive
dh,defc-pactols,secea-2026.tar.gz,[],[],[],http://www.w3.org/2004/02/skos/core#hasTopConcept,=,1.0,http://www.w3.org/2004/02/skos/core#hasTopConcept,[],[],[],false,false positive
dh,defc-pactols,secea-2026.tar.gz,[],[],[],http://purl.org/dc/elements/1.1/language,=,1.0,http://purl.org/dc/terms/language,[],[],[],false,false positive
dh,defc-pactols,secea-2026.tar.gz,[],[],"[""skos:Concept""]",https://vocabs.acdh.oeaw.ac.at/defcthesaurus/cave/3.1,=,1.0,https://ark.frantiq.fr/ark:/26678/pcrtxKnfzXYMxK,[],[],"[""skos:Concept""]",true,true positive
dh,defc-pactols,secea-2026.tar.gz,[],[],"[""skos:Concept""]",https://vocabs.acdh.oeaw.ac.at/defcthesaurus/settlement_enclosure/4.073,=,1.0,https://ark.frantiq.fr/ark:/26678/pcrtfOjLfceAZ0,[],[],"[""skos:Concept""]",false,false positive
dh,defc-pactols,secea-2026.tar.gz,[],[],[],http://www.w3.org/2004/02/skos/core#narrower,=,1.0,http://www.w3.org/2004/02/skos/core#narrower,[],[],[],false,false positive
dh,defc-pactols,secea-2026.tar.gz,[],[],"[""skos:Concept""]",https://vocabs.acdh.oeaw.ac.at/defcthesaurus/pit/5.4,=,1.0,https://ark.frantiq.fr/ark:/26678/pcrtms2OAv82PY,[],[],"[""skos:Concept""]",true,true positive
dh,defc-pactols,secea-2026.tar.gz,[],[],[],http://www.w3.org/1999/02/22-rdf-syntax-ns#type,=,1.0,http://www.w3.org/1999/02/22-rdf-syntax-ns#type,[],[],[],false,false positive
dh,defc-pactols,secea-2026.tar.gz,[],[],"[""skos:Concept""]",https://vocabs.acdh.oeaw.ac.at/defcthesaurus/hearth/5.3,=,0.0,https://ark.frantiq.fr/ark:/26678/pcrtJUwAaZ7Nz9,[],[],"[""skos:Concept""]",true,false negative
dh,defc-pactols,secea-2026.tar.gz,[],[],"[""skos:Concept""]",https://vocabs.acdh.oeaw.ac.at/defcthesaurus/cave_or_rockshelter/2.1,=,1.0,https://ark.frantiq.fr/ark:/26678/pcrt9PJh9aTXv4,[],[],"[""skos:Concept""]",false,false positive
dh,defc-pactols,secea-2026.tar.gz,[],[],[],http://purl.org/dc/elements/1.1/description,=,1.0,http://purl.org/dc/terms/description,[],[],[],false,false positive
dh,defc-pactols,secea-2026.tar.gz,[],[],[],http://www.w3.org/2004/02/skos/core,=,1.0,http://www.w3.org/2004/02/skos/core,[],[],[],false,false positive
dh,defc-pactols,secea-2026.tar.gz,[],[],"[""skos:Concept""]",https://vocabs.acdh.oeaw.ac.at/defcthesaurus/fireplace/5.1,=,0.0,https://ark.frantiq.fr/ark:/26678/pcrtJUwAaZ7Nz9,[],[],"[""skos:Concept""]",true,false negative
dh,defc-pactols,secea-2026.tar.gz,[],[],"[""skos:Concept""]",https://vocabs.acdh.oeaw.ac.at/defcthesaurus/pile_dwelling/5.4,=,1.0,https://ark.frantiq.fr/ark:/26678/pcrt5MQsnfNDTD,[],[],"[""skos:Concept""]",true,true positive
dh,defc-pactols,secea-2026.tar.gz,[],[],"[""skos:Concept""]",https://vocabs.acdh.oeaw.ac.at/defcthesaurus/circular/5.2,=,1.0,https://ark.frantiq.fr/ark:/26678/pcrt9gfvI45Kcj,[],[],"[""skos:Concept""]",false,false positive
dh,defc-pactols,secea-2026.tar.gz,"[""Concept""]",[],"[""owl:Class""]",http://www.w3.org/2004/02/skos/core#Concept,=,1.0,http://www.w3.org/2004/02/skos/core#Concept,"[""Concept""]",[],"[""owl:Class""]",false,false positive
dh,defc-pactols,secea-2026.tar.gz,[],[],[],http://www.w3.org/2002/07/owl#Class,=,1.0,http://www.w3.org/2002/07/owl#Class,[],[],[],false,false positive
dh,defc-pactols,secea-2026.tar.gz,[],[],"[""skos:Concept""]",https://vocabs.acdh.oeaw.ac.at/defcthesaurus/grooved_with_graphite/5.197,=,1.0,https://ark.frantiq.fr/ark:/26678/pcrtVgXu5JJGUg,[],[],"[""skos:Concept""]",false,false positive
dh,defc-pactols,secea-2026.tar.gz,[],[],"[""skos:Concept""]",https://vocabs.acdh.oeaw.ac.at/defcthesaurus/tell/4.2,=,1.0,https://ark.frantiq.fr/ark:/26678/pcrtx4sFxmENjb,[],[],"[""skos:Concept""]",true,true positive
dh,defc-pactols,secea-2026.tar.gz,[],[],[],http://purl.org/dc/elements/1.1/title,=,1.0,http://purl.org/dc/terms/title,[],[],[],false,false positive
dh,defc-pactols,secea-2026.tar.gz,[],[],[],http://www.w3.org/2004/02/skos/core#definition,=,1.0,http://www.w3.org/2004/02/skos/core#definition,[],[],[],false,false positive
dh,defc-pactols,secea-2026.tar.gz,[],[],[],http://www.w3.org/2004/02/skos/core#prefLabel,=,1.0,http://www.w3.org/2004/02/skos/core#prefLabel,[],[],[],false,false positive
dh,oeai-parthenos,lsmatch-multilingual-2026.tar.gz,[],[],"[""skos:Concept""]",https://vocabs.acdh.oeaw.ac.at/oeai-cultural-periods/concept23528,=,0.0,https://isl.ics.forth.gr/parthenos_vocabularies/Concept/7099,[],[],"[""skos:Concept""]",true,false negative
dh,oeai-parthenos,lsmatch-multilingual-2026.tar.gz,[],[],"[""skos:Concept""]",https://vocabs.acdh.oeaw.ac.at/oeai-cultural-periods/concept23276,=,0.0,https://isl.ics.forth.gr/parthenos_vocabularies/Concept/7147,[],[],"[""skos:Concept""]",true,false negative
dh,oeai-parthenos,lsmatch-multilingual-2026.tar.gz,[],[],"[""skos:Concept""]",https://vocabs.acdh.oeaw.ac.at/oeai-cultural-periods/concept23560,=,0.0,https://isl.ics.forth.gr/parthenos_vocabularies/Concept/7107,[],[],"[""skos:Concept""]",true,false negative
dh,oeai-parthenos,lsmatch-multilingual-2026.tar.gz,[],[],"[""skos:Concept""]",https://vocabs.acdh.oeaw.ac.at/oeai-cultural-periods/concept23544,=,0.0,https://isl.ics.forth.gr/parthenos_vocabularies/Concept/7188,[],[],"[""skos:Concept""]",true,false negative
dh,oeai-parthenos,lsmatch-multilingual-2026.tar.gz,[],[],"[""skos:Concept""]",https://vocabs.acdh.oeaw.ac.at/oeai-cultural-periods/concept23194,=,0.0,https://isl.ics.forth.gr/parthenos_vocabularies/Concept/7215,[],[],"[""skos:Concept""]",true,false negative
dh,oeai-parthenos,lsmatch-multilingual-2026.tar.gz,[],[],"[""skos:Concept""]",https://vocabs.acdh.oeaw.ac.at/oeai-cultural-periods/concept23318,=,0.0,https://isl.ics.forth.gr/parthenos_vocabularies/Concept/7125,[],[],"[""skos:Concept""]",true,false negative
dh,oeai-parthenos,lsmatch-multilingual-2026.tar.gz,[],[],"[""skos:Concept""]",https://vocabs.acdh.oeaw.ac.at/oeai-cultural-periods/concept23317,=,0.0,https://isl.ics.forth.gr/parthenos_vocabularies/Concept/7115,[],[],"[""skos:Concept""]",true,false negative
dh,oeai-parthenos,lsmatch-multilingual-2026.tar.gz,[],[],"[""skos:Concept""]",https://vocabs.acdh.oeaw.ac.at/oeai-cultural-periods/concept23275,=,0.0,https://isl.ics.forth.gr/parthenos_vocabularies/Concept/7216,[],[],"[""skos:Concept""]",true,false negative
dh,oeai-parthenos,lsmatch-multilingual-2026.tar.gz,[],[],"[""skos:Concept""]",https://vocabs.acdh.oeaw.ac.at/oeai-cultural-periods/concept23274,=,0.0,https://isl.ics.forth.gr/parthenos_vocabularies/Concept/7194,[],[],"[""skos:Concept""]",true,false negative
dh,oeai-parthenos,lsmatch-multilingual-2026.tar.gz,[],[],"[""skos:Concept""]",https://vocabs.acdh.oeaw.ac.at/oeai-cultural-periods/concept23546,=,0.0,https://isl.ics.forth.gr/parthenos_vocabularies/Concept/7184,[],[],"[""skos:Concept""]",true,false negative
dh,oeai-parthenos,lsmatch-multilingual-2026.tar.gz,[],[],"[""skos:Concept""]",https://vocabs.acdh.oeaw.ac.at/oeai-cultural-periods/concept23558,=,0.0,https://isl.ics.forth.gr/parthenos_vocabularies/Concept/7118,[],[],"[""skos:Concept""]",true,false negative
dh,oeai-parthenos,lsmatch-multilingual-2026.tar.gz,[],[],"[""skos:Concept""]",https://vocabs.acdh.oeaw.ac.at/oeai-cultural-periods/concept23531,=,0.0,https://isl.ics.forth.gr/parthenos_vocabularies/Concept/7246,[],[],"[""skos:Concept""]",true,false negative
dh,oeai-parthenos,lsmatch-multilingual-2026.tar.gz,[],[],"[""skos:Concept""]",https://vocabs.acdh.oeaw.ac.at/oeai-cultural-periods/concept23272,=,0.0,https://isl.ics.forth.gr/parthenos_vocabularies/Concept/7266,[],[],"[""skos:Concept""]",true,false negative
dh,oeai-parthenos,lsmatch-multilingual-2026.tar.gz,[],[],"[""skos:Concept""]",https://vocabs.acdh.oeaw.ac.at/oeai-cultural-periods/concept23543,=,0.0,https://isl.ics.forth.gr/parthenos_vocabularies/Concept/7243,[],[],"[""skos:Concept""]",true,false negative
dh,oeai-parthenos,lsmatch-multilingual-2026.tar.gz,[],[],"[""skos:Concept""]",https://vocabs.acdh.oeaw.ac.at/oeai-cultural-periods/concept23316,=,0.0,https://isl.ics.forth.gr/parthenos_vocabularies/Concept/7237,[],[],"[""skos:Concept""]",true,false negative
dh,oeai-parthenos,lsmatch-multilingual-2026.tar.gz,[],[],"[""skos:Concept""]",https://vocabs.acdh.oeaw.ac.at/oeai-cultural-periods/concept23273,=,0.0,https://isl.ics.forth.gr/parthenos_vocabularies/Concept/7247,[],[],"[""skos:Concept""]",true,false negative
dh,oeai-parthenos,lsmatch-multilingual-2026.tar.gz,[],[],"[""skos:Concept""]",https://vocabs.acdh.oeaw.ac.at/oeai-cultural-periods/concept23225,=,0.0,https://isl.ics.forth.gr/parthenos_vocabularies/Concept/7094,[],[],"[""skos:Concept""]",true,false negative
dh,oeai-parthenos,lsmatch-multilingual-2026.tar.gz,[],[],"[""skos:Concept""]",https://vocabs.acdh.oeaw.ac.at/oeai-cultural-periods/concept23522,=,0.0,https://isl.ics.forth.gr/parthenos_vocabularies/Concept/7224,[],[],"[""skos:Concept""]",true,false negative
dh,oeai-parthenos,lsmatch-multilingual-2026.tar.gz,[],[],"[""skos:Concept""]",https://vocabs.acdh.oeaw.ac.at/oeai-cultural-periods/concept23559,=,0.0,https://isl.ics.forth.gr/parthenos_vocabularies/Concept/7227,[],[],"[""skos:Concept""]",true,false negative
dh,oeai-parthenos,lsmatch-multilingual-2026.tar.gz,[],[],"[""skos:Concept""]",https://vocabs.acdh.oeaw.ac.at/oeai-cultural-periods/concept23226,=,0.0,https://isl.ics.forth.gr/parthenos_vocabularies/Concept/7238,[],[],"[""skos:Concept""]",true,false negative
dh,oeai-parthenos,lsmatch-multilingual-2026.tar.gz,[],[],"[""skos:Concept""]",https://vocabs.acdh.oeaw.ac.at/oeai-cultural-periods/concept23316,=,0.0,https://isl.ics.forth.gr/parthenos_vocabularies/Concept/7169,[],[],"[""skos:Concept""]",true,false negative
dh,oeai-parthenos,lsmatch-multilingual-2026.tar.gz,[],[],"[""skos:Concept""]",https://vocabs.acdh.oeaw.ac.at/oeai-cultural-periods/concept23271,=,0.0,https://isl.ics.forth.gr/parthenos_vocabularies/Concept/7140,[],[],"[""skos:Concept""]",true,false negative
dh,oeai-parthenos,lsmatch-multilingual-2026.tar.gz,[],[],"[""skos:Concept""]",https://vocabs.acdh.oeaw.ac.at/oeai-cultural-periods/concept23314,=,0.0,https://isl.ics.forth.gr/parthenos_vocabularies/Concept/7114,[],[],"[""skos:Concept""]",true,false negative
dh,oeai-parthenos,lsmatch-multilingual-2026.tar.gz,[],[],"[""skos:Concept""]",https://vocabs.acdh.oeaw.ac.at/oeai-cultural-periods/concept23495,=,0.0,https://isl.ics.forth.gr/parthenos_vocabularies/Concept/7172,[],[],"[""skos:Concept""]",true,false negative
dh,oeai-parthenos,lsmatch-multilingual-2026.tar.gz,[],[],"[""skos:Concept""]",https://vocabs.acdh.oeaw.ac.at/oeai-cultural-periods/concept23315,=,0.0,https://isl.ics.forth.gr/parthenos_vocabularies/Concept/7116,[],[],"[""skos:Concept""]",true,false negative
dh,oeai-parthenos,lsmatch-multilingual-2026.tar.gz,[],[],"[""skos:Concept""]",https://vocabs.acdh.oeaw.ac.at/oeai-cultural-periods/concept23247,=,0.0,https://isl.ics.forth.gr/parthenos_vocabularies/Concept/7189,[],[],"[""skos:Concept""]",true,false negative
dh,oeai-parthenos,lsmatch-multilingual-2026.tar.gz,[],[],"[""skos:Concept""]",https://vocabs.acdh.oeaw.ac.at/oeai-cultural-periods/concept23532,=,0.0,https://isl.ics.forth.gr/parthenos_vocabularies/Concept/7179,[],[],"[""skos:Concept""]",true,false negative
dh,oeai-parthenos,lsmatch-multilingual-2026.tar.gz,[],[],"[""skos:Concept""]",https://vocabs.acdh.oeaw.ac.at/oeai-cultural-periods/concept23243,=,0.0,https://isl.ics.forth.gr/parthenos_vocabularies/Concept/7146,[],[],"[""skos:Concept""]",true,false negative
dh,oeai-parthenos,lsmatch-multilingual-2026.tar.gz,[],[],"[""skos:Concept""]",https://vocabs.acdh.oeaw.ac.at/oeai-cultural-periods/concept23256,=,0.0,https://isl.ics.forth.gr/parthenos_vocabularies/Concept/7130,[],[],"[""skos:Concept""]",true,false negative
dh,oeai-parthenos,lsmatch-multilingual-2026.tar.gz,[],[],"[""skos:Concept""]",https://vocabs.acdh.oeaw.ac.at/oeai-cultural-periods/concept23251,=,0.0,https://isl.ics.forth.gr/parthenos_vocabularies/Concept/7208,[],[],"[""skos:Concept""]",true,false negative
dh,oeai-parthenos,lsmatch-multilingual-2026.tar.gz,[],[],"[""skos:Concept""]",https://vocabs.acdh.oeaw.ac.at/oeai-cultural-periods/concept23530,=,0.0,https://isl.ics.forth.gr/parthenos_vocabularies/Concept/7219,[],[],"[""skos:Concept""]",true,false negative
dh,oeai-parthenos,lsmatch-multilingual-2026.tar.gz,[],[],"[""skos:Concept""]",https://vocabs.acdh.oeaw.ac.at/oeai-cultural-periods/concept23536,=,0.0,https://isl.ics.forth.gr/parthenos_vocabularies/Concept/7087,[],[],"[""skos:Concept""]",true,false negative
dh,oeai-parthenos,lsmatch-multilingual-2026.tar.gz,[],[],"[""skos:Concept""]",https://vocabs.acdh.oeaw.ac.at/oeai-cultural-periods/concept23317,=,0.0,https://isl.ics.forth.gr/parthenos_vocabularies/Concept/7199,[],[],"[""skos:Concept""]",true,false negative
dh,oeai-parthenos,lsmatch-multilingual-2026.tar.gz,[],[],"[""skos:Concept""]",https://vocabs.acdh.oeaw.ac.at/oeai-cultural-periods/concept23244,=,0.0,https://isl.ics.forth.gr/parthenos_vocabularies/Concept/7268,[],[],"[""skos:Concept""]",true,false negative
dh,oeai-parthenos,lsmatch-multilingual-2026.tar.gz,[],[],"[""skos:Concept""]",https://vocabs.acdh.oeaw.ac.at/oeai-cultural-periods/concept23502,=,0.0,https://isl.ics.forth.gr/parthenos_vocabularies/Concept/7233,[],[],"[""skos:Concept""]",true,false negative
dh,oeai-parthenos,lsmatch-multilingual-2026.tar.gz,[],[],"[""skos:Concept""]",https://vocabs.acdh.oeaw.ac.at/oeai-cultural-periods/concept23516,=,0.0,https://isl.ics.forth.gr/parthenos_vocabularies/Concept/7225,[],[],"[""skos:Concept""]",true,false negative
dh,oeai-parthenos,lsmatch-multilingual-2026.tar.gz,[],[],"[""skos:Concept""]",https://vocabs.acdh.oeaw.ac.at/oeai-cultural-periods/concept23260,=,0.0,https://isl.ics.forth.gr/parthenos_vocabularies/Concept/7239,[],[],"[""skos:Concept""]",true,false negative
dh,oeai-parthenos,lsmatch-multilingual-2026.tar.gz,[],[],"[""skos:Concept""]",https://vocabs.acdh.oeaw.ac.at/oeai-cultural-periods/concept23195,=,0.0,https://isl.ics.forth.gr/parthenos_vocabularies/Concept/7221,[],[],"[""skos:Concept""]",true,false negative
dh,oeai-parthenos,lsmatch-multilingual-2026.tar.gz,[],[],"[""skos:Concept""]",https://vocabs.acdh.oeaw.ac.at/oeai-cultural-periods/concept23553,=,0.0,https://isl.ics.forth.gr/parthenos_vocabularies/Concept/7142,[],[],"[""skos:Concept""]",true,false negative
dh,oeai-parthenos,lsmatch-multilingual-2026.tar.gz,[],[],"[""skos:Concept""]",https://vocabs.acdh.oeaw.ac.at/oeai-cultural-periods/concept23315,=,0.0,https://isl.ics.forth.gr/parthenos_vocabularies/Concept/7152,[],[],"[""skos:Concept""]",true,false negative
dh,oeai-parthenos,lsmatch-multilingual-2026.tar.gz,[],[],"[""skos:Concept""]",https://vocabs.acdh.oeaw.ac.at/oeai-cultural-periods/concept23195,=,0.0,https://isl.ics.forth.gr/parthenos_vocabularies/Concept/7236,[],[],"[""skos:Concept""]",true,false negative
dh,oeai-parthenos,lsmatch-multilingual-2026.tar.gz,"[""Concept""]",[],"[""owl:Class""]",http://www.w3.org/2004/02/skos/core#Concept,=,1.0,http://www.w3.org/2004/02/skos/core#Concept,"[""Concept""]",[],"[""owl:Class""]",false,false positive
dh,oeai-parthenos,lsmatch-multilingual-2026.tar.gz,[],[],"[""skos:Concept""]",https://vocabs.acdh.oeaw.ac.at/oeai-cultural-periods/concept23531,=,0.0,https://isl.ics.forth.gr/parthenos_vocabularies/Concept/7207,[],[],"[""skos:Concept""]",true,false negative
dh,oeai-parthenos,lsmatch-multilingual-2026.tar.gz,[],[],"[""skos:Concept""]",https://vocabs.acdh.oeaw.ac.at/oeai-cultural-periods/concept23514,=,0.0,https://isl.ics.forth.gr/parthenos_vocabularies/Concept/7200,[],[],"[""skos:Concept""]",true,false negative
dh,oeai-parthenos,lsmatch-multilingual-2026.tar.gz,[],[],"[""skos:Concept""]",https://vocabs.acdh.oeaw.ac.at/oeai-cultural-periods/concept23545,=,0.0,https://isl.ics.forth.gr/parthenos_vocabularies/Concept/7145,[],[],"[""skos:Concept""]",true,false negative
dh,oeai-parthenos,lsmatch-multilingual-2026.tar.gz,[],[],"[""skos:Concept""]",https://vocabs.acdh.oeaw.ac.at/oeai-cultural-periods/concept23196,=,0.0,https://isl.ics.forth.gr/parthenos_vocabularies/Concept/7139,[],[],"[""skos:Concept""]",true,false negative
dh,oeai-parthenos,lsmatch-multilingual-2026.tar.gz,[],[],"[""skos:Concept""]",https://vocabs.acdh.oeaw.ac.at/oeai-cultural-periods/concept23498,=,0.0,https://isl.ics.forth.gr/parthenos_vocabularies/Concept/7171,[],[],"[""skos:Concept""]",true,false negative
dh,oeai-parthenos,lsmatch-multilingual-2026.tar.gz,[],[],"[""skos:Concept""]",https://vocabs.acdh.oeaw.ac.at/oeai-cultural-periods/concept23503,=,0.0,https://isl.ics.forth.gr/parthenos_vocabularies/Concept/7249,[],[],"[""skos:Concept""]",true,false negative
dh,idai-parthenos,logmap-bio-2026.tar.gz,[],[],"[""skos:Concept""]",http://thesauri.dainst.org/_1f524e33,=,0.0,https://isl.ics.forth.gr/parthenos_vocabularies/Concept/7114,[],[],"[""skos:Concept""]",true,false negative
dh,idai-parthenos,logmap-bio-2026.tar.gz,[],[],"[""skos:Concept""]",http://thesauri.dainst.org/_4b0d451a,=,0.0,https://isl.ics.forth.gr/parthenos_vocabularies/Concept/7107,[],[],"[""skos:Concept""]",true,false negative
dh,idai-parthenos,logmap-bio-2026.tar.gz,[],[],"[""skos:Concept""]",http://thesauri.dainst.org/_697dc279,=,0.0,https://isl.ics.forth.gr/parthenos_vocabularies/Concept/7118,[],[],"[""skos:Concept""]",true,false negative
dh,idai-parthenos,logmap-bio-2026.tar.gz,[],[],"[""skos:Concept""]",http://thesauri.dainst.org/_1d839342,=,0.0,https://isl.ics.forth.gr/parthenos_vocabularies/Concept/7094,[],[],"[""skos:Concept""]",true,false negative
dh,idai-parthenos,logmap-bio-2026.tar.gz,[],[],"[""skos:Concept""]",http://thesauri.dainst.org/_a0be179c,=,0.0,https://isl.ics.forth.gr/parthenos_vocabularies/Concept/7107,[],[],"[""skos:Concept""]",true,false negative
dh,idai-parthenos,logmap-bio-2026.tar.gz,[],[],"[""skos:Concept""]",http://thesauri.dainst.org/_fcc3853f,=,0.0,https://isl.ics.forth.gr/parthenos_vocabularies/Concept/7116,[],[],"[""skos:Concept""]",true,false negative
dh,idai-parthenos,logmap-bio-2026.tar.gz,[],[],"[""skos:Concept""]",http://thesauri.dainst.org/_6d528ffb,=,0.0,https://isl.ics.forth.gr/parthenos_vocabularies/Concept/7115,[],[],"[""skos:Concept""]",true,false negative
dh,idai-parthenos,logmap-bio-2026.tar.gz,[],[],"[""skos:Concept""]",http://thesauri.dainst.org/_30ac6926,=,0.0,https://isl.ics.forth.gr/parthenos_vocabularies/Concept/7163,[],[],"[""skos:Concept""]",true,false negative
dh,idai-parthenos,logmap-bio-2026.tar.gz,[],[],"[""skos:Concept""]",http://thesauri.dainst.org/_0117de29,=,0.0,https://isl.ics.forth.gr/parthenos_vocabularies/Concept/7111,[],[],"[""skos:Concept""]",true,false negative
dh,idai-parthenos,logmap-bio-2026.tar.gz,[],[],"[""skos:Concept""]",http://thesauri.dainst.org/_afbdde2e,=,0.0,https://isl.ics.forth.gr/parthenos_vocabularies/Concept/7226,[],[],"[""skos:Concept""]",true,false negative
dh,idai-parthenos,logmap-bio-2026.tar.gz,[],[],"[""skos:Concept""]",http://thesauri.dainst.org/_4d1bfe78,=,0.0,https://isl.ics.forth.gr/parthenos_vocabularies/Concept/7170,[],[],"[""skos:Concept""]",true,false negative
dh,idai-parthenos,logmap-bio-2026.tar.gz,[],[],"[""skos:Concept""]",http://thesauri.dainst.org/_8bca4bf1,=,0.0,https://isl.ics.forth.gr/parthenos_vocabularies/Concept/7219,[],[],"[""skos:Concept""]",true,false negative
dh,idai-parthenos,logmap-bio-2026.tar.gz,[],[],"[""skos:Concept""]",http://thesauri.dainst.org/_018b18d1,=,0.0,https://isl.ics.forth.gr/parthenos_vocabularies/Concept/7266,[],[],"[""skos:Concept""]",true,false negative
dh,idai-parthenos,logmap-bio-2026.tar.gz,[],[],"[""skos:Concept""]",http://thesauri.dainst.org/_ed0828c5,=,0.0,https://isl.ics.forth.gr/parthenos_vocabularies/Concept/7249,[],[],"[""skos:Concept""]",true,false negative
dh,idai-parthenos,logmap-bio-2026.tar.gz,[],[],"[""skos:Concept""]",http://thesauri.dainst.org/_0aa1995c,=,0.0,https://isl.ics.forth.gr/parthenos_vocabularies/Concept/7147,[],[],"[""skos:Concept""]",true,false negative
dh,idai-parthenos,logmap-bio-2026.tar.gz,[],[],"[""skos:Concept""]",http://thesauri.dainst.org/_2eaf48c6,=,0.0,https://isl.ics.forth.gr/parthenos_vocabularies/Concept/7112,[],[],"[""skos:Concept""]",true,false negative
dh,idai-parthenos,logmap-bio-2026.tar.gz,[],[],"[""skos:Concept""]",http://thesauri.dainst.org/_2b089ca4,=,0.0,https://isl.ics.forth.gr/parthenos_vocabularies/Concept/7142,[],[],"[""skos:Concept""]",true,false negative
dh,idai-parthenos,logmap-bio-2026.tar.gz,[],[],"[""skos:Concept""]",http://thesauri.dainst.org/_0530b8a9,=,0.0,https://isl.ics.forth.gr/parthenos_vocabularies/Concept/7179,[],[],"[""skos:Concept""]",true,false negative
dh,idai-parthenos,logmap-bio-2026.tar.gz,[],[],"[""skos:Concept""]",http://thesauri.dainst.org/_59a790d9,=,0.0,https://isl.ics.forth.gr/parthenos_vocabularies/Concept/7267,[],[],"[""skos:Concept""]",true,false negative
dh,idai-parthenos,logmap-bio-2026.tar.gz,[],[],"[""skos:Concept""]",http://thesauri.dainst.org/_a4276388,=,0.0,https://isl.ics.forth.gr/parthenos_vocabularies/Concept/7171,[],[],"[""skos:Concept""]",true,false negative
dh,idai-parthenos,logmap-bio-2026.tar.gz,[],[],"[""skos:Concept""]",http://thesauri.dainst.org/_acc90782,=,0.0,https://isl.ics.forth.gr/parthenos_vocabularies/Concept/7137,[],[],"[""skos:Concept""]",true,false negative
dh,idai-parthenos,logmap-bio-2026.tar.gz,[],[],"[""skos:Concept""]",http://thesauri.dainst.org/_dac3529c,=,0.0,https://isl.ics.forth.gr/parthenos_vocabularies/Concept/7184,[],[],"[""skos:Concept""]",true,false negative
dh,idai-parthenos,logmap-bio-2026.tar.gz,[],[],"[""skos:Concept""]",http://thesauri.dainst.org/_6d528ffb,=,0.0,https://isl.ics.forth.gr/parthenos_vocabularies/Concept/7199,[],[],"[""skos:Concept""]",true,false negative
dh,idai-parthenos,logmap-bio-2026.tar.gz,[],[],"[""skos:Concept""]",http://thesauri.dainst.org/_5d1ac0ba,=,0.0,https://isl.ics.forth.gr/parthenos_vocabularies/Concept/7165,[],[],"[""skos:Concept""]",true,false negative
dh,idai-parthenos,logmap-bio-2026.tar.gz,[],[],"[""skos:Concept""]",http://thesauri.dainst.org/_09106e2a,=,0.0,https://isl.ics.forth.gr/parthenos_vocabularies/Concept/7135,[],[],"[""skos:Concept""]",true,false negative
dh,idai-parthenos,logmap-bio-2026.tar.gz,[],[],"[""skos:Concept""]",http://thesauri.dainst.org/_eee85fa3,=,0.0,https://isl.ics.forth.gr/parthenos_vocabularies/Concept/7201,[],[],"[""skos:Concept""]",true,false negative
dh,idai-parthenos,logmap-bio-2026.tar.gz,[],[],"[""skos:Concept""]",http://thesauri.dainst.org/_3bff2fb5,=,0.0,https://isl.ics.forth.gr/parthenos_vocabularies/Concept/7247,[],[],"[""skos:Concept""]",true,false negative
dh,idai-parthenos,logmap-bio-2026.tar.gz,[],[],"[""skos:Concept""]",http://thesauri.dainst.org/_cc22e013,=,0.0,https://isl.ics.forth.gr/parthenos_vocabularies/Concept/7216,[],[],"[""skos:Concept""]",true,false negative
dh,idai-parthenos,logmap-bio-2026.tar.gz,[],[],"[""skos:Concept""]",http://thesauri.dainst.org/_6a167951,=,0.0,https://isl.ics.forth.gr/parthenos_vocabularies/Concept/7242,[],[],"[""skos:Concept""]",true,false negative
dh,idai-parthenos,logmap-bio-2026.tar.gz,[],[],"[""skos:Concept""]",http://thesauri.dainst.org/_2b089ca4,=,0.0,https://isl.ics.forth.gr/parthenos_vocabularies/Concept/7223,[],[],"[""skos:Concept""]",true,false negative
dh,idai-parthenos,logmap-bio-2026.tar.gz,[],[],"[""skos:Concept""]",http://thesauri.dainst.org/_cadb286c,=,0.0,https://isl.ics.forth.gr/parthenos_vocabularies/Concept/7162,[],[],"[""skos:Concept""]",true,false negative
dh,idai-parthenos,logmap-bio-2026.tar.gz,[],[],"[""skos:Concept""]",http://thesauri.dainst.org/_c26d8599,=,0.0,https://isl.ics.forth.gr/parthenos_vocabularies/Concept/7246,[],[],"[""skos:Concept""]",true,false negative
dh,idai-parthenos,logmap-bio-2026.tar.gz,[],[],"[""skos:Concept""]",http://thesauri.dainst.org/_8bb3692d,=,0.0,https://isl.ics.forth.gr/parthenos_vocabularies/Concept/7221,[],[],"[""skos:Concept""]",true,false negative
dh,idai-parthenos,logmap-bio-2026.tar.gz,[],[],"[""skos:Concept""]",http://thesauri.dainst.org/_ccc4d1d5,=,0.0,https://isl.ics.forth.gr/parthenos_vocabularies/Concept/7240,[],[],"[""skos:Concept""]",true,false negative
dh,idai-parthenos,logmap-bio-2026.tar.gz,[],[],"[""skos:Concept""]",http://thesauri.dainst.org/_fcc3853f,=,0.0,https://isl.ics.forth.gr/parthenos_vocabularies/Concept/7152,[],[],"[""skos:Concept""]",true,false negative
dh,idai-parthenos,logmap-bio-2026.tar.gz,[],[],"[""skos:Concept""]",http://thesauri.dainst.org/_a4c97475,=,0.0,https://isl.ics.forth.gr/parthenos_vocabularies/Concept/7243,[],[],"[""skos:Concept""]",true,false negative
dh,idai-parthenos,logmap-bio-2026.tar.gz,[],[],"[""skos:Concept""]",http://thesauri.dainst.org/_c1210d5a,=,0.0,https://isl.ics.forth.gr/parthenos_vocabularies/Concept/7161,[],[],"[""skos:Concept""]",true,false negative
dh,idai-parthenos,logmap-bio-2026.tar.gz,[],[],"[""skos:Concept""]",http://thesauri.dainst.org/_0bbbd3c7,=,0.0,https://isl.ics.forth.gr/parthenos_vocabularies/Concept/7099,[],[],"[""skos:Concept""]",true,false negative
dh,idai-parthenos,logmap-bio-2026.tar.gz,[],[],"[""skos:Concept""]",http://thesauri.dainst.org/_c332e252,=,0.0,https://isl.ics.forth.gr/parthenos_vocabularies/Concept/7213,[],[],"[""skos:Concept""]",true,false negative
dh,idai-parthenos,logmap-bio-2026.tar.gz,[],[],"[""skos:Concept""]",http://thesauri.dainst.org/_fe470a76,=,0.0,https://isl.ics.forth.gr/parthenos_vocabularies/Concept/7194,[],[],"[""skos:Concept""]",true,false negative
dh,idai-parthenos,logmap-bio-2026.tar.gz,[],[],"[""skos:Concept""]",http://thesauri.dainst.org/_a671d80c,=,0.0,https://isl.ics.forth.gr/parthenos_vocabularies/Concept/7146,[],[],"[""skos:Concept""]",true,false negative
dh,idai-parthenos,logmap-bio-2026.tar.gz,[],[],"[""skos:Concept""]",http://thesauri.dainst.org/_b9892df7,=,0.0,https://isl.ics.forth.gr/parthenos_vocabularies/Concept/7243,[],[],"[""skos:Concept""]",true,false negative
dh,idai-parthenos,logmap-bio-2026.tar.gz,[],[],"[""skos:Concept""]",http://thesauri.dainst.org/_0117de29,=,0.0,https://isl.ics.forth.gr/parthenos_vocabularies/Concept/7263,[],[],"[""skos:Concept""]",true,false negative
dh,idai-parthenos,logmap-bio-2026.tar.gz,[],[],"[""skos:Concept""]",http://thesauri.dainst.org/_64e2871b,=,0.0,https://isl.ics.forth.gr/parthenos_vocabularies/Concept/7172,[],[],"[""skos:Concept""]",true,false negative
dh,idai-parthenos,logmap-bio-2026.tar.gz,[],[],"[""skos:Concept""]",http://thesauri.dainst.org/_1591f7f8,=,0.0,https://isl.ics.forth.gr/parthenos_vocabularies/Concept/7222,[],[],"[""skos:Concept""]",true,false negative
dh,idai-parthenos,logmap-bio-2026.tar.gz,[],[],"[""skos:Concept""]",http://thesauri.dainst.org/_0117de29,=,0.0,https://isl.ics.forth.gr/parthenos_vocabularies/Concept/7192,[],[],"[""skos:Concept""]",true,false negative
dh,idai-parthenos,logmap-bio-2026.tar.gz,[],[],"[""skos:Concept""]",http://thesauri.dainst.org/_2b089ca4,=,0.0,https://isl.ics.forth.gr/parthenos_vocabularies/Concept/7214,[],[],"[""skos:Concept""]",true,false negative
dh,idai-parthenos,logmap-bio-2026.tar.gz,[],[],"[""skos:Concept""]",http://thesauri.dainst.org/_4d1096fb,=,0.0,https://isl.ics.forth.gr/parthenos_vocabularies/Concept/7136,[],[],"[""skos:Concept""]",true,false negative
dh,idai-parthenos,logmap-bio-2026.tar.gz,[],[],"[""skos:Concept""]",http://thesauri.dainst.org/_2e5fdad9,=,0.0,https://isl.ics.forth.gr/parthenos_vocabularies/Concept/7238,[],[],"[""skos:Concept""]",true,false negative
dh,idai-parthenos,logmap-bio-2026.tar.gz,[],[],"[""skos:Concept""]",http://thesauri.dainst.org/_4184afc2,=,0.0,https://isl.ics.forth.gr/parthenos_vocabularies/Concept/7164,[],[],"[""skos:Concept""]",true,false negative
dh,idai-parthenos,logmap-bio-2026.tar.gz,[],[],"[""skos:Concept""]",http://thesauri.dainst.org/_3daffa4b,=,0.0,https://isl.ics.forth.gr/parthenos_vocabularies/Concept/7190,[],[],"[""skos:Concept""]",true,false negative
dh,idai-parthenos,logmap-bio-2026.tar.gz,[],[],"[""skos:Concept""]",http://thesauri.dainst.org/_b34a7579,=,0.0,https://isl.ics.forth.gr/parthenos_vocabularies/Concept/7154,[],[],"[""skos:Concept""]",true,false negative
dh,idai-pactols,logmap-bio-2026.tar.gz,[],[],"[""skos:Concept""]",http://thesauri.dainst.org/_68e1bd31,=,0.0,https://ark.frantiq.fr/ark:/26678/pcrt1FD59O4eTz,[],[],"[""skos:Concept""]",true,false negative
dh,idai-pactols,logmap-bio-2026.tar.gz,[],[],"[""skos:Concept""]",http://thesauri.dainst.org/_c40b4a1d,=,0.0,https://ark.frantiq.fr/ark:/26678/pcrtrMvNrtSOHs,[],[],"[""skos:Concept""]",true,false negative
dh,idai-pactols,logmap-bio-2026.tar.gz,[],[],"[""skos:Concept""]",http://thesauri.dainst.org/_af2f2dad,=,0.0,https://ark.frantiq.fr/ark:/26678/pcrtVgXu5JJGUg,[],[],"[""skos:Concept""]",true,false negative
dh,idai-pactols,logmap-bio-2026.tar.gz,[],[],"[""skos:Concept""]",http://thesauri.dainst.org/_1adf0150,=,0.0,https://ark.frantiq.fr/ark:/26678/pcrtpbgzj4c0da,[],[],"[""skos:Concept""]",true,false negative
dh,idai-pactols,logmap-bio-2026.tar.gz,[],[],"[""skos:Concept""]",http://thesauri.dainst.org/_dafb0ad8,=,0.0,https://ark.frantiq.fr/ark:/26678/pcrtfOjLfceAZ0,[],[],"[""skos:Concept""]",true,false negative
dh,idai-pactols,logmap-bio-2026.tar.gz,[],[],"[""skos:Concept""]",http://thesauri.dainst.org/_49462e56,=,0.0,https://ark.frantiq.fr/ark:/26678/pcrtVmQTWhdSkJ,[],[],"[""skos:Concept""]",true,false negative
dh,idai-pactols,logmap-bio-2026.tar.gz,[],[],"[""skos:Concept""]",http://thesauri.dainst.org/_bd4d65a8,=,0.0,https://ark.frantiq.fr/ark:/26678/pcrtgWbicZTgZe,[],[],"[""skos:Concept""]",true,false negative
dh,idai-pactols,logmap-bio-2026.tar.gz,[],[],"[""skos:Concept""]",http://thesauri.dainst.org/_49517e78,=,0.0,https://ark.frantiq.fr/ark:/26678/pcrt36pke8yWxW,[],[],"[""skos:Concept""]",true,false negative
dh,idai-pactols,logmap-bio-2026.tar.gz,[],[],"[""skos:Concept""]",http://thesauri.dainst.org/_4688b7a6,=,0.0,https://ark.frantiq.fr/ark:/26678/pcrtF9P4mbuyGk,[],[],"[""skos:Concept""]",true,false negative
dh,idai-pactols,logmap-bio-2026.tar.gz,[],[],"[""skos:Concept""]",http://thesauri.dainst.org/_a9e10cab,=,0.0,https://ark.frantiq.fr/ark:/26678/pcrtp5Wcpmp9I3,[],[],"[""skos:Concept""]",true,false negative
dh,idai-pactols,logmap-bio-2026.tar.gz,[],[],"[""skos:Concept""]",http://thesauri.dainst.org/_d321ff61,=,0.0,https://ark.frantiq.fr/ark:/26678/pcrtgWbicZTgZe,[],[],"[""skos:Concept""]",true,false negative
dh,idai-pactols,logmap-bio-2026.tar.gz,[],[],[],http://thesauri.dainst.org/schema#memberOf,=,1.0,http://purl.org/umu/uneskos#memberOf,[],[],[],false,false positive
dh,idai-pactols,logmap-bio-2026.tar.gz,[],[],"[""skos:Concept""]",http://thesauri.dainst.org/_3ec72d64,=,0.0,https://ark.frantiq.fr/ark:/26678/pcrt7UXeYrS8Nb,[],[],"[""skos:Concept""]",true,false negative
dh,idai-pactols,logmap-bio-2026.tar.gz,[],[],"[""skos:Concept""]",http://thesauri.dainst.org/_f09b41b4,=,0.0,https://ark.frantiq.fr/ark:/26678/pcrt0Krn6QJlhU,[],[],"[""skos:Concept""]",true,false negative
dh,idai-pactols,logmap-bio-2026.tar.gz,[],[],"[""skos:Concept""]",http://thesauri.dainst.org/_2c06eae5,=,0.0,https://ark.frantiq.fr/ark:/26678/pcrtJUwAaZ7Nz9,[],[],"[""skos:Concept""]",true,false negative
dh,idai-pactols,logmap-bio-2026.tar.gz,[],[],"[""skos:Concept""]",http://thesauri.dainst.org/_d3b9f438,=,0.0,https://ark.frantiq.fr/ark:/26678/pcrtKZYwYOkWlK,[],[],"[""skos:Concept""]",true,false negative
dh,idai-pactols,logmap-bio-2026.tar.gz,[],[],"[""skos:Concept""]",http://thesauri.dainst.org/_8b38cf01,=,0.0,https://ark.frantiq.fr/ark:/26678/pcrt0Krn6QJlhU,[],[],"[""skos:Concept""]",true,false negative
dh,idai-pactols,logmap-bio-2026.tar.gz,[],[],"[""skos:Concept""]",http://thesauri.dainst.org/_b02158bd,=,0.0,https://ark.frantiq.fr/ark:/26678/pcrtJUwAaZ7Nz9,[],[],"[""skos:Concept""]",true,false negative
dh,idai-pactols,logmap-2026.tar.gz,[],[],"[""skos:Concept""]",http://thesauri.dainst.org/_68e1bd31,=,0.0,https://ark.frantiq.fr/ark:/26678/pcrt1FD59O4eTz,[],[],"[""skos:Concept""]",true,false negative
dh,idai-pactols,logmap-2026.tar.gz,[],[],"[""skos:Concept""]",http://thesauri.dainst.org/_c40b4a1d,=,0.0,https://ark.frantiq.fr/ark:/26678/pcrtrMvNrtSOHs,[],[],"[""skos:Concept""]",true,false negative
dh,idai-pactols,logmap-2026.tar.gz,[],[],"[""skos:Concept""]",http://thesauri.dainst.org/_af2f2dad,=,0.0,https://ark.frantiq.fr/ark:/26678/pcrtVgXu5JJGUg,[],[],"[""skos:Concept""]",true,false negative
dh,idai-pactols,logmap-2026.tar.gz,[],[],"[""skos:Concept""]",http://thesauri.dainst.org/_1adf0150,=,0.0,https://ark.frantiq.fr/ark:/26678/pcrtpbgzj4c0da,[],[],"[""skos:Concept""]",true,false negative
dh,idai-pactols,logmap-2026.tar.gz,[],[],"[""skos:Concept""]",http://thesauri.dainst.org/_dafb0ad8,=,0.0,https://ark.frantiq.fr/ark:/26678/pcrtfOjLfceAZ0,[],[],"[""skos:Concept""]",true,false negative
dh,idai-pactols,logmap-2026.tar.gz,[],[],"[""skos:Concept""]",http://thesauri.dainst.org/_49462e56,=,0.0,https://ark.frantiq.fr/ark:/26678/pcrtVmQTWhdSkJ,[],[],"[""skos:Concept""]",true,false negative
dh,idai-pactols,logmap-2026.tar.gz,[],[],"[""skos:Concept""]",http://thesauri.dainst.org/_bd4d65a8,=,0.0,https://ark.frantiq.fr/ark:/26678/pcrtgWbicZTgZe,[],[],"[""skos:Concept""]",true,false negative
dh,idai-pactols,logmap-2026.tar.gz,[],[],"[""skos:Concept""]",http://thesauri.dainst.org/_49517e78,=,0.0,https://ark.frantiq.fr/ark:/26678/pcrt36pke8yWxW,[],[],"[""skos:Concept""]",true,false negative
dh,idai-pactols,logmap-2026.tar.gz,[],[],"[""skos:Concept""]",http://thesauri.dainst.org/_4688b7a6,=,0.0,https://ark.frantiq.fr/ark:/26678/pcrtF9P4mbuyGk,[],[],"[""skos:Concept""]",true,false negative
dh,idai-pactols,logmap-2026.tar.gz,[],[],"[""skos:Concept""]",http://thesauri.dainst.org/_a9e10cab,=,0.0,https://ark.frantiq.fr/ark:/26678/pcrtp5Wcpmp9I3,[],[],"[""skos:Concept""]",true,false negative
dh,idai-pactols,logmap-2026.tar.gz,[],[],"[""skos:Concept""]",http://thesauri.dainst.org/_d321ff61,=,0.0,https://ark.frantiq.fr/ark:/26678/pcrtgWbicZTgZe,[],[],"[""skos:Concept""]",true,false negative
dh,idai-pactols,logmap-2026.tar.gz,[],[],[],http://thesauri.dainst.org/schema#memberOf,=,1.0,http://purl.org/umu/uneskos#memberOf,[],[],[],false,false positive
dh,idai-pactols,logmap-2026.tar.gz,[],[],"[""skos:Concept""]",http://thesauri.dainst.org/_3ec72d64,=,0.0,https://ark.frantiq.fr/ark:/26678/pcrt7UXeYrS8Nb,[],[],"[""skos:Concept""]",true,false negative
dh,idai-pactols,logmap-2026.tar.gz,[],[],"[""skos:Concept""]",http://thesauri.dainst.org/_f09b41b4,=,0.0,https://ark.frantiq.fr/ark:/26678/pcrt0Krn6QJlhU,[],[],"[""skos:Concept""]",true,false negative
dh,idai-pactols,logmap-2026.tar.gz,[],[],"[""skos:Concept""]",http://thesauri.dainst.org/_2c06eae5,=,0.0,https://ark.frantiq.fr/ark:/26678/pcrtJUwAaZ7Nz9,[],[],"[""skos:Concept""]",true,false negative
dh,idai-pactols,logmap-2026.tar.gz,[],[],"[""skos:Concept""]",http://thesauri.dainst.org/_d3b9f438,=,0.0,https://ark.frantiq.fr/ark:/26678/pcrtKZYwYOkWlK,[],[],"[""skos:Concept""]",true,false negative
dh,idai-pactols,logmap-2026.tar.gz,[],[],"[""skos:Concept""]",http://thesauri.dainst.org/_8b38cf01,=,0.0,https://ark.frantiq.fr/ark:/26678/pcrt0Krn6QJlhU,[],[],"[""skos:Concept""]",true,false negative
dh,idai-pactols,logmap-2026.tar.gz,[],[],"[""skos:Concept""]",http://thesauri.dainst.org/_b02158bd,=,0.0,https://ark.frantiq.fr/ark:/26678/pcrtJUwAaZ7Nz9,[],[],"[""skos:Concept""]",true,false negative
dh,dha-unesco,tim-2026.tar.gz,[],[],"[""skos:Concept""]",https://vocabs.acdh.oeaw.ac.at/dhataxonomy/Concept34,=,0.0,http://vocabularies.unesco.org/thesaurus/concept3354,[],[],"[""skos:Concept""]",true,false negative
dh,dha-unesco,tim-2026.tar.gz,[],[],[],http://purl.org/dc/terms/license,=,1.0,http://purl.org/dc/terms/license,[],[],[],false,false positive
dh,dha-unesco,tim-2026.tar.gz,[],[],[],http://purl.org/dc/elements/1.1/format,=,1.0,http://purl.org/dc/terms/format,[],[],[],false,false positive
dh,dha-unesco,tim-2026.tar.gz,[],[],"[""skos:Concept""]",https://vocabs.acdh.oeaw.ac.at/dhataxonomy/Concept47,=,1.0,http://vocabularies.unesco.org/thesaurus/concept17000,[],[],"[""skos:Concept""]",true,true positive
dh,dha-unesco,tim-2026.tar.gz,[],[],[],http://purl.org/dc/elements/1.1/creator,=,1.0,http://purl.org/dc/elements/1.1/creator,[],[],[],false,false positive
dh,dha-unesco,tim-2026.tar.gz,[],[],"[""skos:Concept""]",https://vocabs.acdh.oeaw.ac.at/dhataxonomy/Concept46,=,0.0,http://vocabularies.unesco.org/thesaurus/concept3410,[],[],"[""skos:Concept""]",true,false negative
dh,dha-unesco,tim-2026.tar.gz,[],[],"[""skos:Concept""]",https://vocabs.acdh.oeaw.ac.at/dhataxonomy/Concept33,=,0.0,http://vocabularies.unesco.org/thesaurus/concept9812,[],[],"[""skos:Concept""]",true,false negative
dh,dha-unesco,tim-2026.tar.gz,[],[],[],http://purl.org/dc/terms/contributor,=,1.0,http://purl.org/dc/elements/1.1/contributor,[],[],[],false,false positive
dh,dha-unesco,tim-2026.tar.gz,[],[],[],http://purl.org/dc/elements/1.1/subject,=,1.0,http://purl.org/dc/elements/1.1/subject,[],[],[],false,false positive
dh,dha-unesco,tim-2026.tar.gz,[],[],[],http://purl.org/dc/terms/modified,=,1.0,http://purl.org/dc/terms/modified,[],[],[],false,false positive
dh,dha-unesco,tim-2026.tar.gz,[],[],[],https://vocabs.acdh.oeaw.ac.at/schema#hasIdentifier,=,1.0,http://purl.org/dc/terms/identifier,[],[],[],false,false positive
dh,dha-unesco,tim-2026.tar.gz,[],[],"[""skos:Concept""]",https://vocabs.acdh.oeaw.ac.at/dhataxonomy/Concept61,=,0.0,http://vocabularies.unesco.org/thesaurus/concept17094,[],[],"[""skos:Concept""]",true,false negative
dh,dha-unesco,tim-2026.tar.gz,[],[],"[""skos:Concept""]",https://vocabs.acdh.oeaw.ac.at/dhataxonomy/Concept37,=,0.0,http://vocabularies.unesco.org/thesaurus/concept3270,[],[],"[""skos:Concept""]",true,false negative
dh,dha-unesco,tim-2026.tar.gz,[],[],[],http://purl.org/dc/elements/1.1/language,=,1.0,http://purl.org/dc/terms/language,[],[],[],false,false positive
dh,dha-unesco,tim-2026.tar.gz,[],[],"[""skos:Concept""]",https://vocabs.acdh.oeaw.ac.at/dhataxonomy/Concept60,=,0.0,http://vocabularies.unesco.org/thesaurus/concept17127,[],[],"[""skos:Concept""]",true,false negative
dh,dha-unesco,tim-2026.tar.gz,[],[],[],http://purl.org/dc/terms/rightsHolder,=,1.0,http://purl.org/dc/terms/rightsHolder,[],[],[],false,false positive
dh,dha-unesco,tim-2026.tar.gz,[],[],[],http://purl.org/dc/elements/1.1/source,=,1.0,http://purl.org/dc/terms/source,[],[],[],false,false positive
dh,dha-unesco,tim-2026.tar.gz,[],[],[],http://purl.org/dc/elements/1.1/description,=,1.0,http://purl.org/dc/terms/description,[],[],[],false,false positive
dh,dha-unesco,tim-2026.tar.gz,[],[],"[""skos:Concept""]",https://vocabs.acdh.oeaw.ac.at/dhataxonomy/Concept51.01,=,0.0,http://vocabularies.unesco.org/thesaurus/concept11605,[],[],"[""skos:Concept""]",true,false negative
dh,dha-unesco,tim-2026.tar.gz,[],[],"[""skos:Concept""]",https://vocabs.acdh.oeaw.ac.at/dhataxonomy/Concept68,=,0.0,http://vocabularies.unesco.org/thesaurus/concept7411,[],[],"[""skos:Concept""]",true,false negative
dh,dha-unesco,tim-2026.tar.gz,"[""Concept""]",[],"[""owl:Class""]",http://www.w3.org/2004/02/skos/core#Concept,=,1.0,http://www.w3.org/2004/02/skos/core#Concept,"[""Concept""]",[],"[""owl:Class""]",false,false positive
dh,dha-unesco,tim-2026.tar.gz,[],[],[],http://purl.org/dc/terms/publisher,=,1.0,http://purl.org/dc/elements/1.1/publisher,[],[],[],false,false positive
dh,dha-unesco,tim-2026.tar.gz,[],[],"[""skos:Concept""]",https://vocabs.acdh.oeaw.ac.at/dhataxonomy/Concept41,=,1.0,http://vocabularies.unesco.org/thesaurus/concept4954,[],[],"[""skos:Concept""]",true,true positive
dh,dha-unesco,tim-2026.tar.gz,[],[],[],http://purl.org/dc/terms/created,=,1.0,http://purl.org/dc/terms/created,[],[],[],false,false positive
dh,dha-unesco,tim-2026.tar.gz,[],[],[],http://purl.org/dc/elements/1.1/title,=,1.0,http://purl.org/dc/terms/title,[],[],[],false,false positive
dh,ironagedanube-pactols,mosaic-2026,[],[],"[""skos:Concept""]",https://vocabs.acdh.oeaw.ac.at/iadthesaurus/scheme/concept369,=,1.0,https://ark.frantiq.fr/ark:/26678/pcrtms2OAv82PY,[],[],"[""skos:Concept""]",false,false positive
dh,ironagedanube-pactols,mosaic-2026,[],[],"[""skos:Concept""]",https://vocabs.acdh.oeaw.ac.at/iadthesaurus/scheme/concept341,=,1.0,https://ark.frantiq.fr/ark:/26678/pcrts62Z2hl4ux,[],[],"[""skos:Concept""]",true,true positive
dh,ironagedanube-pactols,mosaic-2026,[],[],"[""skos:Concept""]",https://vocabs.acdh.oeaw.ac.at/iadthesaurus/scheme/concept338,=,1.0,https://ark.frantiq.fr/ark:/26678/pcrtF9P4mbuyGk,[],[],"[""skos:Concept""]",true,true positive
dh,ironagedanube-pactols,mosaic-2026,[],[],"[""skos:Concept""]",https://vocabs.acdh.oeaw.ac.at/iadthesaurus/scheme/concept387,=,1.0,https://ark.frantiq.fr/ark:/26678/pcrtxKnfzXYMxK,[],[],"[""skos:Concept""]",true,true positive
dh,ironagedanube-pactols,mosaic-2026,[],[],"[""skos:Concept""]",https://vocabs.acdh.oeaw.ac.at/iadthesaurus/scheme/concept309,=,0.7979,https://ark.frantiq.fr/ark:/26678/pcrtKei7jxhn32,[],[],"[""skos:Concept""]",false,false positive
dh,ironagedanube-pactols,mosaic-2026,[],[],"[""skos:Concept""]",https://vocabs.acdh.oeaw.ac.at/iadthesaurus/scheme/concept336,=,1.0,https://ark.frantiq.fr/ark:/26678/pcrthcbe2XySTb,[],[],"[""skos:Concept""]",true,true positive
dh,ironagedanube-pactols,mosaic-2026,[],[],"[""skos:Concept""]",https://vocabs.acdh.oeaw.ac.at/iadthesaurus/scheme/concept319,=,0.0,https://ark.frantiq.fr/ark:/26678/pcrtSu7E2Qh0Xv,[],[],"[""skos:Concept""]",true,false negative
dh,pactols-parthenos,mosaic-2026,[],[],"[""skos:Concept""]",https://ark.frantiq.fr/ark:/26678/pcrtkeLpJpVN4t,=,1.0,https://isl.ics.forth.gr/parthenos_vocabularies/Concept/32490,[],[],"[""skos:Concept""]",true,true positive
dh,pactols-parthenos,mosaic-2026,[],[],"[""skos:Concept""]",https://ark.frantiq.fr/ark:/26678/pcrtxKnfzXYMxK,=,1.0,https://isl.ics.forth.gr/parthenos_vocabularies/Concept/32324,[],[],"[""skos:Concept""]",true,true positive
dh,pactols-parthenos,mosaic-2026,[],[],"[""skos:Concept""]",https://ark.frantiq.fr/ark:/26678/pcrtfUWF9GVr4q,=,0.0,https://isl.ics.forth.gr/parthenos_vocabularies/Concept/32290,[],[],"[""skos:Concept""]",true,false negative
dh,pactols-parthenos,mosaic-2026,[],[],"[""skos:Concept""]",https://ark.frantiq.fr/ark:/26678/pcrts62Z2hl4ux,=,0.0,https://isl.ics.forth.gr/parthenos_vocabularies/Concept/32910,[],[],"[""skos:Concept""]",true,false negative
dh,pactols-parthenos,mosaic-2026,[],[],"[""skos:Concept""]",https://ark.frantiq.fr/ark:/26678/pcrtHIjtOg1P75,=,0.0,https://isl.ics.forth.gr/parthenos_vocabularies/Concept/32228,[],[],"[""skos:Concept""]",true,false negative
dh,pactols-parthenos,mosaic-2026,[],[],"[""skos:Concept""]",https://ark.frantiq.fr/ark:/26678/crtdVpqD9Y6ym,=,1.0,https://isl.ics.forth.gr/parthenos_vocabularies/Concept/32318,[],[],"[""skos:Concept""]",true,true positive
dh,pactols-parthenos,mosaic-2026,[],[],"[""skos:Concept""]",https://ark.frantiq.fr/ark:/26678/pcrtAqKgmvERHQ,=,1.0,https://isl.ics.forth.gr/parthenos_vocabularies/Concept/32641,[],[],"[""skos:Concept""]",true,true positive
dh,pactols-parthenos,mosaic-2026,[],[],"[""skos:Concept""]",https://ark.frantiq.fr/ark:/26678/pcrtx4sFxmENjb,=,1.0,https://isl.ics.forth.gr/parthenos_vocabularies/Concept/32867,[],[],"[""skos:Concept""]",true,true positive
dh,pactols-parthenos,mosaic-2026,[],[],"[""skos:Concept""]",https://ark.frantiq.fr/ark:/26678/pcrtVhTRix41ic,=,0.0,https://isl.ics.forth.gr/parthenos_vocabularies/Concept/32286,[],[],"[""skos:Concept""]",true,false negative
dh,pactols-parthenos,mosaic-2026,[],[],"[""skos:Concept""]",https://ark.frantiq.fr/ark:/26678/pcrtXGgQa70ZVU,=,0.0,https://isl.ics.forth.gr/parthenos_vocabularies/Concept/32971,[],[],"[""skos:Concept""]",true,false negative
dh,pactols-parthenos,mosaic-2026,[],[],"[""skos:Concept""]",https://ark.frantiq.fr/ark:/26678/pcrtF9P4mbuyGk,=,1.0,https://isl.ics.forth.gr/parthenos_vocabularies/Concept/32655,[],[],"[""skos:Concept""]",true,true positive
dh,pactols-parthenos,mosaic-2026,[],[],"[""skos:Concept""]",https://ark.frantiq.fr/ark:/26678/pcrt9PJh9aTXv4,=,1.0,https://isl.ics.forth.gr/parthenos_vocabularies/Concept/32349,[],[],"[""skos:Concept""]",true,true positive
dh,dha-unesco,mosaic-2026,[],[],"[""skos:Concept""]",https://vocabs.acdh.oeaw.ac.at/dhataxonomy/Concept9,=,0.7805,http://vocabularies.unesco.org/thesaurus/concept12437,[],[],"[""skos:Concept""]",false,false positive
dh,dha-unesco,mosaic-2026,[],[],"[""skos:Concept""]",https://vocabs.acdh.oeaw.ac.at/dhataxonomy/Concept37,=,0.8142,http://vocabularies.unesco.org/thesaurus/concept3270,[],[],"[""skos:Concept""]",true,true positive
dh,dha-unesco,mosaic-2026,[],[],"[""skos:Concept""]",https://vocabs.acdh.oeaw.ac.at/dhataxonomy/Concept46,=,0.7827,http://vocabularies.unesco.org/thesaurus/concept8357,[],[],"[""skos:Concept""]",false,false positive
dh,dha-unesco,mosaic-2026,[],[],"[""skos:Concept""]",https://vocabs.acdh.oeaw.ac.at/dhataxonomy/Concept34,=,0.9566,http://vocabularies.unesco.org/thesaurus/concept3354,[],[],"[""skos:Concept""]",true,true positive
dh,dha-unesco,mosaic-2026,[],[],"[""skos:Concept""]",https://vocabs.acdh.oeaw.ac.at/dhataxonomy/Concept67,=,0.7845,http://vocabularies.unesco.org/thesaurus/concept516,[],[],"[""skos:Concept""]",false,false positive
dh,dha-unesco,mosaic-2026,[],[],"[""skos:Concept""]",https://vocabs.acdh.oeaw.ac.at/dhataxonomy/Concept51.01,=,0.0,http://vocabularies.unesco.org/thesaurus/concept11605,[],[],"[""skos:Concept""]",true,false negative
dh,dha-unesco,mosaic-2026,[],[],"[""skos:Concept""]",https://vocabs.acdh.oeaw.ac.at/dhataxonomy/Concept60,=,1.0,http://vocabularies.unesco.org/thesaurus/concept17127,[],[],"[""skos:Concept""]",true,true positive
dh,dha-unesco,mosaic-2026,[],[],"[""skos:Concept""]",https://vocabs.acdh.oeaw.ac.at/dhataxonomy/Concept46,=,0.0,http://vocabularies.unesco.org/thesaurus/concept3410,[],[],"[""skos:Concept""]",true,false negative
dh,dha-unesco,mosaic-2026,[],[],"[""skos:Concept""]",https://vocabs.acdh.oeaw.ac.at/dhataxonomy/Concept61,=,0.8265,http://vocabularies.unesco.org/thesaurus/concept17094,[],[],"[""skos:Concept""]",true,true positive
dh,dha-unesco,mosaic-2026,[],[],"[""skos:Concept""]",https://vocabs.acdh.oeaw.ac.at/dhataxonomy/Concept33,=,0.0,http://vocabularies.unesco.org/thesaurus/concept9812,[],[],"[""skos:Concept""]",true,false negative
dh,dha-unesco,mosaic-2026,[],[],"[""skos:Concept""]",https://vocabs.acdh.oeaw.ac.at/dhataxonomy/Concept63,=,0.7966,http://vocabularies.unesco.org/thesaurus/concept521,[],[],"[""skos:Concept""]",false,false positive
dh,dha-unesco,mosaic-2026,[],[],"[""skos:Concept""]",https://vocabs.acdh.oeaw.ac.at/dhataxonomy/Concept47,=,0.0,http://vocabularies.unesco.org/thesaurus/concept17000,[],[],"[""skos:Concept""]",true,false negative
dh,dha-unesco,mosaic-2026,[],[],"[""skos:Concept""]",https://vocabs.acdh.oeaw.ac.at/dhataxonomy/Concept33,=,0.8238,http://vocabularies.unesco.org/thesaurus/concept505,[],[],"[""skos:Concept""]",false,false positive
dh,dha-unesco,mosaic-2026,[],[],"[""skos:Concept""]",https://vocabs.acdh.oeaw.ac.at/dhataxonomy/Concept18,=,0.8225,http://vocabularies.unesco.org/thesaurus/concept464,[],[],"[""skos:Concept""]",false,false positive
dh,dha-unesco,mosaic-2026,[],[],"[""skos:Concept""]",https://vocabs.acdh.oeaw.ac.at/dhataxonomy/Concept41,=,0.0,http://vocabularies.unesco.org/thesaurus/concept4954,[],[],"[""skos:Concept""]",true,false negative
dh,dha-unesco,mosaic-2026,[],[],"[""skos:Concept""]",https://vocabs.acdh.oeaw.ac.at/dhataxonomy/Concept53,=,0.9218,http://vocabularies.unesco.org/thesaurus/concept5790,[],[],"[""skos:Concept""]",false,false positive
dh,dha-unesco,mosaic-2026,[],[],"[""skos:Concept""]",https://vocabs.acdh.oeaw.ac.at/dhataxonomy/Concept68,=,0.0,http://vocabularies.unesco.org/thesaurus/concept7411,[],[],"[""skos:Concept""]",true,false negative
dh,idai-pactols,mosaic-2026,[],[],"[""skos:Concept""]",http://thesauri.dainst.org/_68e1bd31,=,0.0,https://ark.frantiq.fr/ark:/26678/pcrt1FD59O4eTz,[],[],"[""skos:Concept""]",true,false negative
dh,idai-pactols,mosaic-2026,[],[],"[""skos:Concept""]",http://thesauri.dainst.org/_bd4d65a8,=,0.0,https://ark.frantiq.fr/ark:/26678/pcrtgWbicZTgZe,[],[],"[""skos:Concept""]",true,false negative
dh,idai-pactols,mosaic-2026,[],[],"[""skos:Concept""]",http://thesauri.dainst.org/_b02158bd,=,1.0,https://ark.frantiq.fr/ark:/26678/pcrtJUwAaZ7Nz9,[],[],"[""skos:Concept""]",true,true positive
dh,idai-pactols,mosaic-2026,[],[],"[""skos:Concept""]",http://thesauri.dainst.org/_49462e56,=,0.0,https://ark.frantiq.fr/ark:/26678/pcrtVmQTWhdSkJ,[],[],"[""skos:Concept""]",true,false negative
dh,idai-pactols,mosaic-2026,[],[],"[""skos:Concept""]",http://thesauri.dainst.org/_d321ff61,=,0.0,https://ark.frantiq.fr/ark:/26678/pcrtgWbicZTgZe,[],[],"[""skos:Concept""]",true,false negative
dh,idai-pactols,mosaic-2026,[],[],"[""skos:Concept""]",http://thesauri.dainst.org/_af2f2dad,=,0.0,https://ark.frantiq.fr/ark:/26678/pcrtVgXu5JJGUg,[],[],"[""skos:Concept""]",true,false negative
dh,idai-pactols,mosaic-2026,[],[],"[""skos:Concept""]",http://thesauri.dainst.org/_c40b4a1d,=,0.0,https://ark.frantiq.fr/ark:/26678/pcrtrMvNrtSOHs,[],[],"[""skos:Concept""]",true,false negative
dh,idai-pactols,mosaic-2026,[],[],"[""skos:Concept""]",http://thesauri.dainst.org/_4688b7a6,=,1.0,https://ark.frantiq.fr/ark:/26678/pcrtF9P4mbuyGk,[],[],"[""skos:Concept""]",true,true positive
dh,idai-pactols,mosaic-2026,[],[],"[""skos:Concept""]",http://thesauri.dainst.org/_7020590d,=,1.0,https://ark.frantiq.fr/ark:/26678/pcrt9PJh9aTXv4,[],[],"[""skos:Concept""]",false,false positive
dh,idai-pactols,mosaic-2026,[],[],"[""skos:Concept""]",http://thesauri.dainst.org/_5b640e14,=,0.8086,https://ark.frantiq.fr/ark:/26678/pcrt9WXX2cWeOQ,[],[],"[""skos:Concept""]",false,false positive
dh,idai-pactols,mosaic-2026,[],[],"[""skos:Concept""]",http://thesauri.dainst.org/_49517e78,=,0.0,https://ark.frantiq.fr/ark:/26678/pcrt36pke8yWxW,[],[],"[""skos:Concept""]",true,false negative
dh,idai-pactols,mosaic-2026,[],[],"[""skos:Concept""]",http://thesauri.dainst.org/_8b38cf01,=,0.0,https://ark.frantiq.fr/ark:/26678/pcrt0Krn6QJlhU,[],[],"[""skos:Concept""]",true,false negative
dh,idai-pactols,mosaic-2026,[],[],"[""skos:Concept""]",http://thesauri.dainst.org/_f09b41b4,=,1.0,https://ark.frantiq.fr/ark:/26678/pcrt0Krn6QJlhU,[],[],"[""skos:Concept""]",true,true positive
dh,idai-pactols,mosaic-2026,[],[],"[""skos:Concept""]",http://thesauri.dainst.org/_dafb0ad8,=,0.0,https://ark.frantiq.fr/ark:/26678/pcrtfOjLfceAZ0,[],[],"[""skos:Concept""]",true,false negative
dh,idai-pactols,mosaic-2026,[],[],"[""skos:Concept""]",http://thesauri.dainst.org/_d3b9f438,=,0.0,https://ark.frantiq.fr/ark:/26678/pcrtKZYwYOkWlK,[],[],"[""skos:Concept""]",true,false negative
dh,idai-pactols,mosaic-2026,[],[],"[""skos:Concept""]",http://thesauri.dainst.org/_1adf0150,=,0.0,https://ark.frantiq.fr/ark:/26678/pcrtpbgzj4c0da,[],[],"[""skos:Concept""]",true,false negative
dh,idai-pactols,mosaic-2026,[],[],"[""skos:Concept""]",http://thesauri.dainst.org/_2c06eae5,=,0.0,https://ark.frantiq.fr/ark:/26678/pcrtJUwAaZ7Nz9,[],[],"[""skos:Concept""]",true,false negative
dh,idai-pactols,mosaic-2026,[],[],"[""skos:Concept""]",http://thesauri.dainst.org/_a9e10cab,=,0.0,https://ark.frantiq.fr/ark:/26678/pcrtp5Wcpmp9I3,[],[],"[""skos:Concept""]",true,false negative
dh,idai-pactols,mosaic-2026,[],[],"[""skos:Concept""]",http://thesauri.dainst.org/_3ec72d64,=,0.0,https://ark.frantiq.fr/ark:/26678/pcrt7UXeYrS8Nb,[],[],"[""skos:Concept""]",true,false negative
dh,oeai-parthenos,mosaic-2026,[],[],"[""skos:Concept""]",https://vocabs.acdh.oeaw.ac.at/oeai-cultural-periods/concept23315,=,0.8122,https://isl.ics.forth.gr/parthenos_vocabularies/Concept/7211,[],[],"[""skos:Concept""]",false,false positive
dh,oeai-parthenos,mosaic-2026,[],[],"[""skos:Concept""]",https://vocabs.acdh.oeaw.ac.at/oeai-cultural-periods/concept23194,=,1.0,https://isl.ics.forth.gr/parthenos_vocabularies/Concept/7215,[],[],"[""skos:Concept""]",true,true positive
dh,oeai-parthenos,mosaic-2026,[],[],"[""skos:Concept""]",https://vocabs.acdh.oeaw.ac.at/oeai-cultural-periods/concept23558,=,1.0,https://isl.ics.forth.gr/parthenos_vocabularies/Concept/7118,[],[],"[""skos:Concept""]",true,true positive
dh,oeai-parthenos,mosaic-2026,[],[],"[""skos:Concept""]",https://vocabs.acdh.oeaw.ac.at/oeai-cultural-periods/concept23560,=,1.0,https://isl.ics.forth.gr/parthenos_vocabularies/Concept/7107,[],[],"[""skos:Concept""]",true,true positive
dh,oeai-parthenos,mosaic-2026,[],[],"[""skos:Concept""]",https://vocabs.acdh.oeaw.ac.at/oeai-cultural-periods/concept23544,=,1.0,https://isl.ics.forth.gr/parthenos_vocabularies/Concept/7188,[],[],"[""skos:Concept""]",true,true positive
dh,oeai-parthenos,mosaic-2026,[],[],"[""skos:Concept""]",https://vocabs.acdh.oeaw.ac.at/oeai-cultural-periods/concept23503,=,0.8829,https://isl.ics.forth.gr/parthenos_vocabularies/Concept/7249,[],[],"[""skos:Concept""]",true,true positive
dh,oeai-parthenos,mosaic-2026,[],[],"[""skos:Concept""]",https://vocabs.acdh.oeaw.ac.at/oeai-cultural-periods/concept23317,=,0.0,https://isl.ics.forth.gr/parthenos_vocabularies/Concept/7115,[],[],"[""skos:Concept""]",true,false negative
dh,oeai-parthenos,mosaic-2026,[],[],"[""skos:Concept""]",https://vocabs.acdh.oeaw.ac.at/oeai-cultural-periods/concept23559,=,0.0,https://isl.ics.forth.gr/parthenos_vocabularies/Concept/7227,[],[],"[""skos:Concept""]",true,false negative
dh,oeai-parthenos,mosaic-2026,[],[],"[""skos:Concept""]",https://vocabs.acdh.oeaw.ac.at/oeai-cultural-periods/concept23273,=,1.0,https://isl.ics.forth.gr/parthenos_vocabularies/Concept/7247,[],[],"[""skos:Concept""]",true,true positive
dh,oeai-parthenos,mosaic-2026,[],[],"[""skos:Concept""]",https://vocabs.acdh.oeaw.ac.at/oeai-cultural-periods/concept23543,=,0.0,https://isl.ics.forth.gr/parthenos_vocabularies/Concept/7243,[],[],"[""skos:Concept""]",true,false negative
dh,oeai-parthenos,mosaic-2026,[],[],"[""skos:Concept""]",https://vocabs.acdh.oeaw.ac.at/oeai-cultural-periods/concept23531,=,0.0,https://isl.ics.forth.gr/parthenos_vocabularies/Concept/7246,[],[],"[""skos:Concept""]",true,false negative
dh,oeai-parthenos,mosaic-2026,[],[],"[""skos:Concept""]",https://vocabs.acdh.oeaw.ac.at/oeai-cultural-periods/concept23226,=,1.0,https://isl.ics.forth.gr/parthenos_vocabularies/Concept/7238,[],[],"[""skos:Concept""]",true,true positive
dh,oeai-parthenos,mosaic-2026,[],[],"[""skos:Concept""]",https://vocabs.acdh.oeaw.ac.at/oeai-cultural-periods/concept23545,=,0.9595,https://isl.ics.forth.gr/parthenos_vocabularies/Concept/7178,[],[],"[""skos:Concept""]",false,false positive
dh,oeai-parthenos,mosaic-2026,[],[],"[""skos:Concept""]",https://vocabs.acdh.oeaw.ac.at/oeai-cultural-periods/concept23253,=,0.8702,https://isl.ics.forth.gr/parthenos_vocabularies/Concept/7180,[],[],"[""skos:Concept""]",false,false positive
dh,oeai-parthenos,mosaic-2026,[],[],"[""skos:Concept""]",https://vocabs.acdh.oeaw.ac.at/oeai-cultural-periods/concept23276,=,1.0,https://isl.ics.forth.gr/parthenos_vocabularies/Concept/7147,[],[],"[""skos:Concept""]",true,true positive
dh,oeai-parthenos,mosaic-2026,[],[],"[""skos:Concept""]",https://vocabs.acdh.oeaw.ac.at/oeai-cultural-periods/concept23316,=,0.0,https://isl.ics.forth.gr/parthenos_vocabularies/Concept/7237,[],[],"[""skos:Concept""]",true,false negative
dh,oeai-parthenos,mosaic-2026,[],[],"[""skos:Concept""]",https://vocabs.acdh.oeaw.ac.at/oeai-cultural-periods/concept23247,=,0.822,https://isl.ics.forth.gr/parthenos_vocabularies/Concept/7222,[],[],"[""skos:Concept""]",false,false positive
dh,oeai-parthenos,mosaic-2026,[],[],"[""skos:Concept""]",https://vocabs.acdh.oeaw.ac.at/oeai-cultural-periods/concept23316,=,0.0,https://isl.ics.forth.gr/parthenos_vocabularies/Concept/7169,[],[],"[""skos:Concept""]",true,false negative
dh,oeai-parthenos,mosaic-2026,[],[],"[""skos:Concept""]",https://vocabs.acdh.oeaw.ac.at/oeai-cultural-periods/concept23279,=,0.7928,https://isl.ics.forth.gr/parthenos_vocabularies/Concept/7183,[],[],"[""skos:Concept""]",false,false positive
dh,oeai-parthenos,mosaic-2026,[],[],"[""skos:Concept""]",https://vocabs.acdh.oeaw.ac.at/oeai-cultural-periods/concept23247,=,0.0,https://isl.ics.forth.gr/parthenos_vocabularies/Concept/7189,[],[],"[""skos:Concept""]",true,false negative
dh,oeai-parthenos,mosaic-2026,[],[],"[""skos:Concept""]",https://vocabs.acdh.oeaw.ac.at/oeai-cultural-periods/concept23536,=,0.0,https://isl.ics.forth.gr/parthenos_vocabularies/Concept/7087,[],[],"[""skos:Concept""]",true,false negative
dh,oeai-parthenos,mosaic-2026,[],[],"[""skos:Concept""]",https://vocabs.acdh.oeaw.ac.at/oeai-cultural-periods/concept23244,=,0.0,https://isl.ics.forth.gr/parthenos_vocabularies/Concept/7268,[],[],"[""skos:Concept""]",true,false negative
dh,oeai-parthenos,mosaic-2026,[],[],"[""skos:Concept""]",https://vocabs.acdh.oeaw.ac.at/oeai-cultural-periods/concept23317,=,0.0,https://isl.ics.forth.gr/parthenos_vocabularies/Concept/7199,[],[],"[""skos:Concept""]",true,false negative
dh,oeai-parthenos,mosaic-2026,[],[],"[""skos:Concept""]",https://vocabs.acdh.oeaw.ac.at/oeai-cultural-periods/concept23315,=,0.0,https://isl.ics.forth.gr/parthenos_vocabularies/Concept/7116,[],[],"[""skos:Concept""]",true,false negative
dh,oeai-parthenos,mosaic-2026,[],[],"[""skos:Concept""]",https://vocabs.acdh.oeaw.ac.at/oeai-cultural-periods/concept23243,=,1.0,https://isl.ics.forth.gr/parthenos_vocabularies/Concept/7146,[],[],"[""skos:Concept""]",true,true positive
dh,oeai-parthenos,mosaic-2026,[],[],"[""skos:Concept""]",https://vocabs.acdh.oeaw.ac.at/oeai-cultural-periods/concept23498,=,1.0,https://isl.ics.forth.gr/parthenos_vocabularies/Concept/7171,[],[],"[""skos:Concept""]",true,true positive
dh,oeai-parthenos,mosaic-2026,[],[],"[""skos:Concept""]",https://vocabs.acdh.oeaw.ac.at/oeai-cultural-periods/concept23260,=,1.0,https://isl.ics.forth.gr/parthenos_vocabularies/Concept/7239,[],[],"[""skos:Concept""]",true,true positive
dh,oeai-parthenos,mosaic-2026,[],[],"[""skos:Concept""]",https://vocabs.acdh.oeaw.ac.at/oeai-cultural-periods/concept23516,=,0.8462,https://isl.ics.forth.gr/parthenos_vocabularies/Concept/7264,[],[],"[""skos:Concept""]",false,false positive
dh,oeai-parthenos,mosaic-2026,[],[],"[""skos:Concept""]",https://vocabs.acdh.oeaw.ac.at/oeai-cultural-periods/concept23553,=,0.8298,https://isl.ics.forth.gr/parthenos_vocabularies/Concept/7142,[],[],"[""skos:Concept""]",true,true positive
dh,oeai-parthenos,mosaic-2026,[],[],"[""skos:Concept""]",https://vocabs.acdh.oeaw.ac.at/oeai-cultural-periods/concept23528,=,1.0,https://isl.ics.forth.gr/parthenos_vocabularies/Concept/7099,[],[],"[""skos:Concept""]",true,true positive
dh,oeai-parthenos,mosaic-2026,[],[],"[""skos:Concept""]",https://vocabs.acdh.oeaw.ac.at/oeai-cultural-periods/concept23318,=,0.8569,https://isl.ics.forth.gr/parthenos_vocabularies/Concept/7125,[],[],"[""skos:Concept""]",true,true positive
dh,oeai-parthenos,mosaic-2026,[],[],"[""skos:Concept""]",https://vocabs.acdh.oeaw.ac.at/oeai-cultural-periods/concept23557,=,0.8367,https://isl.ics.forth.gr/parthenos_vocabularies/Concept/7122,[],[],"[""skos:Concept""]",false,false positive
dh,oeai-parthenos,mosaic-2026,[],[],"[""skos:Concept""]",https://vocabs.acdh.oeaw.ac.at/oeai-cultural-periods/concept23320,=,0.8077,https://isl.ics.forth.gr/parthenos_vocabularies/Concept/7120,[],[],"[""skos:Concept""]",false,false positive
dh,oeai-parthenos,mosaic-2026,[],[],"[""skos:Concept""]",https://vocabs.acdh.oeaw.ac.at/oeai-cultural-periods/concept23546,=,1.0,https://isl.ics.forth.gr/parthenos_vocabularies/Concept/7184,[],[],"[""skos:Concept""]",true,true positive
dh,oeai-parthenos,mosaic-2026,[],[],"[""skos:Concept""]",https://vocabs.acdh.oeaw.ac.at/oeai-cultural-periods/concept23316,=,0.8043,https://isl.ics.forth.gr/parthenos_vocabularies/Concept/7236,[],[],"[""skos:Concept""]",false,false positive
dh,oeai-parthenos,mosaic-2026,[],[],"[""skos:Concept""]",https://vocabs.acdh.oeaw.ac.at/oeai-cultural-periods/concept23514,=,1.0,https://isl.ics.forth.gr/parthenos_vocabularies/Concept/7200,[],[],"[""skos:Concept""]",true,true positive
dh,oeai-parthenos,mosaic-2026,[],[],"[""skos:Concept""]",https://vocabs.acdh.oeaw.ac.at/oeai-cultural-periods/concept23525,=,0.9207,https://isl.ics.forth.gr/parthenos_vocabularies/Concept/7149,[],[],"[""skos:Concept""]",false,false positive
dh,oeai-parthenos,mosaic-2026,[],[],"[""skos:Concept""]",https://vocabs.acdh.oeaw.ac.at/oeai-cultural-periods/concept23516,=,0.0,https://isl.ics.forth.gr/parthenos_vocabularies/Concept/7225,[],[],"[""skos:Concept""]",true,false negative
dh,oeai-parthenos,mosaic-2026,[],[],"[""skos:Concept""]",https://vocabs.acdh.oeaw.ac.at/oeai-cultural-periods/concept23319,=,0.8147,https://isl.ics.forth.gr/parthenos_vocabularies/Concept/7155,[],[],"[""skos:Concept""]",false,false positive
dh,oeai-parthenos,mosaic-2026,[],[],"[""skos:Concept""]",https://vocabs.acdh.oeaw.ac.at/oeai-cultural-periods/concept23317,=,0.8002,https://isl.ics.forth.gr/parthenos_vocabularies/Concept/7103,[],[],"[""skos:Concept""]",false,false positive
dh,oeai-parthenos,mosaic-2026,[],[],"[""skos:Concept""]",https://vocabs.acdh.oeaw.ac.at/oeai-cultural-periods/concept23225,=,1.0,https://isl.ics.forth.gr/parthenos_vocabularies/Concept/7094,[],[],"[""skos:Concept""]",true,true positive
dh,oeai-parthenos,mosaic-2026,[],[],"[""skos:Concept""]",https://vocabs.acdh.oeaw.ac.at/oeai-cultural-periods/concept23515,=,0.798,https://isl.ics.forth.gr/parthenos_vocabularies/Concept/7166,[],[],"[""skos:Concept""]",false,false positive
dh,oeai-parthenos,mosaic-2026,[],[],"[""skos:Concept""]",https://vocabs.acdh.oeaw.ac.at/oeai-cultural-periods/concept23274,=,1.0,https://isl.ics.forth.gr/parthenos_vocabularies/Concept/7194,[],[],"[""skos:Concept""]",true,true positive
dh,oeai-parthenos,mosaic-2026,[],[],"[""skos:Concept""]",https://vocabs.acdh.oeaw.ac.at/oeai-cultural-periods/concept23275,=,0.0,https://isl.ics.forth.gr/parthenos_vocabularies/Concept/7216,[],[],"[""skos:Concept""]",true,false negative
dh,oeai-parthenos,mosaic-2026,[],[],"[""skos:Concept""]",https://vocabs.acdh.oeaw.ac.at/oeai-cultural-periods/concept23532,=,1.0,https://isl.ics.forth.gr/parthenos_vocabularies/Concept/7179,[],[],"[""skos:Concept""]",true,true positive
dh,oeai-parthenos,mosaic-2026,[],[],"[""skos:Concept""]",https://vocabs.acdh.oeaw.ac.at/oeai-cultural-periods/concept23251,=,0.0,https://isl.ics.forth.gr/parthenos_vocabularies/Concept/7208,[],[],"[""skos:Concept""]",true,false negative
dh,oeai-parthenos,mosaic-2026,[],[],"[""skos:Concept""]",https://vocabs.acdh.oeaw.ac.at/oeai-cultural-periods/concept23256,=,1.0,https://isl.ics.forth.gr/parthenos_vocabularies/Concept/7130,[],[],"[""skos:Concept""]",true,true positive
dh,oeai-parthenos,mosaic-2026,[],[],"[""skos:Concept""]",https://vocabs.acdh.oeaw.ac.at/oeai-cultural-periods/concept23315,=,0.0,https://isl.ics.forth.gr/parthenos_vocabularies/Concept/7152,[],[],"[""skos:Concept""]",true,false negative
dh,oeai-parthenos,mosaic-2026,[],[],"[""skos:Concept""]",https://vocabs.acdh.oeaw.ac.at/oeai-cultural-periods/concept23271,=,0.8509,https://isl.ics.forth.gr/parthenos_vocabularies/Concept/7140,[],[],"[""skos:Concept""]",true,true positive
dh,oeai-parthenos,mosaic-2026,[],[],"[""skos:Concept""]",https://vocabs.acdh.oeaw.ac.at/oeai-cultural-periods/concept23522,=,1.0,https://isl.ics.forth.gr/parthenos_vocabularies/Concept/7224,[],[],"[""skos:Concept""]",true,true positive
dh,oeai-parthenos,mosaic-2026,[],[],"[""skos:Concept""]",https://vocabs.acdh.oeaw.ac.at/oeai-cultural-periods/concept23495,=,1.0,https://isl.ics.forth.gr/parthenos_vocabularies/Concept/7172,[],[],"[""skos:Concept""]",true,true positive
dh,oeai-parthenos,mosaic-2026,[],[],"[""skos:Concept""]",https://vocabs.acdh.oeaw.ac.at/oeai-cultural-periods/concept23530,=,1.0,https://isl.ics.forth.gr/parthenos_vocabularies/Concept/7219,[],[],"[""skos:Concept""]",true,true positive
dh,oeai-parthenos,mosaic-2026,[],[],"[""skos:Concept""]",https://vocabs.acdh.oeaw.ac.at/oeai-cultural-periods/concept23314,=,1.0,https://isl.ics.forth.gr/parthenos_vocabularies/Concept/7114,[],[],"[""skos:Concept""]",true,true positive
dh,oeai-parthenos,mosaic-2026,[],[],"[""skos:Concept""]",https://vocabs.acdh.oeaw.ac.at/oeai-cultural-periods/concept23195,=,1.0,https://isl.ics.forth.gr/parthenos_vocabularies/Concept/7221,[],[],"[""skos:Concept""]",true,true positive
dh,oeai-parthenos,mosaic-2026,[],[],"[""skos:Concept""]",https://vocabs.acdh.oeaw.ac.at/oeai-cultural-periods/concept23272,=,1.0,https://isl.ics.forth.gr/parthenos_vocabularies/Concept/7266,[],[],"[""skos:Concept""]",true,true positive
dh,oeai-parthenos,mosaic-2026,[],[],"[""skos:Concept""]",https://vocabs.acdh.oeaw.ac.at/oeai-cultural-periods/concept23502,=,0.8206,https://isl.ics.forth.gr/parthenos_vocabularies/Concept/7233,[],[],"[""skos:Concept""]",true,true positive
dh,oeai-parthenos,mosaic-2026,[],[],"[""skos:Concept""]",https://vocabs.acdh.oeaw.ac.at/oeai-cultural-periods/concept23536,=,0.8356,https://isl.ics.forth.gr/parthenos_vocabularies/Concept/7271,[],[],"[""skos:Concept""]",false,false positive
dh,oeai-parthenos,mosaic-2026,[],[],"[""skos:Concept""]",https://vocabs.acdh.oeaw.ac.at/oeai-cultural-periods/concept23531,=,1.0,https://isl.ics.forth.gr/parthenos_vocabularies/Concept/7207,[],[],"[""skos:Concept""]",true,true positive
dh,oeai-parthenos,mosaic-2026,[],[],"[""skos:Concept""]",https://vocabs.acdh.oeaw.ac.at/oeai-cultural-periods/concept23196,=,1.0,https://isl.ics.forth.gr/parthenos_vocabularies/Concept/7139,[],[],"[""skos:Concept""]",true,true positive
dh,oeai-parthenos,mosaic-2026,[],[],"[""skos:Concept""]",https://vocabs.acdh.oeaw.ac.at/oeai-cultural-periods/concept23545,=,0.0,https://isl.ics.forth.gr/parthenos_vocabularies/Concept/7145,[],[],"[""skos:Concept""]",true,false negative
dh,oeai-parthenos,mosaic-2026,[],[],"[""skos:Concept""]",https://vocabs.acdh.oeaw.ac.at/oeai-cultural-periods/concept23195,=,0.0,https://isl.ics.forth.gr/parthenos_vocabularies/Concept/7236,[],[],"[""skos:Concept""]",true,false negative
dh,defc-pactols,mosaic-2026,[],[],"[""skos:Concept""]",https://vocabs.acdh.oeaw.ac.at/defcthesaurus/tell/4.2,=,1.0,https://ark.frantiq.fr/ark:/26678/pcrtx4sFxmENjb,[],[],"[""skos:Concept""]",true,true positive
dh,defc-pactols,mosaic-2026,[],[],"[""skos:Concept""]",https://vocabs.acdh.oeaw.ac.at/defcthesaurus/pit/5.4,=,1.0,https://ark.frantiq.fr/ark:/26678/pcrtms2OAv82PY,[],[],"[""skos:Concept""]",true,true positive
dh,defc-pactols,mosaic-2026,[],[],"[""skos:Concept""]",https://vocabs.acdh.oeaw.ac.at/defcthesaurus/cairn/5.8,=,1.0,https://ark.frantiq.fr/ark:/26678/pcrtAqKgmvERHQ,[],[],"[""skos:Concept""]",true,true positive
dh,defc-pactols,mosaic-2026,[],[],"[""skos:Concept""]",https://vocabs.acdh.oeaw.ac.at/defcthesaurus/cave/3.1,=,1.0,https://ark.frantiq.fr/ark:/26678/pcrtxKnfzXYMxK,[],[],"[""skos:Concept""]",true,true positive
dh,defc-pactols,mosaic-2026,[],[],"[""skos:Concept""]",https://vocabs.acdh.oeaw.ac.at/defcthesaurus/ritual/4.079,=,0.7856,https://ark.frantiq.fr/ark:/26678/pcrthcbe2XySTb,[],[],"[""skos:Concept""]",false,false positive
dh,defc-pactols,mosaic-2026,[],[],"[""skos:Concept""]",https://vocabs.acdh.oeaw.ac.at/defcthesaurus/waste_pit/5.20,=,0.0,https://ark.frantiq.fr/ark:/26678/pcrtp5Wcpmp9I3,[],[],"[""skos:Concept""]",true,false negative
dh,defc-pactols,mosaic-2026,[],[],"[""skos:Concept""]",https://vocabs.acdh.oeaw.ac.at/defcthesaurus/rock_shelter/3.2,=,1.0,https://ark.frantiq.fr/ark:/26678/pcrtkeLpJpVN4t,[],[],"[""skos:Concept""]",true,true positive
dh,defc-pactols,mosaic-2026,[],[],"[""skos:Concept""]",https://vocabs.acdh.oeaw.ac.at/defcthesaurus/pile_dwelling/5.4,=,1.0,https://ark.frantiq.fr/ark:/26678/pcrt5MQsnfNDTD,[],[],"[""skos:Concept""]",true,true positive
dh,defc-pactols,mosaic-2026,[],[],"[""skos:Concept""]",https://vocabs.acdh.oeaw.ac.at/defcthesaurus/settlement_enclosure/4.073,=,0.0,https://ark.frantiq.fr/ark:/26678/pcrtKei7jxhn32,[],[],"[""skos:Concept""]",true,false negative
dh,defc-pactols,mosaic-2026,[],[],"[""skos:Concept""]",https://vocabs.acdh.oeaw.ac.at/defcthesaurus/hearth/5.3,=,1.0,https://ark.frantiq.fr/ark:/26678/pcrtJUwAaZ7Nz9,[],[],"[""skos:Concept""]",true,true positive
dh,defc-pactols,mosaic-2026,[],[],"[""skos:Concept""]",https://vocabs.acdh.oeaw.ac.at/defcthesaurus/fireplace/5.1,=,0.0,https://ark.frantiq.fr/ark:/26678/pcrtJUwAaZ7Nz9,[],[],"[""skos:Concept""]",true,false negative
dh,defc-pactols,mosaic-2026,[],[],"[""skos:Concept""]",https://vocabs.acdh.oeaw.ac.at/defcthesaurus/enclosure_ditch/5.1,=,0.8027,https://ark.frantiq.fr/ark:/26678/pcrtKei7jxhn32,[],[],"[""skos:Concept""]",false,false positive
dh,tadirah-unesco,mosaic-2026,[],[],"[""owl:NamedIndividual"",""skos:Concept""]",https://vocabs.dariah.eu/tadirah/videoConference,=,0.7821,http://vocabularies.unesco.org/thesaurus/concept6218,[],[],"[""skos:Concept""]",false,false positive
dh,tadirah-unesco,mosaic-2026,[],[],"[""owl:NamedIndividual"",""skos:Concept""]",https://vocabs.dariah.eu/tadirah/archiving,=,0.7995,http://vocabularies.unesco.org/thesaurus/concept2745,[],[],"[""skos:Concept""]",false,false positive
dh,tadirah-unesco,mosaic-2026,[],[],"[""owl:NamedIndividual"",""skos:Concept""]",https://vocabs.dariah.eu/tadirah/videoCapture,=,0.0,http://vocabularies.unesco.org/thesaurus/concept3354,[],[],"[""skos:Concept""]",true,false negative
dh,tadirah-unesco,mosaic-2026,[],[],"[""owl:NamedIndividual"",""skos:Concept""]",https://vocabs.dariah.eu/tadirah/searching,=,0.8063,http://vocabularies.unesco.org/thesaurus/concept4479,[],[],"[""skos:Concept""]",false,false positive
dh,tadirah-unesco,mosaic-2026,[],[],"[""owl:NamedIndividual"",""skos:Concept""]",https://vocabs.dariah.eu/tadirah/recording,=,0.9555,http://vocabularies.unesco.org/thesaurus/concept505,[],[],"[""skos:Concept""]",true,true positive
dh,tadirah-unesco,mosaic-2026,[],[],"[""owl:NamedIndividual"",""skos:Concept""]",https://vocabs.dariah.eu/tadirah/drawing,=,0.0,http://vocabularies.unesco.org/thesaurus/concept4716,[],[],"[""skos:Concept""]",true,false negative
dh,tadirah-unesco,mosaic-2026,[],[],"[""owl:NamedIndividual"",""skos:Concept""]",https://vocabs.dariah.eu/tadirah/disseminating,=,0.0,http://vocabularies.unesco.org/thesaurus/concept512,[],[],"[""skos:Concept""]",true,false negative
dh,tadirah-unesco,mosaic-2026,[],[],"[""owl:NamedIndividual"",""skos:Concept""]",https://vocabs.dariah.eu/tadirah/informationRetrieval,=,1.0,http://vocabularies.unesco.org/thesaurus/concept514,[],[],"[""skos:Concept""]",true,true positive
dh,tadirah-unesco,mosaic-2026,[],[],"[""owl:NamedIndividual"",""skos:Concept""]",https://vocabs.dariah.eu/tadirah/cataloging,=,0.8642,http://vocabularies.unesco.org/thesaurus/concept3799,[],[],"[""skos:Concept""]",true,true positive
dh,tadirah-unesco,mosaic-2026,[],[],"[""owl:NamedIndividual"",""skos:Concept""]",https://vocabs.dariah.eu/tadirah/publishing,=,1.0,http://vocabularies.unesco.org/thesaurus/concept3810,[],[],"[""skos:Concept""]",true,true positive
dh,tadirah-unesco,mosaic-2026,[],[],"[""owl:NamedIndividual"",""skos:Concept""]",https://vocabs.dariah.eu/tadirah/writing,=,1.0,http://vocabularies.unesco.org/thesaurus/concept5829,[],[],"[""skos:Concept""]",true,true positive
dh,tadirah-unesco,mosaic-2026,[],[],"[""owl:NamedIndividual"",""skos:Concept""]",https://vocabs.dariah.eu/tadirah/programming,=,0.0,http://vocabularies.unesco.org/thesaurus/concept521,[],[],"[""skos:Concept""]",true,false negative
dh,tadirah-unesco,mosaic-2026,[],[],"[""owl:NamedIndividual"",""skos:Concept""]",https://vocabs.dariah.eu/tadirah/digitalPublishing,=,0.0,http://vocabularies.unesco.org/thesaurus/concept6021,[],[],"[""skos:Concept""]",true,false negative
dh,tadirah-unesco,mosaic-2026,[],[],"[""owl:NamedIndividual"",""skos:Concept""]",https://vocabs.dariah.eu/tadirah/patternRecognition,=,1.0,http://vocabularies.unesco.org/thesaurus/concept3054,[],[],"[""skos:Concept""]",true,true positive
dh,tadirah-unesco,mosaic-2026,[],[],"[""owl:NamedIndividual"",""skos:Concept""]",https://vocabs.dariah.eu/tadirah/webDevelopment,=,0.7864,http://vocabularies.unesco.org/thesaurus/concept17140,[],[],"[""skos:Concept""]",false,false positive
dh,tadirah-unesco,mosaic-2026,[],[],"[""owl:NamedIndividual"",""skos:Concept""]",https://vocabs.dariah.eu/tadirah/audioRecording,=,0.8095,http://vocabularies.unesco.org/thesaurus/concept9812,[],[],"[""skos:Concept""]",true,true positive
dh,tadirah-unesco,mosaic-2026,[],[],"[""owl:NamedIndividual"",""skos:Concept""]",https://vocabs.dariah.eu/tadirah/encoding,=,1.0,http://vocabularies.unesco.org/thesaurus/concept5530,[],[],"[""skos:Concept""]",true,true positive
dh,tadirah-unesco,mosaic-2026,[],[],"[""owl:NamedIndividual"",""skos:Concept""]",https://vocabs.dariah.eu/tadirah/opticalCharacterRecognition,=,0.0,http://vocabularies.unesco.org/thesaurus/concept4954,[],[],"[""skos:Concept""]",true,false negative
dh,tadirah-unesco,mosaic-2026,[],[],"[""owl:NamedIndividual"",""skos:Concept""]",https://vocabs.dariah.eu/tadirah/editing,=,1.0,http://vocabularies.unesco.org/thesaurus/concept4200,[],[],"[""skos:Concept""]",true,true positive
