Type,Precision (P),Recall (R),Residual Recall (R+),F1,"# of TP","# of FP","# of FN","# of Correspondences",Time,Time (HH:MM:SS)
ALL,0.4,0.7058823529411765,0.7058823529411765,0.5106382978723405,12,18,5,30,2980348534,00:00:02
CLASSES,0.0,0.0,0.0,0.0,0,0,0,0,-,-
PROPERTIES,0.0,0.0,0.0,0.0,0,0,0,0,-,-
INSTANCES,0.4,0.7058823529411765,0.7058823529411765,0.5106382978723405,12,18,5,30,-,-
