Type,Precision (P),Recall (R),Residual Recall (R+),F1,"# of TP","# of FP","# of FN","# of Correspondences",Time,Time (HH:MM:SS)
ALL,0.3076923076923077,0.23529411764705882,0.23529411764705882,0.26666666666666666,4,9,13,13,4184257175,00:00:04
CLASSES,0.0,0.0,0.0,0.0,0,0,0,0,-,-
PROPERTIES,0.0,0.0,0.0,0.0,0,0,0,0,-,-
INSTANCES,0.3076923076923077,0.23529411764705882,0.23529411764705882,0.26666666666666666,4,9,13,13,-,-
