Type,Precision (P),Recall (R),Residual Recall (R+),F1,"# of TP","# of FP","# of FN","# of Correspondences",Time,Time (HH:MM:SS)
ALL,1.0,0.17307692307692307,0.17307692307692307,0.29508196721311475,9,0,43,9,1014831595,00:00:01
CLASSES,0.0,0.0,0.0,0.0,0,0,0,0,-,-
PROPERTIES,0.0,0.0,0.0,0.0,0,0,0,0,-,-
INSTANCES,1.0,0.17307692307692307,0.17307692307692307,0.29508196721311475,9,0,43,9,-,-
