Type,Macro Precision (P),Macro Recall (R),Residual Macro Recall (R+),Macro F1,Micro Precision (P),Micro Recall (R),Residual Micro Recall (R+),Micro F1,"# of TP","# of Residual TP","# of FP","# of FN","# of Correspondences",Total Runtime,Total Runtime (HH:MM:SS)
ALL,0.6800751879699248,0.6449762924809859,0.6449762924809859,0.6063863360612664,0.6818181818181818,0.5357142857142857,0.5357142857142857,0.6,90,90,42,78,132,11981786448,00:00:11
CLASSES,0.0,0.0,0.0,0.0,0.0,0.0,0.0,0.0,0,0,0,0,0,-,-
PROPERTIES,0.0,0.0,0.0,0.0,0.0,0.0,0.0,0.0,0,0,0,0,0,-,-
INSTANCES,0.6800751879699248,0.6449762924809859,0.6449762924809859,0.6063863360612662,0.6818181818181818,0.5357142857142857,0.5357142857142857,0.6,90,90,42,78,132,-,-
