Type,Precision (P),Recall (R),Residual Recall (R+),F1,"# of TP","# of FP","# of FN","# of Correspondences",Time,Time (HH:MM:SS)
ALL,0.47619047619047616,0.6666666666666666,0.6666666666666666,0.5555555555555556,10,11,5,21,3210720410,00:00:03
CLASSES,0.0,0.0,0.0,0.0,0,0,0,0,-,-
PROPERTIES,0.0,0.0,0.0,0.0,0,0,0,0,-,-
INSTANCES,0.47619047619047616,0.6666666666666666,0.6666666666666666,0.5555555555555556,10,11,5,21,-,-
