Type,Precision (P),Recall (R),Residual Recall (R+),F1,"# of TP","# of FP","# of FN","# of Correspondences",Time,Time (HH:MM:SS)
ALL,0.7,0.2692307692307692,0.2692307692307692,0.3888888888888889,14,6,38,20,642046582,00:00:00
CLASSES,0.0,0.0,0.0,0.0,0,0,0,0,-,-
PROPERTIES,0.0,0.0,0.0,0.0,0,0,0,0,-,-
INSTANCES,0.7,0.2692307692307692,0.2692307692307692,0.3888888888888889,14,6,38,20,-,-
