Type,Macro Precision (P),Macro Recall (R),Residual Macro Recall (R+),Macro F1,Micro Precision (P),Micro Recall (R),Residual Micro Recall (R+),Micro F1,"# of TP","# of Residual TP","# of FP","# of FN","# of Correspondences",Total Runtime,Total Runtime (HH:MM:SS)
ALL,0.3861609572775666,0.8224393071467538,0.822439307146754,0.4765895622302945,0.38263665594855306,0.7083333333333334,0.7083333333333334,0.49686847599164924,119,119,192,49,311,13147572323,00:00:13
CLASSES,0.0,0.0,0.0,0.0,0.0,0.0,0.0,0.0,0,0,0,0,0,-,-
PROPERTIES,0.0,0.0,0.0,0.0,0.0,0.0,0.0,0.0,0,0,0,0,0,-,-
INSTANCES,0.3861609572775666,0.8224393071467538,0.8224393071467541,0.47658956223029453,0.38263665594855306,0.7083333333333334,0.7083333333333334,0.49686847599164924,119,119,192,49,311,-,-
