Type,Precision (P),Recall (R),Residual Recall (R+),F1,"# of TP","# of FP","# of FN","# of Correspondences",Time,Time (HH:MM:SS)
ALL,1.0,0.6808510638297872,0.6808510638297872,0.810126582278481,32,0,15,32,891310448,00:00:00
CLASSES,0.0,0.0,0.0,0.0,0,0,0,0,-,-
PROPERTIES,0.0,0.0,0.0,0.0,0,0,0,0,-,-
INSTANCES,1.0,0.6808510638297872,0.6808510638297872,0.810126582278481,32,0,15,32,-,-
