Type,Precision (P),Recall (R),Residual Recall (R+),F1,"# of TP","# of FP","# of FN","# of Correspondences",Time,Time (HH:MM:SS)
ALL,0.358974358974359,0.9333333333333333,0.9333333333333333,0.5185185185185185,14,25,1,39,140391653146,00:02:20
CLASSES,0.0,0.0,0.0,0.0,0,0,0,0,-,-
PROPERTIES,0.0,0.0,0.0,0.0,0,0,0,0,-,-
INSTANCES,0.358974358974359,0.9333333333333333,0.9333333333333333,0.5185185185185185,14,25,1,39,-,-
