Type,Precision (P),Recall (R),Residual Recall (R+),F1,"# of TP","# of FP","# of FN","# of Correspondences",Time,Time (HH:MM:SS)
ALL,0.8,0.23076923076923078,0.23076923076923078,0.3582089552238806,12,3,40,15,24036896247,00:00:24
CLASSES,0.0,0.0,0.0,0.0,0,0,0,0,-,-
PROPERTIES,0.0,0.0,0.0,0.0,0,0,0,0,-,-
INSTANCES,0.8,0.23076923076923078,0.23076923076923078,0.3582089552238806,12,3,40,15,-,-
