Type,Precision (P),Recall (R),Residual Recall (R+),F1,"# of TP","# of FP","# of FN","# of Correspondences",Time,Time (HH:MM:SS)
ALL,0.8333333333333334,0.8333333333333334,0.8333333333333334,0.8333333333333334,10,2,2,12,442335410,00:00:00
CLASSES,0.0,0.0,0.0,0.0,0,0,0,0,-,-
PROPERTIES,0.0,0.0,0.0,0.0,0,0,0,0,-,-
INSTANCES,0.8333333333333334,0.8333333333333334,0.8333333333333334,0.8333333333333334,10,2,2,12,-,-
