Type,Precision (P),Recall (R),Residual Recall (R+),F1,"# of TP","# of FP","# of FN","# of Correspondences",Time,Time (HH:MM:SS)
ALL,0.7142857142857143,0.8333333333333334,0.8333333333333334,0.7692307692307692,10,4,2,14,1500801291,00:00:01
CLASSES,0.0,0.0,0.0,0.0,0,0,0,0,-,-
PROPERTIES,0.0,0.0,0.0,0.0,0,0,0,0,-,-
INSTANCES,0.7142857142857143,0.8333333333333334,0.8333333333333334,0.7692307692307692,10,4,2,14,-,-
