Type,Precision (P),Recall (R),Residual Recall (R+),F1,"# of TP","# of FP","# of FN","# of Correspondences",Time,Time (HH:MM:SS)
ALL,0.5263157894736842,0.6666666666666666,0.6666666666666666,0.5882352941176471,10,9,5,19,2200001689,00:00:02
CLASSES,0.0,0.0,0.0,0.0,0,0,0,0,-,-
PROPERTIES,0.0,0.0,0.0,0.0,0,0,0,0,-,-
INSTANCES,0.5263157894736842,0.6666666666666666,0.6666666666666666,0.5882352941176471,10,9,5,19,-,-
