Type,Precision (P),Recall (R),Residual Recall (R+),F1,"# of TP","# of FP","# of FN","# of Correspondences",Time,Time (HH:MM:SS)
ALL,0.8974358974358975,0.7446808510638298,0.7446808510638298,0.813953488372093,35,4,12,39,713397128,00:00:00
CLASSES,0.0,0.0,0.0,0.0,0,0,0,0,-,-
PROPERTIES,0.0,0.0,0.0,0.0,0,0,0,0,-,-
INSTANCES,0.8974358974358975,0.7446808510638298,0.7446808510638298,0.813953488372093,35,4,12,39,-,-
