Type,Precision (P),Recall (R),Residual Recall (R+),F1,"# of TP","# of FP","# of FN","# of Correspondences",Time,Time (HH:MM:SS)
ALL,0.4230769230769231,0.9166666666666666,0.9166666666666666,0.5789473684210527,11,15,1,26,1036806375,00:00:01
CLASSES,0.0,0.0,0.0,0.0,0,0,0,0,-,-
PROPERTIES,0.0,0.0,0.0,0.0,0,0,0,0,-,-
INSTANCES,0.4230769230769231,0.9166666666666666,0.9166666666666666,0.5789473684210527,11,15,1,26,-,-
