Type,Precision (P),Recall (R),Residual Recall (R+),F1,"# of TP","# of FP","# of FN","# of Correspondences",Time,Time (HH:MM:SS)
ALL,0.5060240963855421,0.8936170212765957,0.8936170212765957,0.6461538461538462,42,41,5,83,742053320,00:00:00
CLASSES,0.0,0.0,0.0,0.0,0,0,0,0,-,-
PROPERTIES,0.0,0.0,0.0,0.0,0,0,0,0,-,-
INSTANCES,0.5060240963855421,0.8936170212765957,0.8936170212765957,0.6461538461538462,42,41,5,83,-,-
