Type,Macro Precision (P),Macro Recall (R),Residual Macro Recall (R+),Macro F1,Micro Precision (P),Micro Recall (R),Residual Micro Recall (R+),Micro F1,"# of TP","# of Residual TP","# of FP","# of FN","# of Correspondences",Total Runtime,Total Runtime (HH:MM:SS)
ALL,0.5267857142857143,0.4741429591476526,0.47414295914765253,0.44535692429656043,0.6460176991150443,0.43452380952380953,0.43452380952380953,0.5195729537366548,73,73,40,95,113,17267722623,00:00:17
CLASSES,0.0,0.0,0.0,0.0,0.0,0.0,0.0,0.0,0,0,0,0,0,-,-
PROPERTIES,0.0,0.0,0.0,0.0,0.0,0.0,0.0,0.0,0,0,0,0,0,-,-
INSTANCES,0.5267857142857143,0.47414295914765253,0.47414295914765253,0.44535692429656043,0.6460176991150443,0.43452380952380953,0.43452380952380953,0.5195729537366548,73,73,40,95,113,-,-
